sym,tf,thresh,tp,sl,horizon,rr,fires,fire_pct,trades_mo,wr,ev_trade,monthly_ev,wins,losses,timeouts
BTC/USDT,30m,0.3,0.01,0.008,4,1.2,14965,99.85,1437.9,36.6,-0.007,-10.345,1369,2368,11228
BTC/USDT,30m,0.3,0.01,0.008,6,1.2,14965,99.85,1437.9,37.8,-0.01,-13.802,1989,3272,9704
BTC/USDT,30m,0.3,0.01,0.008,8,1.2,14965,99.85,1437.9,38.9,-0.013,-18.901,2528,3971,8466
BTC/USDT,30m,0.3,0.01,0.008,12,1.2,14965,99.85,1437.9,39.6,-0.02,-29.153,3341,5087,6537
BTC/USDT,30m,0.3,0.01,0.008,16,1.2,14965,99.85,1437.9,40.4,-0.023,-32.41,3958,5834,5173
BTC/USDT,30m,0.3,0.01,0.008,20,1.2,14965,99.85,1437.9,40.8,-0.023,-33.629,4430,6426,4109
BTC/USDT,30m,0.3,0.01,0.008,24,1.2,14965,99.85,1437.9,41.3,-0.023,-32.987,4785,6804,3376
BTC/USDT,30m,0.3,0.01,0.008,36,1.2,14965,99.85,1437.9,42.8,-0.012,-17.142,5567,7449,1949
BTC/USDT,30m,0.3,0.01,0.008,48,1.2,14965,99.85,1437.9,43.6,-0.003,-3.909,5968,7708,1289
BTC/USDT,30m,0.3,0.015,0.008,4,1.9,14965,99.85,1437.9,18.7,-0.006,-8.345,553,2402,12010
BTC/USDT,30m,0.3,0.015,0.008,6,1.9,14965,99.85,1437.9,20.8,-0.008,-11.626,878,3344,10743
BTC/USDT,30m,0.3,0.015,0.008,8,1.9,14965,99.85,1437.9,22.6,-0.01,-13.953,1192,4074,9699
BTC/USDT,30m,0.3,0.015,0.008,12,1.9,14965,99.85,1437.9,25.2,-0.014,-20.332,1787,5292,7886
BTC/USDT,30m,0.3,0.015,0.008,16,1.9,14965,99.85,1437.9,26.8,-0.018,-25.75,2259,6157,6549
BTC/USDT,30m,0.3,0.015,0.008,20,1.9,14965,99.85,1437.9,28.1,-0.018,-25.63,2678,6857,5430
BTC/USDT,30m,0.3,0.015,0.008,24,1.9,14965,99.85,1437.9,29.0,-0.02,-28.667,3002,7348,4615
BTC/USDT,30m,0.3,0.015,0.008,36,1.9,14965,99.85,1437.9,31.1,-0.009,-12.465,3692,8183,3090
BTC/USDT,30m,0.3,0.015,0.008,48,1.9,14965,99.85,1437.9,32.6,0.0,0.023,4173,8627,2165
BTC/USDT,30m,0.3,0.015,0.01,4,1.5,14965,99.85,1437.9,25.6,-0.007,-10.405,567,1651,12747
BTC/USDT,30m,0.3,0.015,0.01,6,1.5,14965,99.85,1437.9,27.3,-0.01,-14.155,906,2415,11644
BTC/USDT,30m,0.3,0.015,0.01,8,1.5,14965,99.85,1437.9,29.0,-0.011,-15.742,1242,3044,10679
BTC/USDT,30m,0.3,0.015,0.01,12,1.5,14965,99.85,1437.9,31.4,-0.017,-24.142,1869,4087,9009
BTC/USDT,30m,0.3,0.015,0.01,16,1.5,14965,99.85,1437.9,32.4,-0.023,-32.694,2377,4959,7629
BTC/USDT,30m,0.3,0.015,0.01,20,1.5,14965,99.85,1437.9,33.5,-0.024,-34.532,2849,5660,6456
BTC/USDT,30m,0.3,0.015,0.01,24,1.5,14965,99.85,1437.9,34.2,-0.026,-37.22,3219,6181,5565
BTC/USDT,30m,0.3,0.015,0.01,36,1.5,14965,99.85,1437.9,36.2,-0.012,-17.634,4053,7136,3776
BTC/USDT,30m,0.3,0.015,0.01,48,1.5,14965,99.85,1437.9,37.8,-0.002,-2.168,4651,7662,2652
BTC/USDT,30m,0.3,0.02,0.008,4,2.5,14965,99.85,1437.9,9.5,-0.005,-7.888,252,2411,12302
BTC/USDT,30m,0.3,0.02,0.008,6,2.5,14965,99.85,1437.9,11.4,-0.008,-11.343,432,3364,11169
BTC/USDT,30m,0.3,0.02,0.008,8,2.5,14965,99.85,1437.9,12.7,-0.01,-13.857,601,4115,10249
BTC/USDT,30m,0.3,0.02,0.008,12,2.5,14965,99.85,1437.9,15.2,-0.012,-17.194,962,5358,8645
BTC/USDT,30m,0.3,0.02,0.008,16,2.5,14965,99.85,1437.9,16.7,-0.016,-23.398,1252,6256,7457
BTC/USDT,30m,0.3,0.02,0.008,20,2.5,14965,99.85,1437.9,18.0,-0.02,-28.425,1542,7011,6412
BTC/USDT,30m,0.3,0.02,0.008,24,2.5,14965,99.85,1437.9,19.4,-0.021,-30.547,1822,7548,5595
BTC/USDT,30m,0.3,0.02,0.008,36,2.5,14965,99.85,1437.9,22.8,-0.007,-9.693,2508,8507,3950
BTC/USDT,30m,0.3,0.02,0.008,48,2.5,14965,99.85,1437.9,24.7,0.002,3.049,2976,9069,2920
BTC/USDT,30m,0.3,0.02,0.01,4,2.0,14965,99.85,1437.9,13.5,-0.007,-10.001,260,1659,13046
BTC/USDT,30m,0.3,0.02,0.01,6,2.0,14965,99.85,1437.9,15.5,-0.01,-14.219,447,2432,12086
BTC/USDT,30m,0.3,0.02,0.01,8,2.0,14965,99.85,1437.9,17.0,-0.011,-16.307,629,3079,11257
BTC/USDT,30m,0.3,0.02,0.01,12,2.0,14965,99.85,1437.9,19.6,-0.015,-21.372,1010,4147,9808
BTC/USDT,30m,0.3,0.02,0.01,16,2.0,14965,99.85,1437.9,20.8,-0.021,-30.121,1328,5052,8585
BTC/USDT,30m,0.3,0.02,0.01,20,2.0,14965,99.85,1437.9,22.1,-0.027,-38.566,1649,5802,7514
BTC/USDT,30m,0.3,0.02,0.01,24,2.0,14965,99.85,1437.9,23.5,-0.028,-40.472,1955,6361,6649
BTC/USDT,30m,0.3,0.02,0.01,36,2.0,14965,99.85,1437.9,26.8,-0.015,-21.074,2730,7455,4780
BTC/USDT,30m,0.3,0.02,0.01,48,2.0,14965,99.85,1437.9,28.8,-0.007,-9.655,3285,8118,3562
BTC/USDT,30m,0.3,0.02,0.015,4,1.3,14965,99.85,1437.9,28.1,-0.007,-10.498,265,678,14022
BTC/USDT,30m,0.3,0.02,0.015,6,1.3,14965,99.85,1437.9,29.4,-0.01,-14.044,460,1104,13401
BTC/USDT,30m,0.3,0.02,0.015,8,1.3,14965,99.85,1437.9,29.9,-0.011,-15.113,650,1522,12793
BTC/USDT,30m,0.3,0.02,0.015,12,1.3,14965,99.85,1437.9,32.2,-0.012,-17.74,1072,2256,11637
BTC/USDT,30m,0.3,0.02,0.015,16,1.3,14965,99.85,1437.9,32.6,-0.02,-29.133,1429,2956,10580
BTC/USDT,30m,0.3,0.02,0.015,20,1.3,14965,99.85,1437.9,33.5,-0.028,-40.126,1794,3561,9610
BTC/USDT,30m,0.3,0.02,0.015,24,1.3,14965,99.85,1437.9,34.3,-0.034,-48.274,2155,4119,8691
BTC/USDT,30m,0.3,0.02,0.015,36,1.3,14965,99.85,1437.9,36.4,-0.033,-47.443,3051,5321,6593
BTC/USDT,30m,0.3,0.02,0.015,48,1.3,14965,99.85,1437.9,37.9,-0.031,-44.273,3730,6122,5113
BTC/USDT,30m,0.3,0.025,0.008,4,3.1,14965,99.85,1437.9,4.1,-0.007,-10.247,104,2419,12442
BTC/USDT,30m,0.3,0.025,0.008,6,3.1,14965,99.85,1437.9,5.5,-0.01,-14.577,196,3378,11391
BTC/USDT,30m,0.3,0.025,0.008,8,3.1,14965,99.85,1437.9,7.0,-0.012,-16.887,309,4132,10524
BTC/USDT,30m,0.3,0.025,0.008,12,3.1,14965,99.85,1437.9,8.8,-0.015,-21.082,519,5394,9052
BTC/USDT,30m,0.3,0.025,0.008,16,3.1,14965,99.85,1437.9,10.7,-0.018,-26.269,753,6317,7895
BTC/USDT,30m,0.3,0.025,0.008,20,3.1,14965,99.85,1437.9,11.5,-0.022,-32.018,920,7082,6963
BTC/USDT,30m,0.3,0.025,0.008,24,3.1,14965,99.85,1437.9,12.4,-0.025,-36.661,1083,7639,6243
BTC/USDT,30m,0.3,0.025,0.008,36,3.1,14965,99.85,1437.9,15.8,-0.016,-23.538,1624,8668,4673
BTC/USDT,30m,0.3,0.025,0.008,48,3.1,14965,99.85,1437.9,17.7,-0.009,-13.19,1995,9292,3678
BTC/USDT,30m,0.3,0.025,0.01,4,2.5,14965,99.85,1437.9,6.1,-0.009,-12.427,109,1665,13191
BTC/USDT,30m,0.3,0.025,0.01,6,2.5,14965,99.85,1437.9,7.7,-0.012,-17.568,203,2443,12319
BTC/USDT,30m,0.3,0.025,0.01,8,2.5,14965,99.85,1437.9,9.3,-0.014,-19.921,318,3094,11553
BTC/USDT,30m,0.3,0.025,0.01,12,2.5,14965,99.85,1437.9,11.5,-0.018,-25.37,543,4176,10246
BTC/USDT,30m,0.3,0.025,0.01,16,2.5,14965,99.85,1437.9,13.5,-0.023,-33.162,797,5104,9064
BTC/USDT,30m,0.3,0.025,0.01,20,2.5,14965,99.85,1437.9,14.4,-0.03,-42.604,983,5866,8116
BTC/USDT,30m,0.3,0.025,0.01,24,2.5,14965,99.85,1437.9,15.3,-0.033,-47.412,1162,6443,7360
BTC/USDT,30m,0.3,0.025,0.01,36,2.5,14965,99.85,1437.9,18.9,-0.025,-36.064,1771,7592,5602
BTC/USDT,30m,0.3,0.025,0.01,48,2.5,14965,99.85,1437.9,21.0,-0.019,-27.834,2211,8336,4418
BTC/USDT,30m,0.3,0.025,0.015,4,1.7,14965,99.85,1437.9,14.0,-0.009,-13.037,111,681,14173
BTC/USDT,30m,0.3,0.025,0.015,6,1.7,14965,99.85,1437.9,16.0,-0.012,-17.369,211,1108,13646
BTC/USDT,30m,0.3,0.025,0.015,8,1.7,14965,99.85,1437.9,17.7,-0.013,-18.618,330,1530,13105
BTC/USDT,30m,0.3,0.025,0.015,12,1.7,14965,99.85,1437.9,20.3,-0.015,-21.913,580,2279,12106
BTC/USDT,30m,0.3,0.025,0.015,16,1.7,14965,99.85,1437.9,22.3,-0.022,-32.204,860,2990,11115
BTC/USDT,30m,0.3,0.025,0.015,20,1.7,14965,99.85,1437.9,23.0,-0.031,-43.926,1075,3609,10281
BTC/USDT,30m,0.3,0.025,0.015,24,1.7,14965,99.85,1437.9,23.5,-0.039,-55.359,1287,4181,9497
BTC/USDT,30m,0.3,0.025,0.015,36,1.7,14965,99.85,1437.9,26.8,-0.046,-65.793,1986,5430,7549
BTC/USDT,30m,0.3,0.025,0.015,48,1.7,14965,99.85,1437.9,28.7,-0.045,-65.048,2535,6307,6123
BTC/USDT,30m,0.3,0.025,0.02,4,1.2,14965,99.85,1437.9,25.7,-0.01,-14.373,111,321,14533
BTC/USDT,30m,0.3,0.025,0.02,6,1.2,14965,99.85,1437.9,27.2,-0.013,-18.998,214,573,14178
BTC/USDT,30m,0.3,0.025,0.02,8,1.2,14965,99.85,1437.9,29.2,-0.016,-22.504,335,814,13816
BTC/USDT,30m,0.3,0.025,0.02,12,1.2,14965,99.85,1437.9,31.0,-0.02,-28.649,592,1317,13056
BTC/USDT,30m,0.3,0.025,0.02,16,1.2,14965,99.85,1437.9,32.9,-0.027,-38.625,879,1789,12297
BTC/USDT,30m,0.3,0.025,0.02,20,1.2,14965,99.85,1437.9,32.9,-0.037,-53.571,1101,2244,11620
BTC/USDT,30m,0.3,0.025,0.02,24,1.2,14965,99.85,1437.9,33.0,-0.048,-68.987,1324,2685,10956
BTC/USDT,30m,0.3,0.025,0.02,36,1.2,14965,99.85,1437.9,35.1,-0.06,-86.931,2086,3865,9014
BTC/USDT,30m,0.3,0.025,0.02,48,1.2,14965,99.85,1437.9,36.5,-0.068,-98.401,2712,4728,7525
BTC/USDT,30m,0.3,0.03,0.008,4,3.8,14965,99.85,1437.9,2.2,-0.008,-11.18,55,2421,12489
BTC/USDT,30m,0.3,0.03,0.008,6,3.8,14965,99.85,1437.9,3.0,-0.01,-15.042,103,3382,11480
BTC/USDT,30m,0.3,0.03,0.008,8,3.8,14965,99.85,1437.9,3.7,-0.012,-17.837,160,4138,10667
BTC/USDT,30m,0.3,0.03,0.008,12,3.8,14965,99.85,1437.9,4.9,-0.016,-23.39,279,5406,9280
BTC/USDT,30m,0.3,0.03,0.008,16,3.8,14965,99.85,1437.9,6.3,-0.02,-28.492,428,6334,8203
BTC/USDT,30m,0.3,0.03,0.008,20,3.8,14965,99.85,1437.9,7.5,-0.024,-34.49,574,7109,7282
BTC/USDT,30m,0.3,0.03,0.008,24,3.8,14965,99.85,1437.9,8.2,-0.028,-39.817,684,7674,6607
BTC/USDT,30m,0.3,0.03,0.008,36,3.8,14965,99.85,1437.9,10.9,-0.02,-29.311,1074,8735,5156
BTC/USDT,30m,0.3,0.03,0.008,48,3.8,14965,99.85,1437.9,12.8,-0.017,-25.086,1383,9409,4173
BTC/USDT,30m,0.3,0.03,0.01,4,3.0,14965,99.85,1437.9,3.3,-0.01,-13.674,57,1667,13241
BTC/USDT,30m,0.3,0.03,0.01,6,3.0,14965,99.85,1437.9,4.2,-0.013,-18.542,106,2447,12412
BTC/USDT,30m,0.3,0.03,0.01,8,3.0,14965,99.85,1437.9,5.0,-0.015,-21.55,163,3101,11701
BTC/USDT,30m,0.3,0.03,0.01,12,3.0,14965,99.85,1437.9,6.5,-0.02,-28.801,291,4190,10484
BTC/USDT,30m,0.3,0.03,0.01,16,3.0,14965,99.85,1437.9,8.1,-0.026,-37.404,454,5125,9386
BTC/USDT,30m,0.3,0.03,0.01,20,3.0,14965,99.85,1437.9,9.4,-0.033,-47.254,609,5897,8459
BTC/USDT,30m,0.3,0.03,0.01,24,3.0,14965,99.85,1437.9,10.2,-0.037,-52.655,735,6483,7747
BTC/USDT,30m,0.3,0.03,0.01,36,3.0,14965,99.85,1437.9,13.3,-0.029,-42.077,1173,7658,6134
BTC/USDT,30m,0.3,0.03,0.01,48,3.0,14965,99.85,1437.9,15.5,-0.027,-39.149,1545,8450,4970
BTC/USDT,30m,0.3,0.03,0.015,4,2.0,14965,99.85,1437.9,7.7,-0.01,-14.363,57,682,14226
BTC/USDT,30m,0.3,0.03,0.015,6,2.0,14965,99.85,1437.9,9.2,-0.013,-18.321,112,1112,13741
BTC/USDT,30m,0.3,0.03,0.015,8,2.0,14965,99.85,1437.9,10.0,-0.014,-20.022,171,1536,13258
BTC/USDT,30m,0.3,0.03,0.015,12,2.0,14965,99.85,1437.9,11.9,-0.018,-25.357,310,2291,12364
BTC/USDT,30m,0.3,0.03,0.015,16,2.0,14965,99.85,1437.9,14.1,-0.025,-36.294,494,3009,11462
BTC/USDT,30m,0.3,0.03,0.015,20,2.0,14965,99.85,1437.9,15.6,-0.034,-48.193,674,3635,10656
BTC/USDT,30m,0.3,0.03,0.015,24,2.0,14965,99.85,1437.9,16.3,-0.042,-59.977,820,4212,9933
BTC/USDT,30m,0.3,0.03,0.015,36,2.0,14965,99.85,1437.9,19.5,-0.048,-69.426,1330,5480,8155
BTC/USDT,30m,0.3,0.03,0.015,48,2.0,14965,99.85,1437.9,21.8,-0.051,-74.019,1776,6388,6801
BTC/USDT,30m,0.3,0.03,0.02,4,1.5,14965,99.85,1437.9,15.1,-0.011,-15.673,57,321,14587
BTC/USDT,30m,0.3,0.03,0.02,6,1.5,14965,99.85,1437.9,16.4,-0.014,-20.072,113,576,14276
BTC/USDT,30m,0.3,0.03,0.02,8,1.5,14965,99.85,1437.9,17.5,-0.017,-24.074,173,817,13975
BTC/USDT,30m,0.3,0.03,0.02,12,1.5,14965,99.85,1437.9,19.5,-0.022,-31.473,319,1321,13325
BTC/USDT,30m,0.3,0.03,0.02,16,1.5,14965,99.85,1437.9,21.9,-0.029,-41.455,505,1796,12664
BTC/USDT,30m,0.3,0.03,0.02,20,1.5,14965,99.85,1437.9,23.4,-0.039,-56.326,687,2253,12025
BTC/USDT,30m,0.3,0.03,0.02,24,1.5,14965,99.85,1437.9,23.6,-0.05,-72.451,836,2701,11428
BTC/USDT,30m,0.3,0.03,0.02,36,1.5,14965,99.85,1437.9,26.3,-0.062,-89.676,1387,3895,9683
BTC/USDT,30m,0.3,0.03,0.02,48,1.5,14965,99.85,1437.9,28.3,-0.075,-107.857,1889,4788,8288
BTC/USDT,30m,0.3,0.03,0.025,4,1.2,14965,99.85,1437.9,27.1,-0.011,-16.174,57,153,14755
BTC/USDT,30m,0.3,0.03,0.025,6,1.2,14965,99.85,1437.9,27.6,-0.015,-21.722,114,299,14552
BTC/USDT,30m,0.3,0.03,0.025,8,1.2,14965,99.85,1437.9,27.0,-0.019,-27.943,174,471,14320
BTC/USDT,30m,0.3,0.03,0.025,12,1.2,14965,99.85,1437.9,28.4,-0.027,-39.339,321,808,13836
BTC/USDT,30m,0.3,0.03,0.025,16,1.2,14965,99.85,1437.9,31.1,-0.036,-51.72,507,1121,13337
BTC/USDT,30m,0.3,0.03,0.025,20,1.2,14965,99.85,1437.9,32.1,-0.048,-68.946,692,1467,12806
BTC/USDT,30m,0.3,0.03,0.025,24,1.2,14965,99.85,1437.9,31.6,-0.061,-87.656,846,1832,12287
BTC/USDT,30m,0.3,0.03,0.025,36,1.2,14965,99.85,1437.9,33.1,-0.083,-118.924,1406,2838,10721
BTC/USDT,30m,0.3,0.03,0.025,48,1.2,14965,99.85,1437.9,34.5,-0.101,-145.02,1931,3671,9363
BTC/USDT,30m,0.3,0.04,0.008,4,5.0,14965,99.85,1437.9,1.0,-0.007,-10.041,24,2422,12519
BTC/USDT,30m,0.3,0.04,0.008,6,5.0,14965,99.85,1437.9,1.1,-0.01,-14.578,38,3385,11542
BTC/USDT,30m,0.3,0.04,0.008,8,5.0,14965,99.85,1437.9,1.5,-0.012,-16.737,63,4143,10759
BTC/USDT,30m,0.3,0.04,0.008,12,5.0,14965,99.85,1437.9,2.2,-0.014,-19.698,120,5413,9432
BTC/USDT,30m,0.3,0.04,0.008,16,5.0,14965,99.85,1437.9,2.7,-0.016,-23.653,177,6341,8447
BTC/USDT,30m,0.3,0.04,0.008,20,5.0,14965,99.85,1437.9,3.4,-0.02,-29.329,248,7122,7595
BTC/USDT,30m,0.3,0.04,0.008,24,5.0,14965,99.85,1437.9,3.9,-0.025,-36.225,311,7693,6961
BTC/USDT,30m,0.3,0.04,0.008,36,5.0,14965,99.85,1437.9,5.5,-0.021,-29.885,512,8785,5668
BTC/USDT,30m,0.3,0.04,0.008,48,5.0,14965,99.85,1437.9,7.3,-0.014,-19.696,746,9481,4738
BTC/USDT,30m,0.3,0.04,0.01,4,4.0,14965,99.85,1437.9,1.5,-0.009,-12.448,25,1668,13272
BTC/USDT,30m,0.3,0.04,0.01,6,4.0,14965,99.85,1437.9,1.6,-0.012,-17.833,41,2449,12475
BTC/USDT,30m,0.3,0.04,0.01,8,4.0,14965,99.85,1437.9,2.1,-0.014,-20.152,66,3104,11795
BTC/USDT,30m,0.3,0.04,0.01,12,4.0,14965,99.85,1437.9,2.9,-0.017,-24.764,125,4196,10644
BTC/USDT,30m,0.3,0.04,0.01,16,4.0,14965,99.85,1437.9,3.5,-0.022,-31.972,186,5132,9647
BTC/USDT,30m,0.3,0.04,0.01,20,4.0,14965,99.85,1437.9,4.3,-0.029,-41.552,264,5910,8791
BTC/USDT,30m,0.3,0.04,0.01,24,4.0,14965,99.85,1437.9,5.0,-0.034,-48.285,339,6501,8125
BTC/USDT,30m,0.3,0.04,0.01,36,4.0,14965,99.85,1437.9,6.8,-0.029,-41.535,560,7694,6711
BTC/USDT,30m,0.3,0.04,0.01,48,4.0,14965,99.85,1437.9,8.9,-0.022,-31.849,828,8510,5627
BTC/USDT,30m,0.3,0.04,0.015,4,2.7,14965,99.85,1437.9,3.5,-0.009,-13.185,25,683,14257
BTC/USDT,30m,0.3,0.04,0.015,6,2.7,14965,99.85,1437.9,3.8,-0.012,-17.597,44,1114,13807
BTC/USDT,30m,0.3,0.04,0.015,8,2.7,14965,99.85,1437.9,4.4,-0.013,-18.606,71,1538,13356
BTC/USDT,30m,0.3,0.04,0.015,12,2.7,14965,99.85,1437.9,5.4,-0.015,-21.533,132,2295,12538
BTC/USDT,30m,0.3,0.04,0.015,16,2.7,14965,99.85,1437.9,6.2,-0.021,-30.623,199,3015,11751
BTC/USDT,30m,0.3,0.04,0.015,20,2.7,14965,99.85,1437.9,7.3,-0.029,-41.42,287,3645,11033
BTC/USDT,30m,0.3,0.04,0.015,24,2.7,14965,99.85,1437.9,8.1,-0.038,-54.134,370,4223,10372
BTC/USDT,30m,0.3,0.04,0.015,36,2.7,14965,99.85,1437.9,10.3,-0.047,-67.927,636,5512,8817
BTC/USDT,30m,0.3,0.04,0.015,48,2.7,14965,99.85,1437.9,12.9,-0.047,-67.191,955,6439,7571
BTC/USDT,30m,0.3,0.04,0.02,4,2.0,14965,99.85,1437.9,7.2,-0.01,-14.5,25,321,14619
BTC/USDT,30m,0.3,0.04,0.02,6,2.0,14965,99.85,1437.9,7.1,-0.013,-19.199,44,576,14345
BTC/USDT,30m,0.3,0.04,0.02,8,2.0,14965,99.85,1437.9,8.1,-0.016,-22.578,72,817,14076
BTC/USDT,30m,0.3,0.04,0.02,12,2.0,14965,99.85,1437.9,9.4,-0.019,-27.421,138,1324,13503
BTC/USDT,30m,0.3,0.04,0.02,16,2.0,14965,99.85,1437.9,10.4,-0.024,-34.976,209,1800,12956
BTC/USDT,30m,0.3,0.04,0.02,20,2.0,14965,99.85,1437.9,11.7,-0.034,-48.279,299,2257,12409
BTC/USDT,30m,0.3,0.04,0.02,24,2.0,14965,99.85,1437.9,12.4,-0.045,-65.04,384,2706,11875
BTC/USDT,30m,0.3,0.04,0.02,36,2.0,14965,99.85,1437.9,14.6,-0.061,-87.248,669,3919,10377
BTC/USDT,30m,0.3,0.04,0.02,48,2.0,14965,99.85,1437.9,17.4,-0.07,-101.291,1015,4831,9119
BTC/USDT,30m,0.3,0.04,0.025,4,1.6,14965,99.85,1437.9,14.0,-0.01,-15.002,25,153,14787
BTC/USDT,30m,0.3,0.04,0.025,6,1.6,14965,99.85,1437.9,12.8,-0.014,-20.84,44,299,14622
BTC/USDT,30m,0.3,0.04,0.025,8,1.6,14965,99.85,1437.9,13.3,-0.019,-26.662,72,471,14422
BTC/USDT,30m,0.3,0.04,0.025,12,1.6,14965,99.85,1437.9,14.6,-0.025,-35.45,138,810,14017
BTC/USDT,30m,0.3,0.04,0.025,16,1.6,14965,99.85,1437.9,15.7,-0.031,-45.191,209,1123,13633
BTC/USDT,30m,0.3,0.04,0.025,20,1.6,14965,99.85,1437.9,17.1,-0.042,-60.503,302,1469,13194
BTC/USDT,30m,0.3,0.04,0.025,24,1.6,14965,99.85,1437.9,17.5,-0.055,-79.701,390,1835,12740
BTC/USDT,30m,0.3,0.04,0.025,36,1.6,14965,99.85,1437.9,19.3,-0.08,-115.374,681,2850,11434
BTC/USDT,30m,0.3,0.04,0.025,48,1.6,14965,99.85,1437.9,21.9,-0.095,-136.573,1034,3693,10238
BTC/USDT,30m,0.3,0.05,0.008,4,6.2,14965,99.85,1437.9,0.2,-0.007,-10.404,4,2422,12539
BTC/USDT,30m,0.3,0.05,0.008,6,6.2,14965,99.85,1437.9,0.2,-0.011,-15.126,8,3385,11572
BTC/USDT,30m,0.3,0.05,0.008,8,6.2,14965,99.85,1437.9,0.4,-0.012,-16.595,18,4143,10804
BTC/USDT,30m,0.3,0.05,0.008,12,6.2,14965,99.85,1437.9,1.0,-0.013,-18.938,52,5413,9500
BTC/USDT,30m,0.3,0.05,0.008,16,6.2,14965,99.85,1437.9,1.3,-0.016,-22.979,82,6343,8540
BTC/USDT,30m,0.3,0.05,0.008,20,6.2,14965,99.85,1437.9,1.5,-0.02,-29.198,110,7128,7727
BTC/USDT,30m,0.3,0.05,0.008,24,6.2,14965,99.85,1437.9,1.9,-0.025,-35.959,148,7704,7113
BTC/USDT,30m,0.3,0.05,0.008,36,6.2,14965,99.85,1437.9,2.6,-0.024,-34.496,235,8801,5929
BTC/USDT,30m,0.3,0.05,0.008,48,6.2,14965,99.85,1437.9,3.5,-0.021,-29.575,347,9510,5108
BTC/USDT,30m,0.3,0.05,0.01,4,5.0,14965,99.85,1437.9,0.2,-0.009,-12.795,4,1668,13293
BTC/USDT,30m,0.3,0.05,0.01,6,5.0,14965,99.85,1437.9,0.4,-0.013,-18.332,9,2449,12507
BTC/USDT,30m,0.3,0.05,0.01,8,5.0,14965,99.85,1437.9,0.6,-0.014,-20.085,19,3104,11842
BTC/USDT,30m,0.3,0.05,0.01,12,5.0,14965,99.85,1437.9,1.3,-0.017,-23.963,54,4196,10715
BTC/USDT,30m,0.3,0.05,0.01,16,5.0,14965,99.85,1437.9,1.6,-0.022,-31.272,86,5134,9745
BTC/USDT,30m,0.3,0.05,0.01,20,5.0,14965,99.85,1437.9,1.9,-0.029,-41.159,117,5915,8933
BTC/USDT,30m,0.3,0.05,0.01,24,5.0,14965,99.85,1437.9,2.4,-0.033,-47.686,163,6510,8292
BTC/USDT,30m,0.3,0.05,0.01,36,5.0,14965,99.85,1437.9,3.2,-0.032,-46.536,256,7709,7000
BTC/USDT,30m,0.3,0.05,0.01,48,5.0,14965,99.85,1437.9,4.3,-0.03,-43.015,388,8541,6036
BTC/USDT,30m,0.3,0.05,0.015,4,3.3,14965,99.85,1437.9,0.6,-0.009,-13.532,4,683,14278
BTC/USDT,30m,0.3,0.05,0.015,6,3.3,14965,99.85,1437.9,0.9,-0.013,-18.04,10,1114,13841
BTC/USDT,30m,0.3,0.05,0.015,8,3.3,14965,99.85,1437.9,1.4,-0.013,-18.256,22,1538,13405
BTC/USDT,30m,0.3,0.05,0.015,12,3.3,14965,99.85,1437.9,2.5,-0.014,-20.404,59,2295,12611
BTC/USDT,30m,0.3,0.05,0.015,16,3.3,14965,99.85,1437.9,3.0,-0.02,-29.473,94,3016,11855
BTC/USDT,30m,0.3,0.05,0.015,20,3.3,14965,99.85,1437.9,3.5,-0.028,-40.2,132,3647,11186
BTC/USDT,30m,0.3,0.05,0.015,24,3.3,14965,99.85,1437.9,4.2,-0.036,-51.834,186,4226,10553
BTC/USDT,30m,0.3,0.05,0.015,36,3.3,14965,99.85,1437.9,5.2,-0.048,-69.714,305,5520,9140
BTC/USDT,30m,0.3,0.05,0.015,48,3.3,14965,99.85,1437.9,6.7,-0.052,-75.308,466,6466,8033
BTC/USDT,30m,0.3,0.05,0.02,4,2.5,14965,99.85,1437.9,1.2,-0.01,-14.848,4,321,14640
BTC/USDT,30m,0.3,0.05,0.02,6,2.5,14965,99.85,1437.9,1.7,-0.014,-19.642,10,576,14379
BTC/USDT,30m,0.3,0.05,0.02,8,2.5,14965,99.85,1437.9,2.6,-0.015,-22.211,22,817,14126
BTC/USDT,30m,0.3,0.05,0.02,12,2.5,14965,99.85,1437.9,4.5,-0.018,-26.481,62,1324,13579
BTC/USDT,30m,0.3,0.05,0.02,16,2.5,14965,99.85,1437.9,5.2,-0.023,-33.697,99,1800,13066
BTC/USDT,30m,0.3,0.05,0.02,20,2.5,14965,99.85,1437.9,5.8,-0.033,-46.936,138,2257,12570
BTC/USDT,30m,0.3,0.05,0.02,24,2.5,14965,99.85,1437.9,6.7,-0.043,-62.311,193,2706,12066
BTC/USDT,30m,0.3,0.05,0.02,36,2.5,14965,99.85,1437.9,7.6,-0.061,-88.333,324,3919,10722
BTC/USDT,30m,0.3,0.05,0.02,48,2.5,14965,99.85,1437.9,9.3,-0.075,-108.524,497,4840,9628
BTC/USDT,30m,0.3,0.05,0.025,4,2.0,14965,99.85,1437.9,2.5,-0.011,-15.349,4,153,14808
BTC/USDT,30m,0.3,0.05,0.025,6,2.0,14965,99.85,1437.9,3.2,-0.015,-21.283,10,299,14656
BTC/USDT,30m,0.3,0.05,0.025,8,2.0,14965,99.85,1437.9,4.5,-0.018,-26.296,22,471,14472
BTC/USDT,30m,0.3,0.05,0.025,12,2.0,14965,99.85,1437.9,7.1,-0.024,-34.51,62,810,14093
BTC/USDT,30m,0.3,0.05,0.025,16,2.0,14965,99.85,1437.9,8.1,-0.031,-43.912,99,1123,13743
BTC/USDT,30m,0.3,0.05,0.025,20,2.0,14965,99.85,1437.9,8.6,-0.041,-59.316,139,1469,13357
BTC/USDT,30m,0.3,0.05,0.025,24,2.0,14965,99.85,1437.9,9.7,-0.053,-76.831,196,1835,12934
BTC/USDT,30m,0.3,0.05,0.025,36,2.0,14965,99.85,1437.9,10.3,-0.081,-116.331,329,2850,11786
BTC/USDT,30m,0.3,0.05,0.025,48,2.0,14965,99.85,1437.9,12.0,-0.101,-144.74,506,3701,10758
BTC/USDT,30m,0.3,0.075,0.008,4,9.4,14965,99.85,1437.9,0.0,-0.007,-10.034,1,2422,12542
BTC/USDT,30m,0.3,0.075,0.008,6,9.4,14965,99.85,1437.9,0.0,-0.011,-15.11,1,3385,11579
BTC/USDT,30m,0.3,0.075,0.008,8,9.4,14965,99.85,1437.9,0.0,-0.012,-17.085,1,4143,10821
BTC/USDT,30m,0.3,0.075,0.008,12,9.4,14965,99.85,1437.9,0.0,-0.014,-19.829,2,5413,9550
BTC/USDT,30m,0.3,0.075,0.008,16,9.4,14965,99.85,1437.9,0.1,-0.016,-22.981,9,6343,8613
BTC/USDT,30m,0.3,0.075,0.008,20,9.4,14965,99.85,1437.9,0.2,-0.02,-29.173,16,7128,7821
BTC/USDT,30m,0.3,0.075,0.008,24,9.4,14965,99.85,1437.9,0.3,-0.025,-35.936,25,7704,7236
BTC/USDT,30m,0.3,0.075,0.008,36,9.4,14965,99.85,1437.9,0.4,-0.027,-38.666,38,8803,6124
BTC/USDT,30m,0.3,0.075,0.008,48,9.4,14965,99.85,1437.9,0.8,-0.025,-36.492,72,9516,5377
BTC/USDT,30m,0.3,0.075,0.01,4,7.5,14965,99.85,1437.9,0.1,-0.009,-12.425,1,1668,13296
BTC/USDT,30m,0.3,0.075,0.01,6,7.5,14965,99.85,1437.9,0.0,-0.013,-18.275,1,2449,12515
BTC/USDT,30m,0.3,0.075,0.01,8,7.5,14965,99.85,1437.9,0.0,-0.014,-20.531,1,3104,11860
BTC/USDT,30m,0.3,0.075,0.01,12,7.5,14965,99.85,1437.9,0.0,-0.017,-24.904,2,4196,10767
BTC/USDT,30m,0.3,0.075,0.01,16,7.5,14965,99.85,1437.9,0.2,-0.022,-31.433,9,5134,9822
BTC/USDT,30m,0.3,0.075,0.01,20,7.5,14965,99.85,1437.9,0.3,-0.029,-41.325,16,5915,9034
BTC/USDT,30m,0.3,0.075,0.01,24,7.5,14965,99.85,1437.9,0.4,-0.033,-47.655,25,6510,8430
BTC/USDT,30m,0.3,0.075,0.01,36,7.5,14965,99.85,1437.9,0.5,-0.035,-50.55,41,7711,7213
BTC/USDT,30m,0.3,0.075,0.01,48,7.5,14965,99.85,1437.9,0.9,-0.035,-49.98,81,8546,6338
BTC/USDT,30m,0.3,0.075,0.015,4,5.0,14965,99.85,1437.9,0.1,-0.009,-13.162,1,683,14281
BTC/USDT,30m,0.3,0.075,0.015,6,5.0,14965,99.85,1437.9,0.1,-0.013,-18.003,1,1114,13850
BTC/USDT,30m,0.3,0.075,0.015,8,5.0,14965,99.85,1437.9,0.1,-0.013,-18.676,1,1538,13426
BTC/USDT,30m,0.3,0.075,0.015,12,5.0,14965,99.85,1437.9,0.1,-0.015,-21.49,2,2295,12668
BTC/USDT,30m,0.3,0.075,0.015,16,5.0,14965,99.85,1437.9,0.3,-0.021,-30.018,9,3016,11940
BTC/USDT,30m,0.3,0.075,0.015,20,5.0,14965,99.85,1437.9,0.4,-0.028,-40.681,16,3647,11302
BTC/USDT,30m,0.3,0.075,0.015,24,5.0,14965,99.85,1437.9,0.6,-0.037,-52.765,26,4226,10713
BTC/USDT,30m,0.3,0.075,0.015,36,5.0,14965,99.85,1437.9,0.9,-0.051,-73.757,52,5520,9393
BTC/USDT,30m,0.3,0.075,0.015,48,5.0,14965,99.85,1437.9,1.5,-0.056,-81.202,101,6468,8396
BTC/USDT,30m,0.3,0.075,0.02,4,3.8,14965,99.85,1437.9,0.3,-0.01,-14.478,1,321,14643
BTC/USDT,30m,0.3,0.075,0.02,6,3.8,14965,99.85,1437.9,0.2,-0.014,-19.605,1,576,14388
BTC/USDT,30m,0.3,0.075,0.02,8,3.8,14965,99.85,1437.9,0.1,-0.016,-22.631,1,817,14147
BTC/USDT,30m,0.3,0.075,0.02,12,3.8,14965,99.85,1437.9,0.2,-0.019,-27.694,2,1324,13639
BTC/USDT,30m,0.3,0.075,0.02,16,3.8,14965,99.85,1437.9,0.5,-0.024,-34.593,9,1800,13156
BTC/USDT,30m,0.3,0.075,0.02,20,3.8,14965,99.85,1437.9,0.7,-0.033,-47.884,16,2257,12692
BTC/USDT,30m,0.3,0.075,0.02,24,3.8,14965,99.85,1437.9,1.0,-0.044,-63.616,26,2706,12233
BTC/USDT,30m,0.3,0.075,0.02,36,3.8,14965,99.85,1437.9,1.4,-0.065,-94.075,54,3919,10992
BTC/USDT,30m,0.3,0.075,0.02,48,3.8,14965,99.85,1437.9,2.1,-0.081,-116.786,106,4840,10019
BTC/USDT,30m,0.3,0.075,0.025,4,3.0,14965,99.85,1437.9,0.6,-0.01,-14.979,1,153,14811
BTC/USDT,30m,0.3,0.075,0.025,6,3.0,14965,99.85,1437.9,0.3,-0.015,-21.246,1,299,14665
BTC/USDT,30m,0.3,0.075,0.025,8,3.0,14965,99.85,1437.9,0.2,-0.019,-26.716,1,471,14493
BTC/USDT,30m,0.3,0.075,0.025,12,3.0,14965,99.85,1437.9,0.2,-0.025,-35.723,2,810,14153
BTC/USDT,30m,0.3,0.075,0.025,16,3.0,14965,99.85,1437.9,0.8,-0.031,-44.808,9,1123,13833
BTC/USDT,30m,0.3,0.075,0.025,20,3.0,14965,99.85,1437.9,1.1,-0.042,-60.208,16,1469,13480
BTC/USDT,30m,0.3,0.075,0.025,24,3.0,14965,99.85,1437.9,1.5,-0.054,-78.109,27,1835,13103
BTC/USDT,30m,0.3,0.075,0.025,36,3.0,14965,99.85,1437.9,1.9,-0.085,-122.43,55,2850,12060
BTC/USDT,30m,0.3,0.075,0.025,48,3.0,14965,99.85,1437.9,2.8,-0.107,-153.799,107,3701,11157
BTC/USDT,30m,0.3,0.1,0.008,4,12.5,14965,99.85,1437.9,0.0,-0.007,-10.247,0,2422,12543
BTC/USDT,30m,0.3,0.1,0.008,6,12.5,14965,99.85,1437.9,0.0,-0.011,-15.31,0,3385,11580
BTC/USDT,30m,0.3,0.1,0.008,8,12.5,14965,99.85,1437.9,0.0,-0.012,-17.252,0,4143,10822
BTC/USDT,30m,0.3,0.1,0.008,12,12.5,14965,99.85,1437.9,0.0,-0.014,-20.113,0,5413,9552
BTC/USDT,30m,0.3,0.1,0.008,16,12.5,14965,99.85,1437.9,0.0,-0.016,-23.697,0,6343,8622
BTC/USDT,30m,0.3,0.1,0.008,20,12.5,14965,99.85,1437.9,0.0,-0.02,-28.731,3,7128,7834
BTC/USDT,30m,0.3,0.1,0.008,24,12.5,14965,99.85,1437.9,0.1,-0.025,-35.231,5,7704,7256
BTC/USDT,30m,0.3,0.1,0.008,36,12.5,14965,99.85,1437.9,0.1,-0.027,-38.192,11,8803,6151
BTC/USDT,30m,0.3,0.1,0.008,48,12.5,14965,99.85,1437.9,0.1,-0.028,-39.603,11,9516,5438
BTC/USDT,30m,0.3,0.1,0.01,4,10.0,14965,99.85,1437.9,0.0,-0.009,-12.638,0,1668,13297
BTC/USDT,30m,0.3,0.1,0.01,6,10.0,14965,99.85,1437.9,0.0,-0.013,-18.475,0,2449,12516
BTC/USDT,30m,0.3,0.1,0.01,8,10.0,14965,99.85,1437.9,0.0,-0.014,-20.697,0,3104,11861
BTC/USDT,30m,0.3,0.1,0.01,12,10.0,14965,99.85,1437.9,0.0,-0.018,-25.188,0,4196,10769
BTC/USDT,30m,0.3,0.1,0.01,16,10.0,14965,99.85,1437.9,0.0,-0.022,-32.149,0,5134,9831
BTC/USDT,30m,0.3,0.1,0.01,20,10.0,14965,99.85,1437.9,0.1,-0.028,-40.882,3,5915,9047
BTC/USDT,30m,0.3,0.1,0.01,24,10.0,14965,99.85,1437.9,0.1,-0.033,-46.95,5,6510,8450
BTC/USDT,30m,0.3,0.1,0.01,36,10.0,14965,99.85,1437.9,0.1,-0.035,-49.983,11,7711,7243
BTC/USDT,30m,0.3,0.1,0.01,48,10.0,14965,99.85,1437.9,0.1,-0.037,-53.277,11,8546,6408
BTC/USDT,30m,0.3,0.1,0.015,4,6.7,14965,99.85,1437.9,0.0,-0.009,-13.376,0,683,14282
BTC/USDT,30m,0.3,0.1,0.015,6,6.7,14965,99.85,1437.9,0.0,-0.013,-18.203,0,1114,13851
BTC/USDT,30m,0.3,0.1,0.015,8,6.7,14965,99.85,1437.9,0.0,-0.013,-18.843,0,1538,13427
BTC/USDT,30m,0.3,0.1,0.015,12,6.7,14965,99.85,1437.9,0.0,-0.015,-21.774,0,2295,12670
BTC/USDT,30m,0.3,0.1,0.015,16,6.7,14965,99.85,1437.9,0.0,-0.021,-30.734,0,3016,11949
BTC/USDT,30m,0.3,0.1,0.015,20,6.7,14965,99.85,1437.9,0.1,-0.028,-40.238,3,3647,11315
BTC/USDT,30m,0.3,0.1,0.015,24,6.7,14965,99.85,1437.9,0.1,-0.036,-51.979,5,4226,10734
BTC/USDT,30m,0.3,0.1,0.015,36,6.7,14965,99.85,1437.9,0.2,-0.051,-72.75,13,5520,9432
BTC/USDT,30m,0.3,0.1,0.015,48,6.7,14965,99.85,1437.9,0.2,-0.059,-85.141,13,6468,8484
BTC/USDT,30m,0.3,0.1,0.02,4,5.0,14965,99.85,1437.9,0.0,-0.01,-14.691,0,321,14644
BTC/USDT,30m,0.3,0.1,0.02,6,5.0,14965,99.85,1437.9,0.0,-0.014,-19.805,0,576,14389
BTC/USDT,30m,0.3,0.1,0.02,8,5.0,14965,99.85,1437.9,0.0,-0.016,-22.798,0,817,14148
BTC/USDT,30m,0.3,0.1,0.02,12,5.0,14965,99.85,1437.9,0.0,-0.019,-27.978,0,1324,13641
BTC/USDT,30m,0.3,0.1,0.02,16,5.0,14965,99.85,1437.9,0.0,-0.025,-35.31,0,1800,13165
BTC/USDT,30m,0.3,0.1,0.02,20,5.0,14965,99.85,1437.9,0.1,-0.033,-47.441,3,2257,12705
BTC/USDT,30m,0.3,0.1,0.02,24,5.0,14965,99.85,1437.9,0.2,-0.044,-62.831,5,2706,12254
BTC/USDT,30m,0.3,0.1,0.02,36,5.0,14965,99.85,1437.9,0.4,-0.065,-92.909,14,3919,11032
BTC/USDT,30m,0.3,0.1,0.02,48,5.0,14965,99.85,1437.9,0.3,-0.084,-120.693,14,4840,10111
BTC/USDT,30m,0.3,0.1,0.025,4,4.0,14965,99.85,1437.9,0.0,-0.011,-15.192,0,153,14812
BTC/USDT,30m,0.3,0.1,0.025,6,4.0,14965,99.85,1437.9,0.0,-0.015,-21.446,0,299,14666
BTC/USDT,30m,0.3,0.1,0.025,8,4.0,14965,99.85,1437.9,0.0,-0.019,-26.883,0,471,14494
BTC/USDT,30m,0.3,0.1,0.025,12,4.0,14965,99.85,1437.9,0.0,-0.025,-36.007,0,810,14155
BTC/USDT,30m,0.3,0.1,0.025,16,4.0,14965,99.85,1437.9,0.0,-0.032,-45.525,0,1123,13842
BTC/USDT,30m,0.3,0.1,0.025,20,4.0,14965,99.85,1437.9,0.2,-0.042,-59.765,3,1469,13493
BTC/USDT,30m,0.3,0.1,0.025,24,4.0,14965,99.85,1437.9,0.3,-0.054,-77.501,5,1835,13125
BTC/USDT,30m,0.3,0.1,0.025,36,4.0,14965,99.85,1437.9,0.5,-0.084,-121.361,14,2850,12101
BTC/USDT,30m,0.3,0.1,0.025,48,4.0,14965,99.85,1437.9,0.4,-0.11,-157.789,14,3701,11250
BTC/USDT,30m,0.35,0.01,0.008,4,1.2,14385,95.98,1382.2,36.7,-0.008,-10.601,1356,2337,10692
BTC/USDT,30m,0.35,0.01,0.008,6,1.2,14385,95.98,1382.2,37.9,-0.01,-14.409,1970,3229,9186
BTC/USDT,30m,0.35,0.01,0.008,8,1.2,14385,95.98,1382.2,38.9,-0.014,-19.642,2498,3918,7969
BTC/USDT,30m,0.35,0.01,0.008,12,1.2,14385,95.98,1382.2,39.6,-0.022,-29.972,3294,5019,6072
BTC/USDT,30m,0.35,0.01,0.008,16,1.2,14385,95.98,1382.2,40.3,-0.024,-33.766,3885,5747,4753
BTC/USDT,30m,0.35,0.01,0.008,20,1.2,14385,95.98,1382.2,40.7,-0.025,-35.145,4344,6327,3714
BTC/USDT,30m,0.35,0.01,0.008,24,1.2,14385,95.98,1382.2,41.2,-0.025,-35.007,4686,6691,3008
BTC/USDT,30m,0.35,0.01,0.008,36,1.2,14385,95.98,1382.2,42.7,-0.015,-21.113,5435,7289,1661
BTC/USDT,30m,0.35,0.01,0.008,48,1.2,14385,95.98,1382.2,43.5,-0.007,-9.062,5798,7520,1067
BTC/USDT,30m,0.35,0.015,0.008,4,1.9,14385,95.98,1382.2,18.7,-0.006,-8.605,546,2370,11469
BTC/USDT,30m,0.35,0.015,0.008,6,1.9,14385,95.98,1382.2,20.9,-0.009,-12.355,870,3300,10215
BTC/USDT,30m,0.35,0.015,0.008,8,1.9,14385,95.98,1382.2,22.7,-0.011,-14.755,1182,4020,9183
BTC/USDT,30m,0.35,0.015,0.008,12,1.9,14385,95.98,1382.2,25.4,-0.015,-21.0,1776,5223,7386
BTC/USDT,30m,0.35,0.015,0.008,16,1.9,14385,95.98,1382.2,27.0,-0.019,-26.815,2242,6068,6075
BTC/USDT,30m,0.35,0.015,0.008,20,1.9,14385,95.98,1382.2,28.2,-0.02,-27.375,2647,6756,4982
BTC/USDT,30m,0.35,0.015,0.008,24,1.9,14385,95.98,1382.2,29.0,-0.023,-31.334,2957,7233,4195
BTC/USDT,30m,0.35,0.015,0.008,36,1.9,14385,95.98,1382.2,31.1,-0.013,-17.629,3614,8021,2750
BTC/USDT,30m,0.35,0.015,0.008,48,1.9,14385,95.98,1382.2,32.5,-0.005,-6.612,4059,8431,1895
BTC/USDT,30m,0.35,0.015,0.01,4,1.5,14385,95.98,1382.2,25.5,-0.008,-10.557,560,1632,12193
BTC/USDT,30m,0.35,0.015,0.01,6,1.5,14385,95.98,1382.2,27.3,-0.011,-14.732,898,2387,11100
BTC/USDT,30m,0.35,0.015,0.01,8,1.5,14385,95.98,1382.2,29.0,-0.012,-16.502,1232,3010,10143
BTC/USDT,30m,0.35,0.015,0.01,12,1.5,14385,95.98,1382.2,31.5,-0.017,-24.164,1858,4032,8495
BTC/USDT,30m,0.35,0.015,0.01,16,1.5,14385,95.98,1382.2,32.6,-0.024,-33.237,2360,4890,7135
BTC/USDT,30m,0.35,0.015,0.01,20,1.5,14385,95.98,1382.2,33.6,-0.026,-35.612,2818,5576,5991
BTC/USDT,30m,0.35,0.015,0.01,24,1.5,14385,95.98,1382.2,34.3,-0.028,-39.178,3174,6085,5126
BTC/USDT,30m,0.35,0.015,0.01,36,1.5,14385,95.98,1382.2,36.2,-0.016,-22.73,3972,7009,3404
BTC/USDT,30m,0.35,0.015,0.01,48,1.5,14385,95.98,1382.2,37.7,-0.006,-7.943,4534,7495,2356
BTC/USDT,30m,0.35,0.02,0.008,4,2.5,14385,95.98,1382.2,9.6,-0.006,-7.848,252,2379,11754
BTC/USDT,30m,0.35,0.02,0.008,6,2.5,14385,95.98,1382.2,11.5,-0.008,-11.684,430,3319,10636
BTC/USDT,30m,0.35,0.02,0.008,8,2.5,14385,95.98,1382.2,12.8,-0.01,-14.316,597,4059,9729
BTC/USDT,30m,0.35,0.02,0.008,12,2.5,14385,95.98,1382.2,15.3,-0.013,-17.547,957,5287,8141
BTC/USDT,30m,0.35,0.02,0.008,16,2.5,14385,95.98,1382.2,16.8,-0.017,-24.099,1247,6165,6973
BTC/USDT,30m,0.35,0.02,0.008,20,2.5,14385,95.98,1382.2,18.1,-0.022,-30.292,1528,6908,5949
BTC/USDT,30m,0.35,0.02,0.008,24,2.5,14385,95.98,1382.2,19.5,-0.024,-33.657,1801,7431,5153
BTC/USDT,30m,0.35,0.02,0.008,36,2.5,14385,95.98,1382.2,22.7,-0.012,-15.909,2456,8343,3586
BTC/USDT,30m,0.35,0.02,0.008,48,2.5,14385,95.98,1382.2,24.6,-0.004,-5.155,2898,8871,2616
BTC/USDT,30m,0.35,0.02,0.01,4,2.0,14385,95.98,1382.2,13.7,-0.007,-9.852,260,1640,12485
BTC/USDT,30m,0.35,0.02,0.01,6,2.0,14385,95.98,1382.2,15.6,-0.01,-14.43,445,2404,11536
BTC/USDT,30m,0.35,0.02,0.01,8,2.0,14385,95.98,1382.2,17.0,-0.012,-16.836,625,3045,10715
BTC/USDT,30m,0.35,0.02,0.01,12,2.0,14385,95.98,1382.2,19.7,-0.015,-21.372,1005,4092,9288
BTC/USDT,30m,0.35,0.02,0.01,16,2.0,14385,95.98,1382.2,21.0,-0.022,-30.409,1323,4983,8079
BTC/USDT,30m,0.35,0.02,0.01,20,2.0,14385,95.98,1382.2,22.2,-0.029,-39.73,1635,5716,7034
BTC/USDT,30m,0.35,0.02,0.01,24,2.0,14385,95.98,1382.2,23.6,-0.031,-42.834,1934,6263,6188
BTC/USDT,30m,0.35,0.02,0.01,36,2.0,14385,95.98,1382.2,26.8,-0.02,-27.183,2676,7326,4383
BTC/USDT,30m,0.35,0.02,0.01,48,2.0,14385,95.98,1382.2,28.7,-0.012,-16.839,3205,7949,3231
BTC/USDT,30m,0.35,0.02,0.015,4,1.3,14385,95.98,1382.2,28.3,-0.008,-10.435,265,673,13447
BTC/USDT,30m,0.35,0.02,0.015,6,1.3,14385,95.98,1382.2,29.5,-0.01,-14.474,458,1095,12832
BTC/USDT,30m,0.35,0.02,0.015,8,1.3,14385,95.98,1382.2,30.0,-0.011,-15.72,646,1509,12230
BTC/USDT,30m,0.35,0.02,0.015,12,1.3,14385,95.98,1382.2,32.3,-0.013,-17.926,1067,2239,11079
BTC/USDT,30m,0.35,0.02,0.015,16,1.3,14385,95.98,1382.2,32.7,-0.021,-29.529,1424,2926,10035
BTC/USDT,30m,0.35,0.02,0.015,20,1.3,14385,95.98,1382.2,33.6,-0.03,-41.127,1780,3524,9081
BTC/USDT,30m,0.35,0.02,0.015,24,1.3,14385,95.98,1382.2,34.4,-0.036,-50.015,2134,4069,8182
BTC/USDT,30m,0.35,0.02,0.015,36,1.3,14385,95.98,1382.2,36.4,-0.038,-52.779,2996,5237,6152
BTC/USDT,30m,0.35,0.02,0.015,48,1.3,14385,95.98,1382.2,37.8,-0.036,-50.142,3649,6006,4730
BTC/USDT,30m,0.35,0.025,0.008,4,3.1,14385,95.98,1382.2,4.2,-0.007,-10.206,104,2387,11894
BTC/USDT,30m,0.35,0.025,0.008,6,3.1,14385,95.98,1382.2,5.6,-0.011,-14.862,196,3333,10856
BTC/USDT,30m,0.35,0.025,0.008,8,3.1,14385,95.98,1382.2,7.0,-0.012,-17.223,308,4076,10001
BTC/USDT,30m,0.35,0.025,0.008,12,3.1,14385,95.98,1382.2,8.9,-0.015,-21.201,517,5323,8545
BTC/USDT,30m,0.35,0.025,0.008,16,3.1,14385,95.98,1382.2,10.8,-0.019,-26.831,751,6226,7408
BTC/USDT,30m,0.35,0.025,0.008,20,3.1,14385,95.98,1382.2,11.6,-0.024,-33.828,917,6979,6489
BTC/USDT,30m,0.35,0.025,0.008,24,3.1,14385,95.98,1382.2,12.5,-0.029,-39.84,1076,7521,5788
BTC/USDT,30m,0.35,0.025,0.008,36,3.1,14385,95.98,1382.2,15.8,-0.022,-29.784,1601,8503,4281
BTC/USDT,30m,0.35,0.025,0.008,48,3.1,14385,95.98,1382.2,17.5,-0.017,-23.923,1932,9093,3360
BTC/USDT,30m,0.35,0.025,0.01,4,2.5,14385,95.98,1382.2,6.2,-0.009,-12.279,109,1646,12630
BTC/USDT,30m,0.35,0.025,0.01,6,2.5,14385,95.98,1382.2,7.8,-0.013,-17.723,203,2415,11767
BTC/USDT,30m,0.35,0.025,0.01,8,2.5,14385,95.98,1382.2,9.4,-0.015,-20.327,317,3060,11008
BTC/USDT,30m,0.35,0.025,0.01,12,2.5,14385,95.98,1382.2,11.6,-0.018,-25.137,541,4121,9723
BTC/USDT,30m,0.35,0.025,0.01,16,2.5,14385,95.98,1382.2,13.6,-0.024,-33.311,795,5035,8555
BTC/USDT,30m,0.35,0.025,0.01,20,2.5,14385,95.98,1382.2,14.5,-0.032,-43.711,980,5780,7625
BTC/USDT,30m,0.35,0.025,0.01,24,2.5,14385,95.98,1382.2,15.4,-0.036,-49.825,1155,6344,6886
BTC/USDT,30m,0.35,0.025,0.01,36,2.5,14385,95.98,1382.2,19.0,-0.03,-42.146,1747,7462,5176
BTC/USDT,30m,0.35,0.025,0.01,48,2.5,14385,95.98,1382.2,20.8,-0.027,-37.538,2147,8166,4072
BTC/USDT,30m,0.35,0.025,0.015,4,1.7,14385,95.98,1382.2,14.1,-0.009,-12.974,111,676,13598
BTC/USDT,30m,0.35,0.025,0.015,6,1.7,14385,95.98,1382.2,16.1,-0.013,-17.743,211,1099,13075
BTC/USDT,30m,0.35,0.025,0.015,8,1.7,14385,95.98,1382.2,17.8,-0.014,-19.102,329,1517,12539
BTC/USDT,30m,0.35,0.025,0.015,12,1.7,14385,95.98,1382.2,20.4,-0.016,-21.866,578,2262,11545
BTC/USDT,30m,0.35,0.025,0.015,16,1.7,14385,95.98,1382.2,22.5,-0.023,-32.46,858,2960,10567
BTC/USDT,30m,0.35,0.025,0.015,20,1.7,14385,95.98,1382.2,23.1,-0.032,-44.869,1072,3572,9741
BTC/USDT,30m,0.35,0.025,0.015,24,1.7,14385,95.98,1382.2,23.7,-0.041,-57.102,1280,4130,8975
BTC/USDT,30m,0.35,0.025,0.015,36,1.7,14385,95.98,1382.2,26.8,-0.051,-71.101,1961,5345,7079
BTC/USDT,30m,0.35,0.025,0.015,48,1.7,14385,95.98,1382.2,28.5,-0.053,-73.438,2470,6190,5725
BTC/USDT,30m,0.35,0.025,0.02,4,1.2,14385,95.98,1382.2,26.0,-0.01,-14.07,111,316,13958
BTC/USDT,30m,0.35,0.025,0.02,6,1.2,14385,95.98,1382.2,27.4,-0.014,-19.101,214,566,13605
BTC/USDT,30m,0.35,0.025,0.02,8,1.2,14385,95.98,1382.2,29.3,-0.016,-22.761,334,805,13246
BTC/USDT,30m,0.35,0.025,0.02,12,1.2,14385,95.98,1382.2,31.1,-0.02,-28.313,590,1305,12490
BTC/USDT,30m,0.35,0.025,0.02,16,1.2,14385,95.98,1382.2,33.1,-0.028,-38.477,877,1771,11737
BTC/USDT,30m,0.35,0.025,0.02,20,1.2,14385,95.98,1382.2,33.1,-0.039,-53.776,1098,2219,11068
BTC/USDT,30m,0.35,0.025,0.02,24,1.2,14385,95.98,1382.2,33.2,-0.051,-69.911,1317,2651,10417
BTC/USDT,30m,0.35,0.025,0.02,36,1.2,14385,95.98,1382.2,35.2,-0.066,-91.064,2061,3801,8523
BTC/USDT,30m,0.35,0.025,0.02,48,1.2,14385,95.98,1382.2,36.3,-0.076,-105.673,2647,4649,7089
BTC/USDT,30m,0.35,0.03,0.008,4,3.8,14385,95.98,1382.2,2.3,-0.008,-11.14,55,2389,11941
BTC/USDT,30m,0.35,0.03,0.008,6,3.8,14385,95.98,1382.2,3.0,-0.011,-15.326,103,3337,10945
BTC/USDT,30m,0.35,0.03,0.008,8,3.8,14385,95.98,1382.2,3.8,-0.013,-18.149,160,4082,10143
BTC/USDT,30m,0.35,0.03,0.008,12,3.8,14385,95.98,1382.2,5.0,-0.017,-23.342,278,5335,8772
BTC/USDT,30m,0.35,0.03,0.008,16,3.8,14385,95.98,1382.2,6.4,-0.021,-28.943,427,6243,7715
BTC/USDT,30m,0.35,0.03,0.008,20,3.8,14385,95.98,1382.2,7.6,-0.026,-36.236,573,7006,6806
BTC/USDT,30m,0.35,0.03,0.008,24,3.8,14385,95.98,1382.2,8.3,-0.031,-42.748,683,7555,6147
BTC/USDT,30m,0.35,0.03,0.008,36,3.8,14385,95.98,1382.2,11.1,-0.025,-34.864,1072,8569,4744
BTC/USDT,30m,0.35,0.03,0.008,48,3.8,14385,95.98,1382.2,12.8,-0.026,-35.991,1356,9209,3820
BTC/USDT,30m,0.35,0.03,0.01,4,3.0,14385,95.98,1382.2,3.3,-0.01,-13.525,57,1648,12680
BTC/USDT,30m,0.35,0.03,0.01,6,3.0,14385,95.98,1382.2,4.2,-0.014,-18.697,106,2419,11860
BTC/USDT,30m,0.35,0.03,0.01,8,3.0,14385,95.98,1382.2,5.0,-0.016,-21.932,163,3067,11155
BTC/USDT,30m,0.35,0.03,0.01,12,3.0,14385,95.98,1382.2,6.6,-0.021,-28.4,290,4135,9960
BTC/USDT,30m,0.35,0.03,0.01,16,3.0,14385,95.98,1382.2,8.2,-0.027,-37.442,453,5056,8876
BTC/USDT,30m,0.35,0.03,0.01,20,3.0,14385,95.98,1382.2,9.5,-0.035,-48.296,608,5811,7966
BTC/USDT,30m,0.35,0.03,0.01,24,3.0,14385,95.98,1382.2,10.3,-0.04,-54.8,734,6383,7268
BTC/USDT,30m,0.35,0.03,0.01,36,3.0,14385,95.98,1382.2,13.5,-0.034,-47.494,1170,7527,5688
BTC/USDT,30m,0.35,0.03,0.01,48,3.0,14385,95.98,1382.2,15.5,-0.035,-49.055,1517,8279,4589
BTC/USDT,30m,0.35,0.03,0.015,4,2.0,14385,95.98,1382.2,7.8,-0.01,-14.3,57,677,13651
BTC/USDT,30m,0.35,0.03,0.015,6,2.0,14385,95.98,1382.2,9.2,-0.014,-18.695,112,1103,13170
BTC/USDT,30m,0.35,0.03,0.015,8,2.0,14385,95.98,1382.2,10.1,-0.015,-20.482,171,1523,12691
BTC/USDT,30m,0.35,0.03,0.015,12,2.0,14385,95.98,1382.2,12.0,-0.018,-25.142,309,2274,11802
BTC/USDT,30m,0.35,0.03,0.015,16,2.0,14385,95.98,1382.2,14.2,-0.026,-36.439,493,2979,10913
BTC/USDT,30m,0.35,0.03,0.015,20,2.0,14385,95.98,1382.2,15.8,-0.036,-49.071,673,3598,10114
BTC/USDT,30m,0.35,0.03,0.015,24,2.0,14385,95.98,1382.2,16.4,-0.044,-61.41,819,4161,9405
BTC/USDT,30m,0.35,0.03,0.015,36,2.0,14385,95.98,1382.2,19.7,-0.054,-74.069,1326,5394,7665
BTC/USDT,30m,0.35,0.03,0.015,48,2.0,14385,95.98,1382.2,21.8,-0.06,-82.61,1747,6270,6368
BTC/USDT,30m,0.35,0.03,0.02,4,1.5,14385,95.98,1382.2,15.3,-0.011,-15.369,57,316,14012
BTC/USDT,30m,0.35,0.03,0.02,6,1.5,14385,95.98,1382.2,16.6,-0.015,-20.175,113,569,13703
BTC/USDT,30m,0.35,0.03,0.02,8,1.5,14385,95.98,1382.2,17.6,-0.018,-24.307,173,808,13404
BTC/USDT,30m,0.35,0.03,0.02,12,1.5,14385,95.98,1382.2,19.5,-0.022,-30.97,318,1309,12758
BTC/USDT,30m,0.35,0.03,0.02,16,1.5,14385,95.98,1382.2,22.1,-0.03,-41.196,504,1778,12103
BTC/USDT,30m,0.35,0.03,0.02,20,1.5,14385,95.98,1382.2,23.5,-0.041,-56.466,686,2228,11471
BTC/USDT,30m,0.35,0.03,0.02,24,1.5,14385,95.98,1382.2,23.8,-0.053,-73.065,835,2667,10883
BTC/USDT,30m,0.35,0.03,0.02,36,1.5,14385,95.98,1382.2,26.5,-0.067,-93.096,1383,3830,9172
BTC/USDT,30m,0.35,0.03,0.02,48,1.5,14385,95.98,1382.2,28.3,-0.083,-115.284,1860,4708,7817
BTC/USDT,30m,0.35,0.03,0.025,4,1.2,14385,95.98,1382.2,27.7,-0.011,-15.683,57,149,14179
BTC/USDT,30m,0.35,0.03,0.025,6,1.2,14385,95.98,1382.2,28.0,-0.016,-21.609,114,293,13978
BTC/USDT,30m,0.35,0.03,0.025,8,1.2,14385,95.98,1382.2,27.3,-0.02,-27.851,174,463,13748
BTC/USDT,30m,0.35,0.03,0.025,12,1.2,14385,95.98,1382.2,28.6,-0.028,-38.42,320,797,13268
BTC/USDT,30m,0.35,0.03,0.025,16,1.2,14385,95.98,1382.2,31.4,-0.037,-50.597,506,1103,12776
BTC/USDT,30m,0.35,0.03,0.025,20,1.2,14385,95.98,1382.2,32.4,-0.049,-67.885,691,1442,12252
BTC/USDT,30m,0.35,0.03,0.025,24,1.2,14385,95.98,1382.2,32.0,-0.063,-86.637,845,1798,11742
BTC/USDT,30m,0.35,0.03,0.025,36,1.2,14385,95.98,1382.2,33.6,-0.086,-119.319,1402,2775,10208
BTC/USDT,30m,0.35,0.03,0.025,48,1.2,14385,95.98,1382.2,34.6,-0.108,-148.654,1902,3592,8891
BTC/USDT,30m,0.35,0.04,0.008,4,5.0,14385,95.98,1382.2,1.0,-0.007,-10.0,24,2390,11971
BTC/USDT,30m,0.35,0.04,0.008,6,5.0,14385,95.98,1382.2,1.1,-0.011,-14.862,38,3340,11007
BTC/USDT,30m,0.35,0.04,0.008,8,5.0,14385,95.98,1382.2,1.5,-0.012,-17.05,63,4087,10235
BTC/USDT,30m,0.35,0.04,0.008,12,5.0,14385,95.98,1382.2,2.2,-0.014,-19.648,120,5342,8923
BTC/USDT,30m,0.35,0.04,0.008,16,5.0,14385,95.98,1382.2,2.8,-0.017,-24.12,177,6250,7958
BTC/USDT,30m,0.35,0.04,0.008,20,5.0,14385,95.98,1382.2,3.4,-0.022,-31.085,248,7019,7118
BTC/USDT,30m,0.35,0.04,0.008,24,5.0,14385,95.98,1382.2,3.9,-0.028,-39.118,311,7574,6500
BTC/USDT,30m,0.35,0.04,0.008,36,5.0,14385,95.98,1382.2,5.6,-0.026,-35.276,512,8619,5254
BTC/USDT,30m,0.35,0.04,0.008,48,5.0,14385,95.98,1382.2,7.4,-0.022,-30.354,742,9281,4362
BTC/USDT,30m,0.35,0.04,0.01,4,4.0,14385,95.98,1382.2,1.5,-0.009,-12.299,25,1649,12711
BTC/USDT,30m,0.35,0.04,0.01,6,4.0,14385,95.98,1382.2,1.7,-0.013,-17.988,41,2421,11923
BTC/USDT,30m,0.35,0.04,0.01,8,4.0,14385,95.98,1382.2,2.1,-0.015,-20.534,66,3070,11249
BTC/USDT,30m,0.35,0.04,0.01,12,4.0,14385,95.98,1382.2,2.9,-0.018,-24.361,125,4141,10119
BTC/USDT,30m,0.35,0.04,0.01,16,4.0,14385,95.98,1382.2,3.5,-0.023,-32.027,186,5063,9136
BTC/USDT,30m,0.35,0.04,0.01,20,4.0,14385,95.98,1382.2,4.3,-0.031,-42.605,264,5824,8297
BTC/USDT,30m,0.35,0.04,0.01,24,4.0,14385,95.98,1382.2,5.0,-0.036,-50.392,339,6401,7645
BTC/USDT,30m,0.35,0.04,0.01,36,4.0,14385,95.98,1382.2,6.9,-0.034,-46.886,559,7563,6263
BTC/USDT,30m,0.35,0.04,0.01,48,4.0,14385,95.98,1382.2,9.0,-0.03,-41.604,823,8339,5223
BTC/USDT,30m,0.35,0.04,0.015,4,2.7,14385,95.98,1382.2,3.6,-0.009,-13.122,25,678,13682
BTC/USDT,30m,0.35,0.04,0.015,6,2.7,14385,95.98,1382.2,3.8,-0.013,-17.971,44,1105,13236
BTC/USDT,30m,0.35,0.04,0.015,8,2.7,14385,95.98,1382.2,4.4,-0.014,-19.066,71,1525,12789
BTC/USDT,30m,0.35,0.04,0.015,12,2.7,14385,95.98,1382.2,5.5,-0.015,-21.317,132,2278,11975
BTC/USDT,30m,0.35,0.04,0.015,16,2.7,14385,95.98,1382.2,6.2,-0.022,-30.786,199,2985,11201
BTC/USDT,30m,0.35,0.04,0.015,20,2.7,14385,95.98,1382.2,7.4,-0.031,-42.308,287,3608,10490
BTC/USDT,30m,0.35,0.04,0.015,24,2.7,14385,95.98,1382.2,8.1,-0.04,-55.529,370,4172,9843
BTC/USDT,30m,0.35,0.04,0.015,36,2.7,14385,95.98,1382.2,10.5,-0.053,-72.599,634,5426,8325
BTC/USDT,30m,0.35,0.04,0.015,48,2.7,14385,95.98,1382.2,13.1,-0.055,-75.727,949,6321,7115
BTC/USDT,30m,0.35,0.04,0.02,4,2.0,14385,95.98,1382.2,7.3,-0.01,-14.197,25,316,14044
BTC/USDT,30m,0.35,0.04,0.02,6,2.0,14385,95.98,1382.2,7.2,-0.014,-19.302,44,569,13772
BTC/USDT,30m,0.35,0.04,0.02,8,2.0,14385,95.98,1382.2,8.2,-0.017,-22.811,72,808,13505
BTC/USDT,30m,0.35,0.04,0.02,12,2.0,14385,95.98,1382.2,9.5,-0.019,-26.916,138,1312,12935
BTC/USDT,30m,0.35,0.04,0.02,16,2.0,14385,95.98,1382.2,10.5,-0.025,-34.734,209,1782,12394
BTC/USDT,30m,0.35,0.04,0.02,20,2.0,14385,95.98,1382.2,11.8,-0.035,-48.429,299,2232,11854
BTC/USDT,30m,0.35,0.04,0.02,24,2.0,14385,95.98,1382.2,12.6,-0.047,-65.615,384,2672,11329
BTC/USDT,30m,0.35,0.04,0.02,36,2.0,14385,95.98,1382.2,14.8,-0.066,-90.698,667,3854,9864
BTC/USDT,30m,0.35,0.04,0.02,48,2.0,14385,95.98,1382.2,17.5,-0.079,-108.662,1009,4751,8625
BTC/USDT,30m,0.35,0.04,0.025,4,1.6,14385,95.98,1382.2,14.4,-0.01,-14.51,25,149,14211
BTC/USDT,30m,0.35,0.04,0.025,6,1.6,14385,95.98,1382.2,13.1,-0.015,-20.728,44,293,14048
BTC/USDT,30m,0.35,0.04,0.025,8,1.6,14385,95.98,1382.2,13.5,-0.019,-26.57,72,463,13850
BTC/USDT,30m,0.35,0.04,0.025,12,1.6,14385,95.98,1382.2,14.7,-0.025,-34.53,138,799,13448
BTC/USDT,30m,0.35,0.04,0.025,16,1.6,14385,95.98,1382.2,15.9,-0.032,-44.084,209,1105,13071
BTC/USDT,30m,0.35,0.04,0.025,20,1.6,14385,95.98,1382.2,17.3,-0.043,-59.453,302,1444,12639
BTC/USDT,30m,0.35,0.04,0.025,24,1.6,14385,95.98,1382.2,17.8,-0.057,-78.643,390,1801,12194
BTC/USDT,30m,0.35,0.04,0.025,36,1.6,14385,95.98,1382.2,19.6,-0.084,-115.798,679,2787,10919
BTC/USDT,30m,0.35,0.04,0.025,48,1.6,14385,95.98,1382.2,22.1,-0.101,-140.15,1028,3614,9743
BTC/USDT,30m,0.35,0.05,0.008,4,6.2,14385,95.98,1382.2,0.2,-0.007,-10.363,4,2390,11991
BTC/USDT,30m,0.35,0.05,0.008,6,6.2,14385,95.98,1382.2,0.2,-0.011,-15.41,8,3340,11037
BTC/USDT,30m,0.35,0.05,0.008,8,6.2,14385,95.98,1382.2,0.4,-0.012,-16.907,18,4087,10280
BTC/USDT,30m,0.35,0.05,0.008,12,6.2,14385,95.98,1382.2,1.0,-0.014,-18.888,52,5342,8991
BTC/USDT,30m,0.35,0.05,0.008,16,6.2,14385,95.98,1382.2,1.3,-0.017,-23.447,82,6252,8051
BTC/USDT,30m,0.35,0.05,0.008,20,6.2,14385,95.98,1382.2,1.5,-0.022,-30.954,110,7025,7250
BTC/USDT,30m,0.35,0.05,0.008,24,6.2,14385,95.98,1382.2,1.9,-0.028,-38.852,148,7585,6652
BTC/USDT,30m,0.35,0.05,0.008,36,6.2,14385,95.98,1382.2,2.6,-0.029,-39.886,235,8635,5515
BTC/USDT,30m,0.35,0.05,0.008,48,6.2,14385,95.98,1382.2,3.6,-0.029,-40.266,347,9310,4728
BTC/USDT,30m,0.35,0.05,0.01,4,5.0,14385,95.98,1382.2,0.2,-0.009,-12.646,4,1649,12732
BTC/USDT,30m,0.35,0.05,0.01,6,5.0,14385,95.98,1382.2,0.4,-0.013,-18.486,9,2421,11955
BTC/USDT,30m,0.35,0.05,0.01,8,5.0,14385,95.98,1382.2,0.6,-0.015,-20.467,19,3070,11296
BTC/USDT,30m,0.35,0.05,0.01,12,5.0,14385,95.98,1382.2,1.3,-0.017,-23.56,54,4141,10190
BTC/USDT,30m,0.35,0.05,0.01,16,5.0,14385,95.98,1382.2,1.7,-0.023,-31.327,86,5065,9234
BTC/USDT,30m,0.35,0.05,0.01,20,5.0,14385,95.98,1382.2,2.0,-0.031,-42.211,117,5829,8439
BTC/USDT,30m,0.35,0.05,0.01,24,5.0,14385,95.98,1382.2,2.5,-0.036,-49.793,163,6410,7812
BTC/USDT,30m,0.35,0.05,0.01,36,5.0,14385,95.98,1382.2,3.3,-0.038,-51.84,256,7578,6551
BTC/USDT,30m,0.35,0.05,0.01,48,5.0,14385,95.98,1382.2,4.4,-0.038,-52.742,388,8370,5627
BTC/USDT,30m,0.35,0.05,0.015,4,3.3,14385,95.98,1382.2,0.6,-0.01,-13.469,4,678,13703
BTC/USDT,30m,0.35,0.05,0.015,6,3.3,14385,95.98,1382.2,0.9,-0.013,-18.414,10,1105,13270
BTC/USDT,30m,0.35,0.05,0.015,8,3.3,14385,95.98,1382.2,1.4,-0.014,-18.717,22,1525,12838
BTC/USDT,30m,0.35,0.05,0.015,12,3.3,14385,95.98,1382.2,2.5,-0.015,-20.187,59,2278,12048
BTC/USDT,30m,0.35,0.05,0.015,16,3.3,14385,95.98,1382.2,3.1,-0.021,-29.635,94,2986,11305
BTC/USDT,30m,0.35,0.05,0.015,20,3.3,14385,95.98,1382.2,3.5,-0.03,-41.089,132,3610,10643
BTC/USDT,30m,0.35,0.05,0.015,24,3.3,14385,95.98,1382.2,4.3,-0.039,-53.228,186,4175,10024
BTC/USDT,30m,0.35,0.05,0.015,36,3.3,14385,95.98,1382.2,5.3,-0.054,-74.281,305,5434,8646
BTC/USDT,30m,0.35,0.05,0.015,48,3.3,14385,95.98,1382.2,6.8,-0.061,-83.74,466,6348,7571
BTC/USDT,30m,0.35,0.05,0.02,4,2.5,14385,95.98,1382.2,1.2,-0.011,-14.544,4,316,14065
BTC/USDT,30m,0.35,0.05,0.02,6,2.5,14385,95.98,1382.2,1.7,-0.014,-19.745,10,569,13806
BTC/USDT,30m,0.35,0.05,0.02,8,2.5,14385,95.98,1382.2,2.7,-0.016,-22.445,22,808,13555
BTC/USDT,30m,0.35,0.05,0.02,12,2.5,14385,95.98,1382.2,4.5,-0.019,-25.976,62,1312,13011
BTC/USDT,30m,0.35,0.05,0.02,16,2.5,14385,95.98,1382.2,5.3,-0.024,-33.455,99,1782,12504
BTC/USDT,30m,0.35,0.05,0.02,20,2.5,14385,95.98,1382.2,5.8,-0.034,-47.087,138,2232,12015
BTC/USDT,30m,0.35,0.05,0.02,24,2.5,14385,95.98,1382.2,6.7,-0.045,-62.886,193,2672,11520
BTC/USDT,30m,0.35,0.05,0.02,36,2.5,14385,95.98,1382.2,7.8,-0.066,-91.678,324,3854,10207
BTC/USDT,30m,0.35,0.05,0.02,48,2.5,14385,95.98,1382.2,9.5,-0.084,-115.79,497,4760,9128
BTC/USDT,30m,0.35,0.05,0.025,4,2.0,14385,95.98,1382.2,2.6,-0.011,-14.857,4,149,14232
BTC/USDT,30m,0.35,0.05,0.025,6,2.0,14385,95.98,1382.2,3.3,-0.015,-21.171,10,293,14082
BTC/USDT,30m,0.35,0.05,0.025,8,2.0,14385,95.98,1382.2,4.5,-0.019,-26.203,22,463,13900
BTC/USDT,30m,0.35,0.05,0.025,12,2.0,14385,95.98,1382.2,7.2,-0.024,-33.59,62,799,13524
BTC/USDT,30m,0.35,0.05,0.025,16,2.0,14385,95.98,1382.2,8.2,-0.031,-42.806,99,1105,13181
BTC/USDT,30m,0.35,0.05,0.025,20,2.0,14385,95.98,1382.2,8.8,-0.042,-58.266,139,1444,12802
BTC/USDT,30m,0.35,0.05,0.025,24,2.0,14385,95.98,1382.2,9.8,-0.055,-75.773,196,1801,12388
BTC/USDT,30m,0.35,0.05,0.025,36,2.0,14385,95.98,1382.2,10.6,-0.084,-116.65,329,2787,11269
BTC/USDT,30m,0.35,0.05,0.025,48,2.0,14385,95.98,1382.2,12.3,-0.107,-148.213,506,3622,10257
BTC/USDT,30m,0.35,0.075,0.008,4,9.4,14385,95.98,1382.2,0.0,-0.007,-9.994,1,2390,11994
BTC/USDT,30m,0.35,0.075,0.008,6,9.4,14385,95.98,1382.2,0.0,-0.011,-15.395,1,3340,11044
BTC/USDT,30m,0.35,0.075,0.008,8,9.4,14385,95.98,1382.2,0.0,-0.013,-17.397,1,4087,10297
BTC/USDT,30m,0.35,0.075,0.008,12,9.4,14385,95.98,1382.2,0.0,-0.014,-19.78,2,5342,9041
BTC/USDT,30m,0.35,0.075,0.008,16,9.4,14385,95.98,1382.2,0.1,-0.017,-23.449,9,6252,8124
BTC/USDT,30m,0.35,0.075,0.008,20,9.4,14385,95.98,1382.2,0.2,-0.022,-30.929,16,7025,7344
BTC/USDT,30m,0.35,0.075,0.008,24,9.4,14385,95.98,1382.2,0.3,-0.028,-38.829,25,7585,6775
BTC/USDT,30m,0.35,0.075,0.008,36,9.4,14385,95.98,1382.2,0.4,-0.032,-44.057,38,8637,5710
BTC/USDT,30m,0.35,0.075,0.008,48,9.4,14385,95.98,1382.2,0.8,-0.034,-47.182,72,9316,4997
BTC/USDT,30m,0.35,0.075,0.01,4,7.5,14385,95.98,1382.2,0.1,-0.009,-12.276,1,1649,12735
BTC/USDT,30m,0.35,0.075,0.01,6,7.5,14385,95.98,1382.2,0.0,-0.013,-18.43,1,2421,11963
BTC/USDT,30m,0.35,0.075,0.01,8,7.5,14385,95.98,1382.2,0.0,-0.015,-20.913,1,3070,11314
BTC/USDT,30m,0.35,0.075,0.01,12,7.5,14385,95.98,1382.2,0.0,-0.018,-24.502,2,4141,10242
BTC/USDT,30m,0.35,0.075,0.01,16,7.5,14385,95.98,1382.2,0.2,-0.023,-31.488,9,5065,9311
BTC/USDT,30m,0.35,0.075,0.01,20,7.5,14385,95.98,1382.2,0.3,-0.031,-42.377,16,5829,8540
BTC/USDT,30m,0.35,0.075,0.01,24,7.5,14385,95.98,1382.2,0.4,-0.036,-49.762,25,6410,7950
BTC/USDT,30m,0.35,0.075,0.01,36,7.5,14385,95.98,1382.2,0.5,-0.04,-55.854,41,7580,6764
BTC/USDT,30m,0.35,0.075,0.01,48,7.5,14385,95.98,1382.2,1.0,-0.043,-59.707,81,8375,5929
BTC/USDT,30m,0.35,0.075,0.015,4,5.0,14385,95.98,1382.2,0.1,-0.009,-13.099,1,678,13706
BTC/USDT,30m,0.35,0.075,0.015,6,5.0,14385,95.98,1382.2,0.1,-0.013,-18.377,1,1105,13279
BTC/USDT,30m,0.35,0.075,0.015,8,5.0,14385,95.98,1382.2,0.1,-0.014,-19.137,1,1525,12859
BTC/USDT,30m,0.35,0.075,0.015,12,5.0,14385,95.98,1382.2,0.1,-0.015,-21.274,2,2278,12105
BTC/USDT,30m,0.35,0.075,0.015,16,5.0,14385,95.98,1382.2,0.3,-0.022,-30.18,9,2986,11390
BTC/USDT,30m,0.35,0.075,0.015,20,5.0,14385,95.98,1382.2,0.4,-0.03,-41.569,16,3610,10759
BTC/USDT,30m,0.35,0.075,0.015,24,5.0,14385,95.98,1382.2,0.6,-0.039,-54.159,26,4175,10184
BTC/USDT,30m,0.35,0.075,0.015,36,5.0,14385,95.98,1382.2,0.9,-0.057,-78.323,52,5434,8899
BTC/USDT,30m,0.35,0.075,0.015,48,5.0,14385,95.98,1382.2,1.6,-0.065,-89.634,101,6350,7934
BTC/USDT,30m,0.35,0.075,0.02,4,3.8,14385,95.98,1382.2,0.3,-0.01,-14.174,1,316,14068
BTC/USDT,30m,0.35,0.075,0.02,6,3.8,14385,95.98,1382.2,0.2,-0.014,-19.708,1,569,13815
BTC/USDT,30m,0.35,0.075,0.02,8,3.8,14385,95.98,1382.2,0.1,-0.017,-22.865,1,808,13576
BTC/USDT,30m,0.35,0.075,0.02,12,3.8,14385,95.98,1382.2,0.2,-0.02,-27.189,2,1312,13071
BTC/USDT,30m,0.35,0.075,0.02,16,3.8,14385,95.98,1382.2,0.5,-0.025,-34.351,9,1782,12594
BTC/USDT,30m,0.35,0.075,0.02,20,3.8,14385,95.98,1382.2,0.7,-0.035,-48.035,16,2232,12137
BTC/USDT,30m,0.35,0.075,0.02,24,3.8,14385,95.98,1382.2,1.0,-0.046,-64.192,26,2672,11687
BTC/USDT,30m,0.35,0.075,0.02,36,3.8,14385,95.98,1382.2,1.4,-0.07,-97.42,54,3854,10477
BTC/USDT,30m,0.35,0.075,0.02,48,3.8,14385,95.98,1382.2,2.2,-0.09,-124.052,106,4760,9519
BTC/USDT,30m,0.35,0.075,0.025,4,3.0,14385,95.98,1382.2,0.7,-0.01,-14.487,1,149,14235
BTC/USDT,30m,0.35,0.075,0.025,6,3.0,14385,95.98,1382.2,0.3,-0.015,-21.134,1,293,14091
BTC/USDT,30m,0.35,0.075,0.025,8,3.0,14385,95.98,1382.2,0.2,-0.019,-26.623,1,463,13921
BTC/USDT,30m,0.35,0.075,0.025,12,3.0,14385,95.98,1382.2,0.2,-0.025,-34.803,2,799,13584
BTC/USDT,30m,0.35,0.075,0.025,16,3.0,14385,95.98,1382.2,0.8,-0.032,-43.702,9,1105,13271
BTC/USDT,30m,0.35,0.075,0.025,20,3.0,14385,95.98,1382.2,1.1,-0.043,-59.157,16,1444,12925
BTC/USDT,30m,0.35,0.075,0.025,24,3.0,14385,95.98,1382.2,1.5,-0.056,-77.051,27,1801,12557
BTC/USDT,30m,0.35,0.075,0.025,36,3.0,14385,95.98,1382.2,1.9,-0.089,-122.748,55,2787,11543
BTC/USDT,30m,0.35,0.075,0.025,48,3.0,14385,95.98,1382.2,2.9,-0.114,-157.273,107,3622,10656
BTC/USDT,30m,0.35,0.1,0.008,4,12.5,14385,95.98,1382.2,0.0,-0.007,-10.207,0,2390,11995
BTC/USDT,30m,0.35,0.1,0.008,6,12.5,14385,95.98,1382.2,0.0,-0.011,-15.595,0,3340,11045
BTC/USDT,30m,0.35,0.1,0.008,8,12.5,14385,95.98,1382.2,0.0,-0.013,-17.564,0,4087,10298
BTC/USDT,30m,0.35,0.1,0.008,12,12.5,14385,95.98,1382.2,0.0,-0.015,-20.063,0,5342,9043
BTC/USDT,30m,0.35,0.1,0.008,16,12.5,14385,95.98,1382.2,0.0,-0.017,-24.165,0,6252,8133
BTC/USDT,30m,0.35,0.1,0.008,20,12.5,14385,95.98,1382.2,0.0,-0.022,-30.486,3,7025,7357
BTC/USDT,30m,0.35,0.1,0.008,24,12.5,14385,95.98,1382.2,0.1,-0.028,-38.124,5,7585,6795
BTC/USDT,30m,0.35,0.1,0.008,36,12.5,14385,95.98,1382.2,0.1,-0.032,-43.582,11,8637,5737
BTC/USDT,30m,0.35,0.1,0.008,48,12.5,14385,95.98,1382.2,0.1,-0.036,-50.294,11,9316,5058
BTC/USDT,30m,0.35,0.1,0.01,4,10.0,14385,95.98,1382.2,0.0,-0.009,-12.49,0,1649,12736
BTC/USDT,30m,0.35,0.1,0.01,6,10.0,14385,95.98,1382.2,0.0,-0.013,-18.63,0,2421,11964
BTC/USDT,30m,0.35,0.1,0.01,8,10.0,14385,95.98,1382.2,0.0,-0.015,-21.08,0,3070,11315
BTC/USDT,30m,0.35,0.1,0.01,12,10.0,14385,95.98,1382.2,0.0,-0.018,-24.786,0,4141,10244
BTC/USDT,30m,0.35,0.1,0.01,16,10.0,14385,95.98,1382.2,0.0,-0.023,-32.204,0,5065,9320
BTC/USDT,30m,0.35,0.1,0.01,20,10.0,14385,95.98,1382.2,0.1,-0.03,-41.934,3,5829,8553
BTC/USDT,30m,0.35,0.1,0.01,24,10.0,14385,95.98,1382.2,0.1,-0.035,-49.057,5,6410,7970
BTC/USDT,30m,0.35,0.1,0.01,36,10.0,14385,95.98,1382.2,0.1,-0.04,-55.288,11,7580,6794
BTC/USDT,30m,0.35,0.1,0.01,48,10.0,14385,95.98,1382.2,0.1,-0.046,-63.004,11,8375,5999
BTC/USDT,30m,0.35,0.1,0.015,4,6.7,14385,95.98,1382.2,0.0,-0.01,-13.312,0,678,13707
BTC/USDT,30m,0.35,0.1,0.015,6,6.7,14385,95.98,1382.2,0.0,-0.013,-18.577,0,1105,13280
BTC/USDT,30m,0.35,0.1,0.015,8,6.7,14385,95.98,1382.2,0.0,-0.014,-19.304,0,1525,12860
BTC/USDT,30m,0.35,0.1,0.015,12,6.7,14385,95.98,1382.2,0.0,-0.016,-21.558,0,2278,12107
BTC/USDT,30m,0.35,0.1,0.015,16,6.7,14385,95.98,1382.2,0.0,-0.022,-30.896,0,2986,11399
BTC/USDT,30m,0.35,0.1,0.015,20,6.7,14385,95.98,1382.2,0.1,-0.03,-41.127,3,3610,10772
BTC/USDT,30m,0.35,0.1,0.015,24,6.7,14385,95.98,1382.2,0.1,-0.039,-53.374,5,4175,10205
BTC/USDT,30m,0.35,0.1,0.015,36,6.7,14385,95.98,1382.2,0.2,-0.056,-77.316,13,5434,8938
BTC/USDT,30m,0.35,0.1,0.015,48,6.7,14385,95.98,1382.2,0.2,-0.068,-93.573,13,6350,8022
BTC/USDT,30m,0.35,0.1,0.02,4,5.0,14385,95.98,1382.2,0.0,-0.01,-14.388,0,316,14069
BTC/USDT,30m,0.35,0.1,0.02,6,5.0,14385,95.98,1382.2,0.0,-0.014,-19.907,0,569,13816
BTC/USDT,30m,0.35,0.1,0.02,8,5.0,14385,95.98,1382.2,0.0,-0.017,-23.031,0,808,13577
BTC/USDT,30m,0.35,0.1,0.02,12,5.0,14385,95.98,1382.2,0.0,-0.02,-27.473,0,1312,13073
BTC/USDT,30m,0.35,0.1,0.02,16,5.0,14385,95.98,1382.2,0.0,-0.025,-35.068,0,1782,12603
BTC/USDT,30m,0.35,0.1,0.02,20,5.0,14385,95.98,1382.2,0.1,-0.034,-47.592,3,2232,12150
BTC/USDT,30m,0.35,0.1,0.02,24,5.0,14385,95.98,1382.2,0.2,-0.046,-63.406,5,2672,11708
BTC/USDT,30m,0.35,0.1,0.02,36,5.0,14385,95.98,1382.2,0.4,-0.07,-96.253,14,3854,10517
BTC/USDT,30m,0.35,0.1,0.02,48,5.0,14385,95.98,1382.2,0.3,-0.093,-127.959,14,4760,9611
BTC/USDT,30m,0.35,0.1,0.025,4,4.0,14385,95.98,1382.2,0.0,-0.011,-14.701,0,149,14236
BTC/USDT,30m,0.35,0.1,0.025,6,4.0,14385,95.98,1382.2,0.0,-0.015,-21.333,0,293,14092
BTC/USDT,30m,0.35,0.1,0.025,8,4.0,14385,95.98,1382.2,0.0,-0.019,-26.79,0,463,13922
BTC/USDT,30m,0.35,0.1,0.025,12,4.0,14385,95.98,1382.2,0.0,-0.025,-35.087,0,799,13586
BTC/USDT,30m,0.35,0.1,0.025,16,4.0,14385,95.98,1382.2,0.0,-0.032,-44.418,0,1105,13280
BTC/USDT,30m,0.35,0.1,0.025,20,4.0,14385,95.98,1382.2,0.2,-0.042,-58.715,3,1444,12938
BTC/USDT,30m,0.35,0.1,0.025,24,4.0,14385,95.98,1382.2,0.3,-0.055,-76.443,5,1801,12579
BTC/USDT,30m,0.35,0.1,0.025,36,4.0,14385,95.98,1382.2,0.5,-0.088,-121.679,14,2787,11584
BTC/USDT,30m,0.35,0.1,0.025,48,4.0,14385,95.98,1382.2,0.4,-0.117,-161.262,14,3622,10749
BTC/USDT,30m,0.4,0.01,0.008,4,1.2,13447,89.72,1292.0,37.0,-0.008,-9.726,1346,2295,9806
BTC/USDT,30m,0.4,0.01,0.008,6,1.2,13447,89.72,1292.0,38.1,-0.01,-13.174,1946,3158,8343
BTC/USDT,30m,0.4,0.01,0.008,8,1.2,13447,89.72,1292.0,39.0,-0.015,-19.49,2453,3829,7165
BTC/USDT,30m,0.4,0.01,0.008,12,1.2,13447,89.72,1292.0,39.6,-0.024,-31.323,3209,4887,5351
BTC/USDT,30m,0.4,0.01,0.008,16,1.2,13447,89.72,1292.0,40.1,-0.029,-37.681,3742,5581,4124
BTC/USDT,30m,0.4,0.01,0.008,20,1.2,13447,89.72,1292.0,40.4,-0.032,-41.244,4154,6129,3164
BTC/USDT,30m,0.4,0.01,0.008,24,1.2,13447,89.72,1292.0,40.8,-0.034,-43.855,4454,6467,2526
BTC/USDT,30m,0.4,0.01,0.008,36,1.2,13447,89.72,1292.0,42.1,-0.026,-33.03,5100,7003,1344
BTC/USDT,30m,0.4,0.01,0.008,48,1.2,13447,89.72,1292.0,42.9,-0.019,-23.971,5414,7198,835
BTC/USDT,30m,0.4,0.015,0.008,4,1.9,13447,89.72,1292.0,18.9,-0.006,-7.708,541,2328,10578
BTC/USDT,30m,0.4,0.015,0.008,6,1.9,13447,89.72,1292.0,21.0,-0.009,-11.066,860,3228,9359
BTC/USDT,30m,0.4,0.015,0.008,8,1.9,13447,89.72,1292.0,22.8,-0.011,-14.627,1162,3929,8356
BTC/USDT,30m,0.4,0.015,0.008,12,1.9,13447,89.72,1292.0,25.5,-0.017,-22.518,1744,5088,6615
BTC/USDT,30m,0.4,0.015,0.008,16,1.9,13447,89.72,1292.0,27.0,-0.025,-31.926,2179,5899,5369
BTC/USDT,30m,0.4,0.015,0.008,20,1.9,13447,89.72,1292.0,28.0,-0.027,-34.926,2551,6555,4341
BTC/USDT,30m,0.4,0.015,0.008,24,1.9,13447,89.72,1292.0,28.8,-0.032,-41.799,2837,7004,3606
BTC/USDT,30m,0.4,0.015,0.008,36,1.9,13447,89.72,1292.0,30.7,-0.025,-32.019,3420,7720,2307
BTC/USDT,30m,0.4,0.015,0.008,48,1.9,13447,89.72,1292.0,32.0,-0.02,-25.864,3801,8088,1558
BTC/USDT,30m,0.4,0.015,0.01,4,1.5,13447,89.72,1292.0,25.7,-0.007,-9.485,555,1608,11284
BTC/USDT,30m,0.4,0.015,0.01,6,1.5,13447,89.72,1292.0,27.5,-0.01,-12.896,888,2336,10223
BTC/USDT,30m,0.4,0.015,0.01,8,1.5,13447,89.72,1292.0,29.2,-0.012,-15.75,1212,2941,9294
BTC/USDT,30m,0.4,0.015,0.01,12,1.5,13447,89.72,1292.0,31.7,-0.02,-25.703,1824,3936,7687
BTC/USDT,30m,0.4,0.015,0.01,16,1.5,13447,89.72,1292.0,32.5,-0.03,-39.164,2294,4768,6385
BTC/USDT,30m,0.4,0.015,0.01,20,1.5,13447,89.72,1292.0,33.4,-0.035,-44.588,2714,5423,5310
BTC/USDT,30m,0.4,0.015,0.01,24,1.5,13447,89.72,1292.0,34.0,-0.04,-51.135,3042,5903,4502
BTC/USDT,30m,0.4,0.015,0.01,36,1.5,13447,89.72,1292.0,35.7,-0.03,-38.179,3760,6759,2928
BTC/USDT,30m,0.4,0.015,0.01,48,1.5,13447,89.72,1292.0,37.1,-0.022,-28.762,4250,7201,1996
BTC/USDT,30m,0.4,0.02,0.008,4,2.5,13447,89.72,1292.0,9.6,-0.005,-7.027,249,2337,10861
BTC/USDT,30m,0.4,0.02,0.008,6,2.5,13447,89.72,1292.0,11.6,-0.008,-10.616,426,3247,9774
BTC/USDT,30m,0.4,0.02,0.008,8,2.5,13447,89.72,1292.0,12.9,-0.011,-14.713,587,3968,8892
BTC/USDT,30m,0.4,0.02,0.008,12,2.5,13447,89.72,1292.0,15.4,-0.015,-19.874,939,5152,7356
BTC/USDT,30m,0.4,0.02,0.008,16,2.5,13447,89.72,1292.0,16.8,-0.024,-30.714,1214,5996,6237
BTC/USDT,30m,0.4,0.02,0.008,20,2.5,13447,89.72,1292.0,18.0,-0.031,-40.372,1468,6707,5272
BTC/USDT,30m,0.4,0.02,0.008,24,2.5,13447,89.72,1292.0,19.3,-0.036,-46.956,1724,7201,4522
BTC/USDT,30m,0.4,0.02,0.008,36,2.5,13447,89.72,1292.0,22.5,-0.026,-33.562,2330,8041,3076
BTC/USDT,30m,0.4,0.02,0.008,48,2.5,13447,89.72,1292.0,24.3,-0.021,-26.654,2736,8520,2191
BTC/USDT,30m,0.4,0.02,0.01,4,2.0,13447,89.72,1292.0,13.7,-0.007,-8.858,257,1616,11574
BTC/USDT,30m,0.4,0.02,0.01,6,2.0,13447,89.72,1292.0,15.8,-0.01,-12.814,441,2353,10653
BTC/USDT,30m,0.4,0.02,0.01,8,2.0,13447,89.72,1292.0,17.1,-0.013,-16.609,615,2976,9856
BTC/USDT,30m,0.4,0.02,0.01,12,2.0,13447,89.72,1292.0,19.8,-0.018,-23.607,987,3996,8464
BTC/USDT,30m,0.4,0.02,0.01,16,2.0,13447,89.72,1292.0,20.9,-0.029,-37.945,1288,4861,7298
BTC/USDT,30m,0.4,0.02,0.01,20,2.0,13447,89.72,1292.0,22.0,-0.04,-51.223,1572,5563,6312
BTC/USDT,30m,0.4,0.02,0.01,24,2.0,13447,89.72,1292.0,23.3,-0.045,-57.6,1851,6080,5516
BTC/USDT,30m,0.4,0.02,0.01,36,2.0,13447,89.72,1292.0,26.4,-0.035,-45.295,2539,7075,3833
BTC/USDT,30m,0.4,0.02,0.01,48,2.0,13447,89.72,1292.0,28.3,-0.031,-40.517,3026,7649,2772
BTC/USDT,30m,0.4,0.02,0.015,4,1.3,13447,89.72,1292.0,28.2,-0.007,-9.447,262,666,12519
BTC/USDT,30m,0.4,0.02,0.015,6,1.3,13447,89.72,1292.0,29.7,-0.01,-12.69,454,1077,11916
BTC/USDT,30m,0.4,0.02,0.015,8,1.3,13447,89.72,1292.0,30.1,-0.012,-15.085,636,1475,11336
BTC/USDT,30m,0.4,0.02,0.015,12,1.3,13447,89.72,1292.0,32.4,-0.015,-19.371,1049,2186,10212
BTC/USDT,30m,0.4,0.02,0.015,16,1.3,13447,89.72,1292.0,32.7,-0.027,-35.519,1389,2854,9204
BTC/USDT,30m,0.4,0.02,0.015,20,1.3,13447,89.72,1292.0,33.4,-0.039,-50.303,1717,3429,8301
BTC/USDT,30m,0.4,0.02,0.015,24,1.3,13447,89.72,1292.0,34.2,-0.048,-62.168,2051,3952,7444
BTC/USDT,30m,0.4,0.02,0.015,36,1.3,13447,89.72,1292.0,36.1,-0.052,-66.824,2857,5056,5534
BTC/USDT,30m,0.4,0.02,0.015,48,1.3,13447,89.72,1292.0,37.5,-0.054,-70.074,3463,5776,4208
BTC/USDT,30m,0.4,0.025,0.008,4,3.1,13447,89.72,1292.0,4.2,-0.007,-9.325,104,2345,10998
BTC/USDT,30m,0.4,0.025,0.008,6,3.1,13447,89.72,1292.0,5.6,-0.011,-13.812,194,3261,9992
BTC/USDT,30m,0.4,0.025,0.008,8,3.1,13447,89.72,1292.0,7.1,-0.014,-17.54,306,3985,9156
BTC/USDT,30m,0.4,0.025,0.008,12,3.1,13447,89.72,1292.0,9.0,-0.018,-23.323,513,5188,7746
BTC/USDT,30m,0.4,0.025,0.008,16,3.1,13447,89.72,1292.0,10.9,-0.025,-32.797,744,6056,6647
BTC/USDT,30m,0.4,0.025,0.008,20,3.1,13447,89.72,1292.0,11.7,-0.033,-42.886,902,6777,5768
BTC/USDT,30m,0.4,0.025,0.008,24,3.1,13447,89.72,1292.0,12.6,-0.04,-51.54,1055,7290,5102
BTC/USDT,30m,0.4,0.025,0.008,36,3.1,13447,89.72,1292.0,15.9,-0.035,-45.712,1547,8200,3700
BTC/USDT,30m,0.4,0.025,0.008,48,3.1,13447,89.72,1292.0,17.4,-0.035,-45.024,1847,8740,2860
BTC/USDT,30m,0.4,0.025,0.01,4,2.5,13447,89.72,1292.0,6.3,-0.009,-11.224,109,1622,11716
BTC/USDT,30m,0.4,0.025,0.01,6,2.5,13447,89.72,1292.0,7.8,-0.012,-16.125,201,2364,10882
BTC/USDT,30m,0.4,0.025,0.01,8,2.5,13447,89.72,1292.0,9.5,-0.015,-20.02,315,2991,10141
BTC/USDT,30m,0.4,0.025,0.01,12,2.5,13447,89.72,1292.0,11.8,-0.021,-27.167,537,4025,8885
BTC/USDT,30m,0.4,0.025,0.01,16,2.5,13447,89.72,1292.0,13.8,-0.031,-40.275,786,4912,7749
BTC/USDT,30m,0.4,0.025,0.01,20,2.5,13447,89.72,1292.0,14.6,-0.042,-54.07,963,5626,6858
BTC/USDT,30m,0.4,0.025,0.01,24,2.5,13447,89.72,1292.0,15.5,-0.049,-62.684,1132,6160,6155
BTC/USDT,30m,0.4,0.025,0.01,36,2.5,13447,89.72,1292.0,19.0,-0.045,-57.955,1690,7208,4549
BTC/USDT,30m,0.4,0.025,0.01,48,2.5,13447,89.72,1292.0,20.7,-0.046,-60.049,2056,7862,3529
BTC/USDT,30m,0.4,0.025,0.015,4,1.7,13447,89.72,1292.0,14.2,-0.009,-11.925,111,669,12667
BTC/USDT,30m,0.4,0.025,0.015,6,1.7,13447,89.72,1292.0,16.2,-0.012,-15.977,209,1081,12157
BTC/USDT,30m,0.4,0.025,0.015,8,1.7,13447,89.72,1292.0,18.1,-0.014,-18.387,327,1483,11637
BTC/USDT,30m,0.4,0.025,0.015,12,1.7,13447,89.72,1292.0,20.6,-0.018,-23.107,574,2209,10664
BTC/USDT,30m,0.4,0.025,0.015,16,1.7,13447,89.72,1292.0,22.7,-0.029,-37.886,849,2888,9710
BTC/USDT,30m,0.4,0.025,0.015,20,1.7,13447,89.72,1292.0,23.3,-0.041,-52.864,1055,3476,8916
BTC/USDT,30m,0.4,0.025,0.015,24,1.7,13447,89.72,1292.0,23.9,-0.052,-67.301,1257,4012,8178
BTC/USDT,30m,0.4,0.025,0.015,36,1.7,13447,89.72,1292.0,26.9,-0.064,-82.62,1904,5161,6382
BTC/USDT,30m,0.4,0.025,0.015,48,1.7,13447,89.72,1292.0,28.5,-0.071,-91.809,2378,5956,5113
BTC/USDT,30m,0.4,0.025,0.02,4,1.2,13447,89.72,1292.0,26.2,-0.01,-12.935,111,313,13023
BTC/USDT,30m,0.4,0.025,0.02,6,1.2,13447,89.72,1292.0,27.6,-0.013,-17.04,212,556,12679
BTC/USDT,30m,0.4,0.025,0.02,8,1.2,13447,89.72,1292.0,29.7,-0.017,-21.55,332,786,12329
BTC/USDT,30m,0.4,0.025,0.02,12,1.2,13447,89.72,1292.0,31.4,-0.023,-29.184,586,1278,11583
BTC/USDT,30m,0.4,0.025,0.02,16,1.2,13447,89.72,1292.0,33.3,-0.034,-43.506,868,1738,10841
BTC/USDT,30m,0.4,0.025,0.02,20,1.2,13447,89.72,1292.0,33.2,-0.047,-61.337,1081,2172,10194
BTC/USDT,30m,0.4,0.025,0.02,24,1.2,13447,89.72,1292.0,33.3,-0.061,-79.0,1294,2587,9566
BTC/USDT,30m,0.4,0.025,0.02,36,1.2,13447,89.72,1292.0,35.3,-0.077,-99.351,2004,3667,7776
BTC/USDT,30m,0.4,0.025,0.02,48,1.2,13447,89.72,1292.0,36.4,-0.092,-118.868,2555,4473,6419
BTC/USDT,30m,0.4,0.03,0.008,4,3.8,13447,89.72,1292.0,2.3,-0.008,-10.258,55,2347,11045
BTC/USDT,30m,0.4,0.03,0.008,6,3.8,13447,89.72,1292.0,3.1,-0.011,-14.108,103,3265,10079
BTC/USDT,30m,0.4,0.03,0.008,8,3.8,13447,89.72,1292.0,3.9,-0.014,-18.179,160,3991,9296
BTC/USDT,30m,0.4,0.03,0.008,12,3.8,13447,89.72,1292.0,5.1,-0.02,-25.259,278,5200,7969
BTC/USDT,30m,0.4,0.03,0.008,16,3.8,13447,89.72,1292.0,6.5,-0.027,-34.956,424,6073,6950
BTC/USDT,30m,0.4,0.03,0.008,20,3.8,13447,89.72,1292.0,7.7,-0.035,-45.372,564,6803,6080
BTC/USDT,30m,0.4,0.03,0.008,24,3.8,13447,89.72,1292.0,8.4,-0.042,-54.572,671,7323,5453
BTC/USDT,30m,0.4,0.03,0.008,36,3.8,13447,89.72,1292.0,11.2,-0.039,-50.012,1045,8265,4137
BTC/USDT,30m,0.4,0.03,0.008,48,3.8,13447,89.72,1292.0,12.9,-0.041,-53.293,1307,8844,3296
BTC/USDT,30m,0.4,0.03,0.01,4,3.0,13447,89.72,1292.0,3.4,-0.01,-12.47,57,1624,11766
BTC/USDT,30m,0.4,0.03,0.01,6,3.0,13447,89.72,1292.0,4.3,-0.013,-16.93,106,2368,10973
BTC/USDT,30m,0.4,0.03,0.01,8,3.0,13447,89.72,1292.0,5.2,-0.017,-21.338,163,2998,10286
BTC/USDT,30m,0.4,0.03,0.01,12,3.0,13447,89.72,1292.0,6.7,-0.023,-30.224,290,4039,9118
BTC/USDT,30m,0.4,0.03,0.01,16,3.0,13447,89.72,1292.0,8.3,-0.034,-44.549,448,4933,8066
BTC/USDT,30m,0.4,0.03,0.01,20,3.0,13447,89.72,1292.0,9.5,-0.046,-58.81,597,5656,7194
BTC/USDT,30m,0.4,0.03,0.01,24,3.0,13447,89.72,1292.0,10.4,-0.053,-67.86,720,6198,6529
BTC/USDT,30m,0.4,0.03,0.01,36,3.0,13447,89.72,1292.0,13.6,-0.048,-62.522,1141,7272,5034
BTC/USDT,30m,0.4,0.03,0.01,48,3.0,13447,89.72,1292.0,15.5,-0.052,-67.694,1463,7963,4021
BTC/USDT,30m,0.4,0.03,0.015,4,2.0,13447,89.72,1292.0,7.8,-0.01,-13.25,57,670,12720
BTC/USDT,30m,0.4,0.03,0.015,6,2.0,13447,89.72,1292.0,9.4,-0.013,-16.761,112,1085,12250
BTC/USDT,30m,0.4,0.03,0.015,8,2.0,13447,89.72,1292.0,10.3,-0.015,-19.48,171,1489,11787
BTC/USDT,30m,0.4,0.03,0.015,12,2.0,13447,89.72,1292.0,12.2,-0.02,-26.177,309,2221,10917
BTC/USDT,30m,0.4,0.03,0.015,16,2.0,13447,89.72,1292.0,14.4,-0.033,-42.008,488,2907,10052
BTC/USDT,30m,0.4,0.03,0.015,20,2.0,13447,89.72,1292.0,15.9,-0.044,-57.173,662,3501,9284
BTC/USDT,30m,0.4,0.03,0.015,24,2.0,13447,89.72,1292.0,16.6,-0.056,-71.762,805,4042,8600
BTC/USDT,30m,0.4,0.03,0.015,36,2.0,13447,89.72,1292.0,19.9,-0.066,-84.759,1297,5209,6941
BTC/USDT,30m,0.4,0.03,0.015,48,2.0,13447,89.72,1292.0,21.9,-0.076,-97.677,1693,6035,5719
BTC/USDT,30m,0.4,0.03,0.02,4,1.5,13447,89.72,1292.0,15.4,-0.011,-14.235,57,313,13077
BTC/USDT,30m,0.4,0.03,0.02,6,1.5,13447,89.72,1292.0,16.8,-0.014,-17.945,113,559,12775
BTC/USDT,30m,0.4,0.03,0.02,8,1.5,13447,89.72,1292.0,18.0,-0.018,-22.808,173,789,12485
BTC/USDT,30m,0.4,0.03,0.02,12,1.5,13447,89.72,1292.0,19.9,-0.024,-31.636,318,1282,11847
BTC/USDT,30m,0.4,0.03,0.02,16,1.5,13447,89.72,1292.0,22.2,-0.036,-46.367,499,1745,11203
BTC/USDT,30m,0.4,0.03,0.02,20,1.5,13447,89.72,1292.0,23.6,-0.05,-64.109,675,2181,10591
BTC/USDT,30m,0.4,0.03,0.02,24,1.5,13447,89.72,1292.0,24.0,-0.064,-82.259,821,2602,10024
BTC/USDT,30m,0.4,0.03,0.02,36,1.5,13447,89.72,1292.0,26.8,-0.078,-100.506,1354,3695,8398
BTC/USDT,30m,0.4,0.03,0.02,48,1.5,13447,89.72,1292.0,28.5,-0.097,-125.126,1806,4531,7110
BTC/USDT,30m,0.4,0.03,0.025,4,1.2,13447,89.72,1292.0,28.1,-0.011,-14.404,57,146,13244
BTC/USDT,30m,0.4,0.03,0.025,6,1.2,13447,89.72,1292.0,28.6,-0.015,-18.947,114,284,13049
BTC/USDT,30m,0.4,0.03,0.025,8,1.2,13447,89.72,1292.0,28.1,-0.02,-25.499,174,445,12828
BTC/USDT,30m,0.4,0.03,0.025,12,1.2,13447,89.72,1292.0,29.3,-0.029,-37.836,320,771,12356
BTC/USDT,30m,0.4,0.03,0.025,16,1.2,13447,89.72,1292.0,31.9,-0.042,-54.247,501,1071,11875
BTC/USDT,30m,0.4,0.03,0.025,20,1.2,13447,89.72,1292.0,32.6,-0.057,-73.719,680,1403,11364
BTC/USDT,30m,0.4,0.03,0.025,24,1.2,13447,89.72,1292.0,32.2,-0.073,-93.799,831,1751,10865
BTC/USDT,30m,0.4,0.03,0.025,36,1.2,13447,89.72,1292.0,34.0,-0.095,-122.567,1373,2669,9405
BTC/USDT,30m,0.4,0.03,0.025,48,1.2,13447,89.72,1292.0,34.9,-0.118,-153.088,1848,3444,8155
BTC/USDT,30m,0.4,0.04,0.008,4,5.0,13447,89.72,1292.0,1.0,-0.007,-9.119,24,2348,11075
BTC/USDT,30m,0.4,0.04,0.008,6,5.0,13447,89.72,1292.0,1.1,-0.011,-13.643,38,3268,10141
BTC/USDT,30m,0.4,0.04,0.008,8,5.0,13447,89.72,1292.0,1.6,-0.013,-17.079,63,3996,9388
BTC/USDT,30m,0.4,0.04,0.008,12,5.0,13447,89.72,1292.0,2.3,-0.017,-21.565,120,5207,8120
BTC/USDT,30m,0.4,0.04,0.008,16,5.0,13447,89.72,1292.0,2.8,-0.023,-30.102,177,6080,7190
BTC/USDT,30m,0.4,0.04,0.008,20,5.0,13447,89.72,1292.0,3.5,-0.031,-39.946,247,6816,6384
BTC/USDT,30m,0.4,0.04,0.008,24,5.0,13447,89.72,1292.0,4.1,-0.039,-50.385,310,7342,5795
BTC/USDT,30m,0.4,0.04,0.008,36,5.0,13447,89.72,1292.0,5.8,-0.037,-48.412,508,8312,4627
BTC/USDT,30m,0.4,0.04,0.008,48,5.0,13447,89.72,1292.0,7.6,-0.036,-46.324,732,8912,3803
BTC/USDT,30m,0.4,0.04,0.01,4,4.0,13447,89.72,1292.0,1.5,-0.009,-11.244,25,1625,11797
BTC/USDT,30m,0.4,0.04,0.01,6,4.0,13447,89.72,1292.0,1.7,-0.013,-16.221,41,2370,11036
BTC/USDT,30m,0.4,0.04,0.01,8,4.0,13447,89.72,1292.0,2.2,-0.015,-19.94,66,3001,10380
BTC/USDT,30m,0.4,0.04,0.01,12,4.0,13447,89.72,1292.0,3.0,-0.02,-26.186,125,4045,9277
BTC/USDT,30m,0.4,0.04,0.01,16,4.0,13447,89.72,1292.0,3.6,-0.03,-39.053,186,4940,8321
BTC/USDT,30m,0.4,0.04,0.01,20,4.0,13447,89.72,1292.0,4.4,-0.041,-52.764,263,5669,7515
BTC/USDT,30m,0.4,0.04,0.01,24,4.0,13447,89.72,1292.0,5.2,-0.049,-62.779,338,6216,6893
BTC/USDT,30m,0.4,0.04,0.01,36,4.0,13447,89.72,1292.0,7.1,-0.046,-59.889,555,7307,5585
BTC/USDT,30m,0.4,0.04,0.01,48,4.0,13447,89.72,1292.0,9.2,-0.046,-58.901,813,8021,4613
BTC/USDT,30m,0.4,0.04,0.015,4,2.7,13447,89.72,1292.0,3.6,-0.009,-12.072,25,671,12751
BTC/USDT,30m,0.4,0.04,0.015,6,2.7,13447,89.72,1292.0,3.9,-0.012,-16.037,44,1087,12316
BTC/USDT,30m,0.4,0.04,0.015,8,2.7,13447,89.72,1292.0,4.5,-0.014,-18.064,71,1491,11885
BTC/USDT,30m,0.4,0.04,0.015,12,2.7,13447,89.72,1292.0,5.6,-0.017,-22.352,132,2225,11090
BTC/USDT,30m,0.4,0.04,0.015,16,2.7,13447,89.72,1292.0,6.4,-0.028,-36.274,199,2913,10335
BTC/USDT,30m,0.4,0.04,0.015,20,2.7,13447,89.72,1292.0,7.5,-0.039,-50.056,286,3511,9650
BTC/USDT,30m,0.4,0.04,0.015,24,2.7,13447,89.72,1292.0,8.3,-0.05,-65.208,369,4053,9025
BTC/USDT,30m,0.4,0.04,0.015,36,2.7,13447,89.72,1292.0,10.7,-0.063,-81.311,630,5241,7576
BTC/USDT,30m,0.4,0.04,0.015,48,2.7,13447,89.72,1292.0,13.4,-0.069,-89.653,939,6086,6422
BTC/USDT,30m,0.4,0.04,0.02,4,2.0,13447,89.72,1292.0,7.4,-0.01,-13.063,25,313,13109
BTC/USDT,30m,0.4,0.04,0.02,6,2.0,13447,89.72,1292.0,7.3,-0.013,-17.072,44,559,12844
BTC/USDT,30m,0.4,0.04,0.02,8,2.0,13447,89.72,1292.0,8.4,-0.016,-21.312,72,789,12586
BTC/USDT,30m,0.4,0.04,0.02,12,2.0,13447,89.72,1292.0,9.7,-0.021,-27.582,138,1285,12024
BTC/USDT,30m,0.4,0.04,0.02,16,2.0,13447,89.72,1292.0,10.7,-0.031,-39.825,209,1749,11489
BTC/USDT,30m,0.4,0.04,0.02,20,2.0,13447,89.72,1292.0,12.0,-0.043,-55.718,298,2185,10964
BTC/USDT,30m,0.4,0.04,0.02,24,2.0,13447,89.72,1292.0,12.8,-0.057,-74.136,383,2607,10457
BTC/USDT,30m,0.4,0.04,0.02,36,2.0,13447,89.72,1292.0,15.1,-0.074,-96.129,663,3719,9065
BTC/USDT,30m,0.4,0.04,0.02,48,2.0,13447,89.72,1292.0,17.9,-0.091,-117.364,999,4574,7874
BTC/USDT,30m,0.4,0.04,0.025,4,1.6,13447,89.72,1292.0,14.6,-0.01,-13.232,25,146,13276
BTC/USDT,30m,0.4,0.04,0.025,6,1.6,13447,89.72,1292.0,13.4,-0.014,-18.066,44,284,13119
BTC/USDT,30m,0.4,0.04,0.025,8,1.6,13447,89.72,1292.0,13.9,-0.019,-24.219,72,445,12930
BTC/USDT,30m,0.4,0.04,0.025,12,1.6,13447,89.72,1292.0,15.1,-0.026,-33.945,138,773,12536
BTC/USDT,30m,0.4,0.04,0.025,16,1.6,13447,89.72,1292.0,16.3,-0.037,-47.654,209,1073,12165
BTC/USDT,30m,0.4,0.04,0.025,20,1.6,13447,89.72,1292.0,17.6,-0.05,-64.932,301,1405,11741
BTC/USDT,30m,0.4,0.04,0.025,24,1.6,13447,89.72,1292.0,18.2,-0.066,-85.133,389,1754,11304
BTC/USDT,30m,0.4,0.04,0.025,36,1.6,13447,89.72,1292.0,20.1,-0.091,-117.068,675,2681,10091
BTC/USDT,30m,0.4,0.04,0.025,48,1.6,13447,89.72,1292.0,22.7,-0.111,-143.445,1018,3466,8963
BTC/USDT,30m,0.4,0.05,0.008,4,6.2,13447,89.72,1292.0,0.2,-0.007,-9.482,4,2348,11095
BTC/USDT,30m,0.4,0.05,0.008,6,6.2,13447,89.72,1292.0,0.2,-0.011,-14.191,8,3268,10171
BTC/USDT,30m,0.4,0.05,0.008,8,6.2,13447,89.72,1292.0,0.4,-0.013,-16.937,18,3996,9433
BTC/USDT,30m,0.4,0.05,0.008,12,6.2,13447,89.72,1292.0,1.0,-0.016,-20.805,52,5207,8188
BTC/USDT,30m,0.4,0.05,0.008,16,6.2,13447,89.72,1292.0,1.3,-0.023,-29.428,82,6082,7283
BTC/USDT,30m,0.4,0.05,0.008,20,6.2,13447,89.72,1292.0,1.6,-0.031,-39.911,109,6822,6516
BTC/USDT,30m,0.4,0.05,0.008,24,6.2,13447,89.72,1292.0,2.0,-0.039,-50.215,147,7353,5947
BTC/USDT,30m,0.4,0.05,0.008,36,6.2,13447,89.72,1292.0,2.7,-0.041,-53.151,234,8328,4885
BTC/USDT,30m,0.4,0.05,0.008,48,6.2,13447,89.72,1292.0,3.7,-0.043,-56.103,346,8941,4160
BTC/USDT,30m,0.4,0.05,0.01,4,5.0,13447,89.72,1292.0,0.2,-0.009,-11.591,4,1625,11818
BTC/USDT,30m,0.4,0.05,0.01,6,5.0,13447,89.72,1292.0,0.4,-0.013,-16.72,9,2370,11068
BTC/USDT,30m,0.4,0.05,0.01,8,5.0,13447,89.72,1292.0,0.6,-0.015,-19.873,19,3001,10427
BTC/USDT,30m,0.4,0.05,0.01,12,5.0,13447,89.72,1292.0,1.3,-0.02,-25.385,54,4045,9348
BTC/USDT,30m,0.4,0.05,0.01,16,5.0,13447,89.72,1292.0,1.7,-0.03,-38.353,86,4942,8419
BTC/USDT,30m,0.4,0.05,0.01,20,5.0,13447,89.72,1292.0,2.0,-0.041,-52.467,116,5674,7657
BTC/USDT,30m,0.4,0.05,0.01,24,5.0,13447,89.72,1292.0,2.5,-0.048,-62.277,162,6225,7060
BTC/USDT,30m,0.4,0.05,0.01,36,5.0,13447,89.72,1292.0,3.4,-0.05,-64.971,255,7322,5870
BTC/USDT,30m,0.4,0.05,0.01,48,5.0,13447,89.72,1292.0,4.6,-0.054,-69.906,387,8052,5008
BTC/USDT,30m,0.4,0.05,0.015,4,3.3,13447,89.72,1292.0,0.6,-0.01,-12.419,4,671,12772
BTC/USDT,30m,0.4,0.05,0.015,6,3.3,13447,89.72,1292.0,0.9,-0.013,-16.48,10,1087,12350
BTC/USDT,30m,0.4,0.05,0.015,8,3.3,13447,89.72,1292.0,1.5,-0.014,-17.714,22,1491,11934
BTC/USDT,30m,0.4,0.05,0.015,12,3.3,13447,89.72,1292.0,2.6,-0.016,-21.223,59,2225,11163
BTC/USDT,30m,0.4,0.05,0.015,16,3.3,13447,89.72,1292.0,3.1,-0.027,-35.124,94,2914,10439
BTC/USDT,30m,0.4,0.05,0.015,20,3.3,13447,89.72,1292.0,3.6,-0.038,-48.932,131,3513,9803
BTC/USDT,30m,0.4,0.05,0.015,24,3.3,13447,89.72,1292.0,4.4,-0.049,-63.004,185,4056,9206
BTC/USDT,30m,0.4,0.05,0.015,36,3.3,13447,89.72,1292.0,5.5,-0.064,-83.121,304,5249,7894
BTC/USDT,30m,0.4,0.05,0.015,48,3.3,13447,89.72,1292.0,7.1,-0.075,-97.534,465,6113,6869
BTC/USDT,30m,0.4,0.05,0.02,4,2.5,13447,89.72,1292.0,1.3,-0.01,-13.41,4,313,13130
BTC/USDT,30m,0.4,0.05,0.02,6,2.5,13447,89.72,1292.0,1.8,-0.014,-17.515,10,559,12878
BTC/USDT,30m,0.4,0.05,0.02,8,2.5,13447,89.72,1292.0,2.7,-0.016,-20.946,22,789,12636
BTC/USDT,30m,0.4,0.05,0.02,12,2.5,13447,89.72,1292.0,4.6,-0.021,-26.642,62,1285,12100
BTC/USDT,30m,0.4,0.05,0.02,16,2.5,13447,89.72,1292.0,5.4,-0.03,-38.546,99,1749,11599
BTC/USDT,30m,0.4,0.05,0.02,20,2.5,13447,89.72,1292.0,5.9,-0.042,-54.471,137,2185,11125
BTC/USDT,30m,0.4,0.05,0.02,24,2.5,13447,89.72,1292.0,6.9,-0.055,-71.504,192,2607,10648
BTC/USDT,30m,0.4,0.05,0.02,36,2.5,13447,89.72,1292.0,8.0,-0.075,-97.237,323,3719,9405
BTC/USDT,30m,0.4,0.05,0.02,48,2.5,13447,89.72,1292.0,9.8,-0.096,-124.36,496,4583,8368
BTC/USDT,30m,0.4,0.05,0.025,4,2.0,13447,89.72,1292.0,2.7,-0.011,-13.579,4,146,13297
BTC/USDT,30m,0.4,0.05,0.025,6,2.0,13447,89.72,1292.0,3.4,-0.014,-18.509,10,284,13153
BTC/USDT,30m,0.4,0.05,0.025,8,2.0,13447,89.72,1292.0,4.7,-0.018,-23.852,22,445,12980
BTC/USDT,30m,0.4,0.05,0.025,12,2.0,13447,89.72,1292.0,7.4,-0.026,-33.006,62,773,12612
BTC/USDT,30m,0.4,0.05,0.025,16,2.0,13447,89.72,1292.0,8.4,-0.036,-46.375,99,1073,12275
BTC/USDT,30m,0.4,0.05,0.025,20,2.0,13447,89.72,1292.0,8.9,-0.049,-63.841,138,1405,11904
BTC/USDT,30m,0.4,0.05,0.025,24,2.0,13447,89.72,1292.0,10.0,-0.064,-82.359,195,1754,11498
BTC/USDT,30m,0.4,0.05,0.025,36,2.0,13447,89.72,1292.0,10.9,-0.091,-118.048,328,2681,10438
BTC/USDT,30m,0.4,0.05,0.025,48,2.0,13447,89.72,1292.0,12.7,-0.117,-151.375,505,3474,9468
BTC/USDT,30m,0.4,0.075,0.008,4,9.4,13447,89.72,1292.0,0.0,-0.007,-9.112,1,2348,11098
BTC/USDT,30m,0.4,0.075,0.008,6,9.4,13447,89.72,1292.0,0.0,-0.011,-14.176,1,3268,10178
BTC/USDT,30m,0.4,0.075,0.008,8,9.4,13447,89.72,1292.0,0.0,-0.013,-17.427,1,3996,9450
BTC/USDT,30m,0.4,0.075,0.008,12,9.4,13447,89.72,1292.0,0.0,-0.017,-21.696,2,5207,8238
BTC/USDT,30m,0.4,0.075,0.008,16,9.4,13447,89.72,1292.0,0.1,-0.023,-29.43,9,6082,7356
BTC/USDT,30m,0.4,0.075,0.008,20,9.4,13447,89.72,1292.0,0.2,-0.031,-39.85,16,6822,6609
BTC/USDT,30m,0.4,0.075,0.008,24,9.4,13447,89.72,1292.0,0.3,-0.039,-50.172,25,7353,6069
BTC/USDT,30m,0.4,0.075,0.008,36,9.4,13447,89.72,1292.0,0.5,-0.044,-57.319,38,8330,5079
BTC/USDT,30m,0.4,0.075,0.008,48,9.4,13447,89.72,1292.0,0.8,-0.049,-63.004,72,8947,4428
BTC/USDT,30m,0.4,0.075,0.01,4,7.5,13447,89.72,1292.0,0.1,-0.009,-11.221,1,1625,11821
BTC/USDT,30m,0.4,0.075,0.01,6,7.5,13447,89.72,1292.0,0.0,-0.013,-16.664,1,2370,11076
BTC/USDT,30m,0.4,0.075,0.01,8,7.5,13447,89.72,1292.0,0.0,-0.016,-20.319,1,3001,10445
BTC/USDT,30m,0.4,0.075,0.01,12,7.5,13447,89.72,1292.0,0.0,-0.02,-26.326,2,4045,9400
BTC/USDT,30m,0.4,0.075,0.01,16,7.5,13447,89.72,1292.0,0.2,-0.03,-38.514,9,4942,8496
BTC/USDT,30m,0.4,0.075,0.01,20,7.5,13447,89.72,1292.0,0.3,-0.041,-52.596,16,5674,7757
BTC/USDT,30m,0.4,0.075,0.01,24,7.5,13447,89.72,1292.0,0.4,-0.048,-62.226,25,6225,7197
BTC/USDT,30m,0.4,0.075,0.01,36,7.5,13447,89.72,1292.0,0.6,-0.053,-68.983,41,7324,6082
BTC/USDT,30m,0.4,0.075,0.01,48,7.5,13447,89.72,1292.0,1.0,-0.059,-76.856,81,8057,5309
BTC/USDT,30m,0.4,0.075,0.015,4,5.0,13447,89.72,1292.0,0.1,-0.009,-12.05,1,671,12775
BTC/USDT,30m,0.4,0.075,0.015,6,5.0,13447,89.72,1292.0,0.1,-0.013,-16.443,1,1087,12359
BTC/USDT,30m,0.4,0.075,0.015,8,5.0,13447,89.72,1292.0,0.1,-0.014,-18.135,1,1491,11955
BTC/USDT,30m,0.4,0.075,0.015,12,5.0,13447,89.72,1292.0,0.1,-0.017,-22.309,2,2225,11220
BTC/USDT,30m,0.4,0.075,0.015,16,5.0,13447,89.72,1292.0,0.3,-0.028,-35.669,9,2914,10524
BTC/USDT,30m,0.4,0.075,0.015,20,5.0,13447,89.72,1292.0,0.5,-0.038,-49.376,16,3513,9918
BTC/USDT,30m,0.4,0.075,0.015,24,5.0,13447,89.72,1292.0,0.6,-0.049,-63.915,26,4056,9365
BTC/USDT,30m,0.4,0.075,0.015,36,5.0,13447,89.72,1292.0,1.0,-0.067,-87.161,52,5249,8146
BTC/USDT,30m,0.4,0.075,0.015,48,5.0,13447,89.72,1292.0,1.6,-0.08,-103.413,101,6115,7231
BTC/USDT,30m,0.4,0.075,0.02,4,3.8,13447,89.72,1292.0,0.3,-0.01,-13.04,1,313,13133
BTC/USDT,30m,0.4,0.075,0.02,6,3.8,13447,89.72,1292.0,0.2,-0.014,-17.478,1,559,12887
BTC/USDT,30m,0.4,0.075,0.02,8,3.8,13447,89.72,1292.0,0.1,-0.017,-21.366,1,789,12657
BTC/USDT,30m,0.4,0.075,0.02,12,3.8,13447,89.72,1292.0,0.2,-0.022,-27.855,2,1285,12160
BTC/USDT,30m,0.4,0.075,0.02,16,3.8,13447,89.72,1292.0,0.5,-0.031,-39.442,9,1749,11689
BTC/USDT,30m,0.4,0.075,0.02,20,3.8,13447,89.72,1292.0,0.7,-0.043,-55.383,16,2185,11246
BTC/USDT,30m,0.4,0.075,0.02,24,3.8,13447,89.72,1292.0,1.0,-0.056,-72.789,26,2607,10814
BTC/USDT,30m,0.4,0.075,0.02,36,3.8,13447,89.72,1292.0,1.4,-0.08,-102.977,54,3719,9674
BTC/USDT,30m,0.4,0.075,0.02,48,3.8,13447,89.72,1292.0,2.3,-0.103,-132.607,106,4583,8758
BTC/USDT,30m,0.4,0.075,0.025,4,3.0,13447,89.72,1292.0,0.7,-0.01,-13.209,1,146,13300
BTC/USDT,30m,0.4,0.075,0.025,6,3.0,13447,89.72,1292.0,0.4,-0.014,-18.472,1,284,13162
BTC/USDT,30m,0.4,0.075,0.025,8,3.0,13447,89.72,1292.0,0.2,-0.019,-24.272,1,445,13001
BTC/USDT,30m,0.4,0.075,0.025,12,3.0,13447,89.72,1292.0,0.3,-0.026,-34.218,2,773,12672
BTC/USDT,30m,0.4,0.075,0.025,16,3.0,13447,89.72,1292.0,0.8,-0.037,-47.271,9,1073,12365
BTC/USDT,30m,0.4,0.075,0.025,20,3.0,13447,89.72,1292.0,1.1,-0.05,-64.696,16,1405,12026
BTC/USDT,30m,0.4,0.075,0.025,24,3.0,13447,89.72,1292.0,1.5,-0.065,-83.617,27,1754,11666
BTC/USDT,30m,0.4,0.075,0.025,36,3.0,13447,89.72,1292.0,2.0,-0.096,-124.144,55,2681,10711
BTC/USDT,30m,0.4,0.075,0.025,48,3.0,13447,89.72,1292.0,3.0,-0.124,-160.419,107,3474,9866
BTC/USDT,30m,0.4,0.1,0.008,4,12.5,13447,89.72,1292.0,0.0,-0.007,-9.326,0,2348,11099
BTC/USDT,30m,0.4,0.1,0.008,6,12.5,13447,89.72,1292.0,0.0,-0.011,-14.376,0,3268,10179
BTC/USDT,30m,0.4,0.1,0.008,8,12.5,13447,89.72,1292.0,0.0,-0.014,-17.593,0,3996,9451
BTC/USDT,30m,0.4,0.1,0.008,12,12.5,13447,89.72,1292.0,0.0,-0.017,-21.979,0,5207,8240
BTC/USDT,30m,0.4,0.1,0.008,16,12.5,13447,89.72,1292.0,0.0,-0.023,-30.147,0,6082,7365
BTC/USDT,30m,0.4,0.1,0.008,20,12.5,13447,89.72,1292.0,0.0,-0.031,-39.407,3,6822,6622
BTC/USDT,30m,0.4,0.1,0.008,24,12.5,13447,89.72,1292.0,0.1,-0.038,-49.467,5,7353,6089
BTC/USDT,30m,0.4,0.1,0.008,36,12.5,13447,89.72,1292.0,0.1,-0.044,-56.844,11,8330,5106
BTC/USDT,30m,0.4,0.1,0.008,48,12.5,13447,89.72,1292.0,0.1,-0.051,-66.116,11,8947,4489
BTC/USDT,30m,0.4,0.1,0.01,4,10.0,13447,89.72,1292.0,0.0,-0.009,-11.435,0,1625,11822
BTC/USDT,30m,0.4,0.1,0.01,6,10.0,13447,89.72,1292.0,0.0,-0.013,-16.863,0,2370,11077
BTC/USDT,30m,0.4,0.1,0.01,8,10.0,13447,89.72,1292.0,0.0,-0.016,-20.486,0,3001,10446
BTC/USDT,30m,0.4,0.1,0.01,12,10.0,13447,89.72,1292.0,0.0,-0.021,-26.61,0,4045,9402
BTC/USDT,30m,0.4,0.1,0.01,16,10.0,13447,89.72,1292.0,0.0,-0.03,-39.231,0,4942,8505
BTC/USDT,30m,0.4,0.1,0.01,20,10.0,13447,89.72,1292.0,0.1,-0.04,-52.153,3,5674,7770
BTC/USDT,30m,0.4,0.1,0.01,24,10.0,13447,89.72,1292.0,0.1,-0.048,-61.521,5,6225,7217
BTC/USDT,30m,0.4,0.1,0.01,36,10.0,13447,89.72,1292.0,0.1,-0.053,-68.416,11,7324,6112
BTC/USDT,30m,0.4,0.1,0.01,48,10.0,13447,89.72,1292.0,0.1,-0.062,-80.153,11,8057,5379
BTC/USDT,30m,0.4,0.1,0.015,4,6.7,13447,89.72,1292.0,0.0,-0.009,-12.263,0,671,12776
BTC/USDT,30m,0.4,0.1,0.015,6,6.7,13447,89.72,1292.0,0.0,-0.013,-16.643,0,1087,12360
BTC/USDT,30m,0.4,0.1,0.015,8,6.7,13447,89.72,1292.0,0.0,-0.014,-18.301,0,1491,11956
BTC/USDT,30m,0.4,0.1,0.015,12,6.7,13447,89.72,1292.0,0.0,-0.017,-22.593,0,2225,11222
BTC/USDT,30m,0.4,0.1,0.015,16,6.7,13447,89.72,1292.0,0.0,-0.028,-36.385,0,2914,10533
BTC/USDT,30m,0.4,0.1,0.015,20,6.7,13447,89.72,1292.0,0.1,-0.038,-48.933,3,3513,9931
BTC/USDT,30m,0.4,0.1,0.015,24,6.7,13447,89.72,1292.0,0.1,-0.049,-63.129,5,4056,9386
BTC/USDT,30m,0.4,0.1,0.015,36,6.7,13447,89.72,1292.0,0.2,-0.067,-86.154,13,5249,8185
BTC/USDT,30m,0.4,0.1,0.015,48,6.7,13447,89.72,1292.0,0.2,-0.083,-107.351,13,6115,7319
BTC/USDT,30m,0.4,0.1,0.02,4,5.0,13447,89.72,1292.0,0.0,-0.01,-13.253,0,313,13134
BTC/USDT,30m,0.4,0.1,0.02,6,5.0,13447,89.72,1292.0,0.0,-0.014,-17.678,0,559,12888
BTC/USDT,30m,0.4,0.1,0.02,8,5.0,13447,89.72,1292.0,0.0,-0.017,-21.533,0,789,12658
BTC/USDT,30m,0.4,0.1,0.02,12,5.0,13447,89.72,1292.0,0.0,-0.022,-28.139,0,1285,12162
BTC/USDT,30m,0.4,0.1,0.02,16,5.0,13447,89.72,1292.0,0.0,-0.031,-40.159,0,1749,11698
BTC/USDT,30m,0.4,0.1,0.02,20,5.0,13447,89.72,1292.0,0.1,-0.043,-54.94,3,2185,11259
BTC/USDT,30m,0.4,0.1,0.02,24,5.0,13447,89.72,1292.0,0.2,-0.056,-72.004,5,2607,10835
BTC/USDT,30m,0.4,0.1,0.02,36,5.0,13447,89.72,1292.0,0.4,-0.079,-101.81,14,3719,9714
BTC/USDT,30m,0.4,0.1,0.02,48,5.0,13447,89.72,1292.0,0.3,-0.106,-136.514,14,4583,8850
BTC/USDT,30m,0.4,0.1,0.025,4,4.0,13447,89.72,1292.0,0.0,-0.01,-13.422,0,146,13301
BTC/USDT,30m,0.4,0.1,0.025,6,4.0,13447,89.72,1292.0,0.0,-0.014,-18.672,0,284,13163
BTC/USDT,30m,0.4,0.1,0.025,8,4.0,13447,89.72,1292.0,0.0,-0.019,-24.439,0,445,13002
BTC/USDT,30m,0.4,0.1,0.025,12,4.0,13447,89.72,1292.0,0.0,-0.027,-34.502,0,773,12674
BTC/USDT,30m,0.4,0.1,0.025,16,4.0,13447,89.72,1292.0,0.0,-0.037,-47.988,0,1073,12374
BTC/USDT,30m,0.4,0.1,0.025,20,4.0,13447,89.72,1292.0,0.2,-0.05,-64.253,3,1405,12039
BTC/USDT,30m,0.4,0.1,0.025,24,4.0,13447,89.72,1292.0,0.3,-0.064,-83.009,5,1754,11688
BTC/USDT,30m,0.4,0.1,0.025,36,4.0,13447,89.72,1292.0,0.5,-0.095,-123.075,14,2681,10752
BTC/USDT,30m,0.4,0.1,0.025,48,4.0,13447,89.72,1292.0,0.4,-0.127,-164.408,14,3474,9959
BTC/USDT,30m,0.45,0.01,0.008,4,1.2,12903,86.09,1239.8,36.9,-0.009,-10.899,1324,2261,9318
BTC/USDT,30m,0.45,0.01,0.008,6,1.2,12903,86.09,1239.8,38.1,-0.012,-14.757,1913,3103,7887
BTC/USDT,30m,0.45,0.01,0.008,8,1.2,12903,86.09,1239.8,39.0,-0.018,-21.885,2402,3751,6750
BTC/USDT,30m,0.45,0.01,0.008,12,1.2,12903,86.09,1239.8,39.6,-0.027,-33.841,3123,4768,5012
BTC/USDT,30m,0.45,0.01,0.008,16,1.2,12903,86.09,1239.8,40.1,-0.033,-40.938,3630,5429,3844
BTC/USDT,30m,0.45,0.01,0.008,20,1.2,12903,86.09,1239.8,40.3,-0.037,-45.399,4015,5956,2932
BTC/USDT,30m,0.45,0.01,0.008,24,1.2,12903,86.09,1239.8,40.6,-0.039,-48.638,4290,6284,2329
BTC/USDT,30m,0.45,0.01,0.008,36,1.2,12903,86.09,1239.8,41.8,-0.033,-40.449,4876,6795,1232
BTC/USDT,30m,0.45,0.01,0.008,48,1.2,12903,86.09,1239.8,42.5,-0.026,-32.502,5162,6977,764
BTC/USDT,30m,0.45,0.015,0.008,4,1.9,12903,86.09,1239.8,18.9,-0.007,-8.78,535,2294,10074
BTC/USDT,30m,0.45,0.015,0.008,6,1.9,12903,86.09,1239.8,21.1,-0.01,-12.494,850,3172,8881
BTC/USDT,30m,0.45,0.015,0.008,8,1.9,12903,86.09,1239.8,23.0,-0.013,-16.561,1147,3849,7907
BTC/USDT,30m,0.45,0.015,0.008,12,1.9,12903,86.09,1239.8,25.6,-0.02,-25.219,1706,4965,6232
BTC/USDT,30m,0.45,0.015,0.008,16,1.9,12903,86.09,1239.8,26.9,-0.029,-35.668,2117,5741,5045
BTC/USDT,30m,0.45,0.015,0.008,20,1.9,12903,86.09,1239.8,28.0,-0.032,-39.609,2476,6375,4052
BTC/USDT,30m,0.45,0.015,0.008,24,1.9,12903,86.09,1239.8,28.8,-0.038,-46.712,2755,6812,3336
BTC/USDT,30m,0.45,0.015,0.008,36,1.9,12903,86.09,1239.8,30.6,-0.032,-40.164,3299,7498,2106
BTC/USDT,30m,0.45,0.015,0.008,48,1.9,12903,86.09,1239.8,31.6,-0.03,-37.434,3633,7847,1423
BTC/USDT,30m,0.45,0.015,0.01,4,1.5,12903,86.09,1239.8,25.8,-0.009,-10.643,549,1583,10771
BTC/USDT,30m,0.45,0.015,0.01,6,1.5,12903,86.09,1239.8,27.6,-0.012,-14.302,878,2301,9724
BTC/USDT,30m,0.45,0.015,0.01,8,1.5,12903,86.09,1239.8,29.3,-0.014,-17.452,1197,2888,8818
BTC/USDT,30m,0.45,0.015,0.01,12,1.5,12903,86.09,1239.8,31.7,-0.023,-28.761,1786,3855,7262
BTC/USDT,30m,0.45,0.015,0.01,16,1.5,12903,86.09,1239.8,32.4,-0.035,-43.808,2230,4661,6012
BTC/USDT,30m,0.45,0.015,0.01,20,1.5,12903,86.09,1239.8,33.2,-0.041,-51.143,2631,5298,4974
BTC/USDT,30m,0.45,0.015,0.01,24,1.5,12903,86.09,1239.8,33.9,-0.047,-58.23,2951,5762,4190
BTC/USDT,30m,0.45,0.015,0.01,36,1.5,12903,86.09,1239.8,35.5,-0.039,-48.243,3624,6582,2697
BTC/USDT,30m,0.45,0.015,0.01,48,1.5,12903,86.09,1239.8,36.7,-0.035,-42.793,4064,7003,1836
BTC/USDT,30m,0.45,0.02,0.008,4,2.5,12903,86.09,1239.8,9.7,-0.007,-8.225,246,2303,10354
BTC/USDT,30m,0.45,0.02,0.008,6,2.5,12903,86.09,1239.8,11.7,-0.01,-12.138,421,3191,9291
BTC/USDT,30m,0.45,0.02,0.008,8,2.5,12903,86.09,1239.8,13.0,-0.013,-16.677,580,3888,8435
BTC/USDT,30m,0.45,0.02,0.008,12,2.5,12903,86.09,1239.8,15.5,-0.018,-22.785,920,5028,6955
BTC/USDT,30m,0.45,0.02,0.008,16,2.5,12903,86.09,1239.8,16.9,-0.028,-34.672,1185,5837,5881
BTC/USDT,30m,0.45,0.02,0.008,20,2.5,12903,86.09,1239.8,18.0,-0.036,-44.433,1434,6522,4947
BTC/USDT,30m,0.45,0.02,0.008,24,2.5,12903,86.09,1239.8,19.4,-0.04,-50.136,1687,7002,4214
BTC/USDT,30m,0.45,0.02,0.008,36,2.5,12903,86.09,1239.8,22.5,-0.031,-38.977,2265,7807,2831
BTC/USDT,30m,0.45,0.02,0.008,48,2.5,12903,86.09,1239.8,24.1,-0.03,-37.257,2627,8265,2011
BTC/USDT,30m,0.45,0.02,0.01,4,2.0,12903,86.09,1239.8,13.8,-0.008,-10.142,254,1591,11058
BTC/USDT,30m,0.45,0.02,0.01,6,2.0,12903,86.09,1239.8,15.8,-0.012,-14.315,436,2318,10149
BTC/USDT,30m,0.45,0.02,0.01,8,2.0,12903,86.09,1239.8,17.2,-0.015,-18.341,608,2923,9372
BTC/USDT,30m,0.45,0.02,0.01,12,2.0,12903,86.09,1239.8,19.8,-0.022,-26.857,968,3914,8021
BTC/USDT,30m,0.45,0.02,0.01,16,2.0,12903,86.09,1239.8,20.9,-0.035,-42.881,1257,4753,6893
BTC/USDT,30m,0.45,0.02,0.01,20,2.0,12903,86.09,1239.8,22.0,-0.046,-57.184,1536,5437,5930
BTC/USDT,30m,0.45,0.02,0.01,24,2.0,12903,86.09,1239.8,23.4,-0.05,-62.592,1812,5937,5154
BTC/USDT,30m,0.45,0.02,0.01,36,2.0,12903,86.09,1239.8,26.4,-0.042,-51.629,2471,6893,3539
BTC/USDT,30m,0.45,0.02,0.01,48,2.0,12903,86.09,1239.8,28.1,-0.043,-52.747,2909,7438,2556
BTC/USDT,30m,0.45,0.02,0.015,4,1.3,12903,86.09,1239.8,28.3,-0.009,-10.775,259,657,11987
BTC/USDT,30m,0.45,0.02,0.015,6,1.3,12903,86.09,1239.8,29.8,-0.011,-13.956,449,1059,11395
BTC/USDT,30m,0.45,0.02,0.015,8,1.3,12903,86.09,1239.8,30.3,-0.013,-16.436,629,1446,10828
BTC/USDT,30m,0.45,0.02,0.015,12,1.3,12903,86.09,1239.8,32.4,-0.018,-21.81,1029,2146,9728
BTC/USDT,30m,0.45,0.02,0.015,16,1.3,12903,86.09,1239.8,32.6,-0.032,-39.464,1357,2800,8746
BTC/USDT,30m,0.45,0.02,0.015,20,1.3,12903,86.09,1239.8,33.4,-0.044,-54.807,1680,3354,7869
BTC/USDT,30m,0.45,0.02,0.015,24,1.3,12903,86.09,1239.8,34.2,-0.053,-65.142,2011,3861,7031
BTC/USDT,30m,0.45,0.02,0.015,36,1.3,12903,86.09,1239.8,36.1,-0.058,-72.519,2788,4936,5179
BTC/USDT,30m,0.45,0.02,0.015,48,1.3,12903,86.09,1239.8,37.2,-0.067,-83.43,3340,5632,3931
BTC/USDT,30m,0.45,0.025,0.008,4,3.1,12903,86.09,1239.8,4.2,-0.008,-10.35,102,2310,10491
BTC/USDT,30m,0.45,0.025,0.008,6,3.1,12903,86.09,1239.8,5.7,-0.012,-15.054,192,3204,9507
BTC/USDT,30m,0.45,0.025,0.008,8,3.1,12903,86.09,1239.8,7.2,-0.015,-19.059,304,3904,8695
BTC/USDT,30m,0.45,0.025,0.008,12,3.1,12903,86.09,1239.8,9.1,-0.02,-25.4,507,5061,7335
BTC/USDT,30m,0.45,0.025,0.008,16,3.1,12903,86.09,1239.8,11.1,-0.029,-35.592,735,5894,6274
BTC/USDT,30m,0.45,0.025,0.008,20,3.1,12903,86.09,1239.8,11.9,-0.037,-46.079,888,6589,5426
BTC/USDT,30m,0.45,0.025,0.008,24,3.1,12903,86.09,1239.8,12.8,-0.043,-53.613,1041,7088,4774
BTC/USDT,30m,0.45,0.025,0.008,36,3.1,12903,86.09,1239.8,16.0,-0.039,-48.195,1521,7961,3421
BTC/USDT,30m,0.45,0.025,0.008,48,3.1,12903,86.09,1239.8,17.4,-0.043,-53.828,1789,8480,2634
BTC/USDT,30m,0.45,0.025,0.01,4,2.5,12903,86.09,1239.8,6.3,-0.01,-12.387,107,1597,11199
BTC/USDT,30m,0.45,0.025,0.01,6,2.5,12903,86.09,1239.8,7.9,-0.014,-17.529,199,2329,10375
BTC/USDT,30m,0.45,0.025,0.01,8,2.5,12903,86.09,1239.8,9.6,-0.017,-21.391,313,2938,9652
BTC/USDT,30m,0.45,0.025,0.01,12,2.5,12903,86.09,1239.8,11.9,-0.024,-29.813,531,3941,8431
BTC/USDT,30m,0.45,0.025,0.01,16,2.5,12903,86.09,1239.8,13.9,-0.036,-44.356,775,4802,7326
BTC/USDT,30m,0.45,0.025,0.01,20,2.5,12903,86.09,1239.8,14.7,-0.048,-59.393,947,5498,6458
BTC/USDT,30m,0.45,0.025,0.01,24,2.5,12903,86.09,1239.8,15.6,-0.054,-66.803,1116,6015,5772
BTC/USDT,30m,0.45,0.025,0.01,36,2.5,12903,86.09,1239.8,19.1,-0.05,-61.936,1662,7024,4217
BTC/USDT,30m,0.45,0.025,0.01,48,2.5,12903,86.09,1239.8,20.7,-0.058,-71.358,1991,7649,3263
BTC/USDT,30m,0.45,0.025,0.015,4,1.7,12903,86.09,1239.8,14.2,-0.011,-13.132,109,660,12134
BTC/USDT,30m,0.45,0.025,0.015,6,1.7,12903,86.09,1239.8,16.3,-0.014,-17.146,207,1063,11633
BTC/USDT,30m,0.45,0.025,0.015,8,1.7,12903,86.09,1239.8,18.3,-0.016,-19.376,325,1454,11124
BTC/USDT,30m,0.45,0.025,0.015,12,1.7,12903,86.09,1239.8,20.8,-0.02,-24.816,568,2167,10168
BTC/USDT,30m,0.45,0.025,0.015,16,1.7,12903,86.09,1239.8,22.8,-0.033,-40.791,838,2832,9233
BTC/USDT,30m,0.45,0.025,0.015,20,1.7,12903,86.09,1239.8,23.4,-0.046,-56.533,1039,3399,8465
BTC/USDT,30m,0.45,0.025,0.015,24,1.7,12903,86.09,1239.8,24.1,-0.056,-69.156,1241,3919,7743
BTC/USDT,30m,0.45,0.025,0.015,36,1.7,12903,86.09,1239.8,27.1,-0.069,-85.529,1876,5038,5989
BTC/USDT,30m,0.45,0.025,0.015,48,1.7,12903,86.09,1239.8,28.5,-0.084,-103.722,2313,5809,4781
BTC/USDT,30m,0.45,0.025,0.02,4,1.2,12903,86.09,1239.8,26.0,-0.011,-14.02,109,310,12484
BTC/USDT,30m,0.45,0.025,0.02,6,1.2,12903,86.09,1239.8,27.6,-0.015,-18.183,210,551,12142
BTC/USDT,30m,0.45,0.025,0.02,8,1.2,12903,86.09,1239.8,29.9,-0.018,-22.355,330,775,11798
BTC/USDT,30m,0.45,0.025,0.02,12,1.2,12903,86.09,1239.8,31.6,-0.025,-30.652,580,1256,11067
BTC/USDT,30m,0.45,0.025,0.02,16,1.2,12903,86.09,1239.8,33.4,-0.037,-46.134,857,1710,10336
BTC/USDT,30m,0.45,0.025,0.02,20,1.2,12903,86.09,1239.8,33.3,-0.052,-64.104,1064,2129,9710
BTC/USDT,30m,0.45,0.025,0.02,24,1.2,12903,86.09,1239.8,33.5,-0.064,-79.328,1277,2530,9096
BTC/USDT,30m,0.45,0.025,0.02,36,1.2,12903,86.09,1239.8,35.5,-0.081,-100.987,1975,3586,7342
BTC/USDT,30m,0.45,0.025,0.02,48,1.2,12903,86.09,1239.8,36.2,-0.104,-129.451,2488,4376,6039
BTC/USDT,30m,0.45,0.03,0.008,4,3.8,12903,86.09,1239.8,2.3,-0.009,-10.995,55,2312,10536
BTC/USDT,30m,0.45,0.03,0.008,6,3.8,12903,86.09,1239.8,3.1,-0.012,-15.217,103,3208,9592
BTC/USDT,30m,0.45,0.03,0.008,8,3.8,12903,86.09,1239.8,3.9,-0.016,-19.572,160,3910,8833
BTC/USDT,30m,0.45,0.03,0.008,12,3.8,12903,86.09,1239.8,5.1,-0.022,-27.439,275,5073,7555
BTC/USDT,30m,0.45,0.03,0.008,16,3.8,12903,86.09,1239.8,6.6,-0.031,-37.991,416,5911,6576
BTC/USDT,30m,0.45,0.03,0.008,20,3.8,12903,86.09,1239.8,7.7,-0.04,-49.006,553,6615,5735
BTC/USDT,30m,0.45,0.03,0.008,24,3.8,12903,86.09,1239.8,8.5,-0.046,-57.033,660,7121,5122
BTC/USDT,30m,0.45,0.03,0.008,36,3.8,12903,86.09,1239.8,11.4,-0.043,-53.02,1029,8026,3848
BTC/USDT,30m,0.45,0.03,0.008,48,3.8,12903,86.09,1239.8,12.9,-0.051,-63.01,1270,8584,3049
BTC/USDT,30m,0.45,0.03,0.01,4,3.0,12903,86.09,1239.8,3.4,-0.011,-13.345,57,1599,11247
BTC/USDT,30m,0.45,0.03,0.01,6,3.0,12903,86.09,1239.8,4.3,-0.015,-18.202,106,2333,10464
BTC/USDT,30m,0.45,0.03,0.01,8,3.0,12903,86.09,1239.8,5.2,-0.018,-22.582,163,2945,9795
BTC/USDT,30m,0.45,0.03,0.01,12,3.0,12903,86.09,1239.8,6.8,-0.027,-32.975,287,3955,8661
BTC/USDT,30m,0.45,0.03,0.01,16,3.0,12903,86.09,1239.8,8.3,-0.039,-48.679,439,4823,7641
BTC/USDT,30m,0.45,0.03,0.01,20,3.0,12903,86.09,1239.8,9.6,-0.052,-64.438,585,5528,6790
BTC/USDT,30m,0.45,0.03,0.01,24,3.0,12903,86.09,1239.8,10.5,-0.058,-72.287,708,6053,6142
BTC/USDT,30m,0.45,0.03,0.01,36,3.0,12903,86.09,1239.8,13.7,-0.054,-66.739,1124,7087,4692
BTC/USDT,30m,0.45,0.03,0.01,48,3.0,12903,86.09,1239.8,15.5,-0.064,-79.622,1422,7749,3732
BTC/USDT,30m,0.45,0.03,0.015,4,2.0,12903,86.09,1239.8,7.9,-0.011,-14.17,57,661,12185
BTC/USDT,30m,0.45,0.03,0.015,6,2.0,12903,86.09,1239.8,9.5,-0.014,-17.798,112,1067,11724
BTC/USDT,30m,0.45,0.03,0.015,8,2.0,12903,86.09,1239.8,10.5,-0.016,-20.343,171,1460,11272
BTC/USDT,30m,0.45,0.03,0.015,12,2.0,12903,86.09,1239.8,12.3,-0.023,-27.991,306,2179,10418
BTC/USDT,30m,0.45,0.03,0.015,16,2.0,12903,86.09,1239.8,14.4,-0.036,-44.961,479,2851,9573
BTC/USDT,30m,0.45,0.03,0.015,20,2.0,12903,86.09,1239.8,16.0,-0.049,-61.147,650,3424,8829
BTC/USDT,30m,0.45,0.03,0.015,24,2.0,12903,86.09,1239.8,16.7,-0.06,-73.925,793,3949,8161
BTC/USDT,30m,0.45,0.03,0.015,36,2.0,12903,86.09,1239.8,20.1,-0.071,-87.857,1280,5085,6538
BTC/USDT,30m,0.45,0.03,0.015,48,2.0,12903,86.09,1239.8,21.9,-0.089,-110.161,1652,5887,5364
BTC/USDT,30m,0.45,0.03,0.02,4,1.5,12903,86.09,1239.8,15.5,-0.012,-15.032,57,310,12536
BTC/USDT,30m,0.45,0.03,0.02,6,1.5,12903,86.09,1239.8,16.9,-0.015,-18.956,113,554,12236
BTC/USDT,30m,0.45,0.03,0.02,8,1.5,12903,86.09,1239.8,18.2,-0.019,-23.487,173,778,11952
BTC/USDT,30m,0.45,0.03,0.02,12,1.5,12903,86.09,1239.8,20.0,-0.027,-33.207,315,1260,11328
BTC/USDT,30m,0.45,0.03,0.02,16,1.5,12903,86.09,1239.8,22.2,-0.04,-49.044,490,1717,10696
BTC/USDT,30m,0.45,0.03,0.02,20,1.5,12903,86.09,1239.8,23.7,-0.054,-67.165,663,2138,10102
BTC/USDT,30m,0.45,0.03,0.02,24,1.5,12903,86.09,1239.8,24.1,-0.067,-82.837,809,2545,9549
BTC/USDT,30m,0.45,0.03,0.02,36,1.5,12903,86.09,1239.8,27.0,-0.082,-102.267,1337,3613,7953
BTC/USDT,30m,0.45,0.03,0.02,48,1.5,12903,86.09,1239.8,28.5,-0.11,-136.258,1764,4433,6706
BTC/USDT,30m,0.45,0.03,0.025,4,1.2,12903,86.09,1239.8,28.4,-0.012,-15.16,57,144,12702
BTC/USDT,30m,0.45,0.03,0.025,6,1.2,12903,86.09,1239.8,28.9,-0.016,-19.847,114,281,12508
BTC/USDT,30m,0.45,0.03,0.025,8,1.2,12903,86.09,1239.8,28.4,-0.021,-25.981,174,439,12290
BTC/USDT,30m,0.45,0.03,0.025,12,1.2,12903,86.09,1239.8,29.6,-0.031,-38.981,317,755,11831
BTC/USDT,30m,0.45,0.03,0.025,16,1.2,12903,86.09,1239.8,31.9,-0.045,-56.347,492,1051,11360
BTC/USDT,30m,0.45,0.03,0.025,20,1.2,12903,86.09,1239.8,32.6,-0.062,-76.635,668,1379,10856
BTC/USDT,30m,0.45,0.03,0.025,24,1.2,12903,86.09,1239.8,32.3,-0.076,-94.77,819,1720,10364
BTC/USDT,30m,0.45,0.03,0.025,36,1.2,12903,86.09,1239.8,34.1,-0.101,-124.779,1356,2616,8931
BTC/USDT,30m,0.45,0.03,0.025,48,1.2,12903,86.09,1239.8,34.8,-0.133,-165.441,1806,3384,7713
BTC/USDT,30m,0.45,0.04,0.008,4,5.0,12903,86.09,1239.8,1.0,-0.008,-9.856,24,2313,10566
BTC/USDT,30m,0.45,0.04,0.008,6,5.0,12903,86.09,1239.8,1.2,-0.012,-14.753,38,3211,9654
BTC/USDT,30m,0.45,0.04,0.008,8,5.0,12903,86.09,1239.8,1.6,-0.015,-18.473,63,3915,8925
BTC/USDT,30m,0.45,0.04,0.008,12,5.0,12903,86.09,1239.8,2.3,-0.019,-23.568,120,5080,7703
BTC/USDT,30m,0.45,0.04,0.008,16,5.0,12903,86.09,1239.8,2.9,-0.026,-32.785,177,5918,6808
BTC/USDT,30m,0.45,0.04,0.008,20,5.0,12903,86.09,1239.8,3.6,-0.035,-43.599,245,6628,6030
BTC/USDT,30m,0.45,0.04,0.008,24,5.0,12903,86.09,1239.8,4.1,-0.043,-52.764,307,7140,5456
BTC/USDT,30m,0.45,0.04,0.008,36,5.0,12903,86.09,1239.8,5.9,-0.04,-49.799,504,8069,4330
BTC/USDT,30m,0.45,0.04,0.008,48,5.0,12903,86.09,1239.8,7.7,-0.044,-54.075,724,8648,3531
BTC/USDT,30m,0.45,0.04,0.01,4,4.0,12903,86.09,1239.8,1.5,-0.01,-12.119,25,1600,11278
BTC/USDT,30m,0.45,0.04,0.01,6,4.0,12903,86.09,1239.8,1.7,-0.014,-17.493,41,2335,10527
BTC/USDT,30m,0.45,0.04,0.01,8,4.0,12903,86.09,1239.8,2.2,-0.017,-21.184,66,2948,9889
BTC/USDT,30m,0.45,0.04,0.01,12,4.0,12903,86.09,1239.8,3.1,-0.023,-28.759,125,3961,8817
BTC/USDT,30m,0.45,0.04,0.01,16,4.0,12903,86.09,1239.8,3.7,-0.035,-42.888,186,4830,7887
BTC/USDT,30m,0.45,0.04,0.01,20,4.0,12903,86.09,1239.8,4.5,-0.047,-58.383,261,5541,7101
BTC/USDT,30m,0.45,0.04,0.01,24,4.0,12903,86.09,1239.8,5.2,-0.054,-67.054,335,6071,6497
BTC/USDT,30m,0.45,0.04,0.01,36,4.0,12903,86.09,1239.8,7.2,-0.05,-62.556,551,7120,5232
BTC/USDT,30m,0.45,0.04,0.01,48,4.0,12903,86.09,1239.8,9.3,-0.056,-68.829,805,7805,4293
BTC/USDT,30m,0.45,0.04,0.015,4,2.7,12903,86.09,1239.8,3.6,-0.01,-12.991,25,662,12216
BTC/USDT,30m,0.45,0.04,0.015,6,2.7,12903,86.09,1239.8,4.0,-0.014,-17.074,44,1069,11790
BTC/USDT,30m,0.45,0.04,0.015,8,2.7,12903,86.09,1239.8,4.6,-0.015,-18.927,71,1462,11370
BTC/USDT,30m,0.45,0.04,0.015,12,2.7,12903,86.09,1239.8,5.7,-0.019,-23.988,132,2183,10588
BTC/USDT,30m,0.45,0.04,0.015,16,2.7,12903,86.09,1239.8,6.5,-0.031,-38.932,199,2857,9847
BTC/USDT,30m,0.45,0.04,0.015,20,2.7,12903,86.09,1239.8,7.6,-0.044,-54.02,284,3434,9185
BTC/USDT,30m,0.45,0.04,0.015,24,2.7,12903,86.09,1239.8,8.5,-0.054,-67.219,366,3960,8577
BTC/USDT,30m,0.45,0.04,0.015,36,2.7,12903,86.09,1239.8,10.9,-0.067,-82.763,626,5115,7162
BTC/USDT,30m,0.45,0.04,0.015,48,2.7,12903,86.09,1239.8,13.6,-0.081,-100.041,931,5936,6036
BTC/USDT,30m,0.45,0.04,0.02,4,2.0,12903,86.09,1239.8,7.5,-0.011,-13.859,25,310,12568
BTC/USDT,30m,0.45,0.04,0.02,6,2.0,12903,86.09,1239.8,7.4,-0.015,-18.083,44,554,12305
BTC/USDT,30m,0.45,0.04,0.02,8,2.0,12903,86.09,1239.8,8.5,-0.018,-21.991,72,778,12053
BTC/USDT,30m,0.45,0.04,0.02,12,2.0,12903,86.09,1239.8,9.9,-0.023,-28.976,138,1263,11502
BTC/USDT,30m,0.45,0.04,0.02,16,2.0,12903,86.09,1239.8,10.8,-0.034,-42.206,209,1721,10973
BTC/USDT,30m,0.45,0.04,0.02,20,2.0,12903,86.09,1239.8,12.1,-0.047,-58.765,296,2142,10465
BTC/USDT,30m,0.45,0.04,0.02,24,2.0,12903,86.09,1239.8,13.0,-0.06,-74.562,380,2550,9973
BTC/USDT,30m,0.45,0.04,0.02,36,2.0,12903,86.09,1239.8,15.3,-0.078,-96.148,659,3635,8609
BTC/USDT,30m,0.45,0.04,0.02,48,2.0,12903,86.09,1239.8,18.1,-0.102,-126.315,991,4474,7438
BTC/USDT,30m,0.45,0.04,0.025,4,1.6,12903,86.09,1239.8,14.8,-0.011,-13.987,25,144,12734
BTC/USDT,30m,0.45,0.04,0.025,6,1.6,12903,86.09,1239.8,13.5,-0.015,-18.966,44,281,12578
BTC/USDT,30m,0.45,0.04,0.025,8,1.6,12903,86.09,1239.8,14.1,-0.02,-24.7,72,439,12392
BTC/USDT,30m,0.45,0.04,0.025,12,1.6,12903,86.09,1239.8,15.4,-0.028,-34.913,138,757,12008
BTC/USDT,30m,0.45,0.04,0.025,16,1.6,12903,86.09,1239.8,16.6,-0.04,-49.459,209,1053,11641
BTC/USDT,30m,0.45,0.04,0.025,20,1.6,12903,86.09,1239.8,17.8,-0.055,-67.84,299,1381,11223
BTC/USDT,30m,0.45,0.04,0.025,24,1.6,12903,86.09,1239.8,18.3,-0.069,-85.951,386,1723,10794
BTC/USDT,30m,0.45,0.04,0.025,36,1.6,12903,86.09,1239.8,20.4,-0.095,-117.442,671,2626,9606
BTC/USDT,30m,0.45,0.04,0.025,48,1.6,12903,86.09,1239.8,22.9,-0.124,-153.521,1010,3404,8489
BTC/USDT,30m,0.45,0.05,0.008,4,6.2,12903,86.09,1239.8,0.2,-0.008,-10.219,4,2313,10586
BTC/USDT,30m,0.45,0.05,0.008,6,6.2,12903,86.09,1239.8,0.2,-0.012,-15.301,8,3211,9684
BTC/USDT,30m,0.45,0.05,0.008,8,6.2,12903,86.09,1239.8,0.5,-0.015,-18.33,18,3915,8970
BTC/USDT,30m,0.45,0.05,0.008,12,6.2,12903,86.09,1239.8,1.0,-0.018,-22.808,52,5080,7771
BTC/USDT,30m,0.45,0.05,0.008,16,6.2,12903,86.09,1239.8,1.4,-0.026,-32.112,82,5920,6901
BTC/USDT,30m,0.45,0.05,0.008,20,6.2,12903,86.09,1239.8,1.6,-0.035,-43.602,108,6634,6161
BTC/USDT,30m,0.45,0.05,0.008,24,6.2,12903,86.09,1239.8,2.0,-0.042,-52.577,146,7151,5606
BTC/USDT,30m,0.45,0.05,0.008,36,6.2,12903,86.09,1239.8,2.8,-0.044,-54.557,233,8085,4585
BTC/USDT,30m,0.45,0.05,0.008,48,6.2,12903,86.09,1239.8,3.8,-0.052,-64.085,343,8677,3883
BTC/USDT,30m,0.45,0.05,0.01,4,5.0,12903,86.09,1239.8,0.2,-0.01,-12.466,4,1600,11299
BTC/USDT,30m,0.45,0.05,0.01,6,5.0,12903,86.09,1239.8,0.4,-0.015,-17.992,9,2335,10559
BTC/USDT,30m,0.45,0.05,0.01,8,5.0,12903,86.09,1239.8,0.6,-0.017,-21.117,19,2948,9936
BTC/USDT,30m,0.45,0.05,0.01,12,5.0,12903,86.09,1239.8,1.3,-0.023,-27.958,54,3961,8888
BTC/USDT,30m,0.45,0.05,0.01,16,5.0,12903,86.09,1239.8,1.7,-0.034,-42.188,86,4832,7985
BTC/USDT,30m,0.45,0.05,0.01,20,5.0,12903,86.09,1239.8,2.0,-0.047,-58.124,115,5546,7242
BTC/USDT,30m,0.45,0.05,0.01,24,5.0,12903,86.09,1239.8,2.6,-0.054,-66.534,161,6080,6662
BTC/USDT,30m,0.45,0.05,0.01,36,5.0,12903,86.09,1239.8,3.4,-0.055,-67.657,254,7135,5514
BTC/USDT,30m,0.45,0.05,0.01,48,5.0,12903,86.09,1239.8,4.7,-0.065,-80.066,384,7836,4683
BTC/USDT,30m,0.45,0.05,0.015,4,3.3,12903,86.09,1239.8,0.6,-0.011,-13.339,4,662,12237
BTC/USDT,30m,0.45,0.05,0.015,6,3.3,12903,86.09,1239.8,0.9,-0.014,-17.517,10,1069,11824
BTC/USDT,30m,0.45,0.05,0.015,8,3.3,12903,86.09,1239.8,1.5,-0.015,-18.577,22,1462,11419
BTC/USDT,30m,0.45,0.05,0.015,12,3.3,12903,86.09,1239.8,2.6,-0.018,-22.859,59,2183,10661
BTC/USDT,30m,0.45,0.05,0.015,16,3.3,12903,86.09,1239.8,3.2,-0.03,-37.782,94,2858,9951
BTC/USDT,30m,0.45,0.05,0.015,20,3.3,12903,86.09,1239.8,3.6,-0.043,-52.935,130,3436,9337
BTC/USDT,30m,0.45,0.05,0.015,24,3.3,12903,86.09,1239.8,4.4,-0.052,-64.997,184,3963,8756
BTC/USDT,30m,0.45,0.05,0.015,36,3.3,12903,86.09,1239.8,5.6,-0.068,-84.592,303,5123,7477
BTC/USDT,30m,0.45,0.05,0.015,48,3.3,12903,86.09,1239.8,7.2,-0.087,-108.153,462,5963,6478
BTC/USDT,30m,0.45,0.05,0.02,4,2.5,12903,86.09,1239.8,1.3,-0.011,-14.207,4,310,12589
BTC/USDT,30m,0.45,0.05,0.02,6,2.5,12903,86.09,1239.8,1.8,-0.015,-18.526,10,554,12339
BTC/USDT,30m,0.45,0.05,0.02,8,2.5,12903,86.09,1239.8,2.8,-0.017,-21.624,22,778,12103
BTC/USDT,30m,0.45,0.05,0.02,12,2.5,12903,86.09,1239.8,4.7,-0.023,-28.037,62,1263,11578
BTC/USDT,30m,0.45,0.05,0.02,16,2.5,12903,86.09,1239.8,5.4,-0.033,-40.928,99,1721,11083
BTC/USDT,30m,0.45,0.05,0.02,20,2.5,12903,86.09,1239.8,6.0,-0.046,-57.556,136,2142,10625
BTC/USDT,30m,0.45,0.05,0.02,24,2.5,12903,86.09,1239.8,7.0,-0.058,-71.912,191,2550,10162
BTC/USDT,30m,0.45,0.05,0.02,36,2.5,12903,86.09,1239.8,8.1,-0.078,-97.274,322,3635,8946
BTC/USDT,30m,0.45,0.05,0.02,48,2.5,12903,86.09,1239.8,9.9,-0.108,-133.542,493,4483,7927
BTC/USDT,30m,0.45,0.05,0.025,4,2.0,12903,86.09,1239.8,2.7,-0.012,-14.335,4,144,12755
BTC/USDT,30m,0.45,0.05,0.025,6,2.0,12903,86.09,1239.8,3.4,-0.016,-19.409,10,281,12612
BTC/USDT,30m,0.45,0.05,0.025,8,2.0,12903,86.09,1239.8,4.8,-0.02,-24.334,22,439,12442
BTC/USDT,30m,0.45,0.05,0.025,12,2.0,12903,86.09,1239.8,7.6,-0.027,-33.974,62,757,12084
BTC/USDT,30m,0.45,0.05,0.025,16,2.0,12903,86.09,1239.8,8.6,-0.039,-48.18,99,1053,11751
BTC/USDT,30m,0.45,0.05,0.025,20,2.0,12903,86.09,1239.8,9.0,-0.054,-66.787,137,1381,11385
BTC/USDT,30m,0.45,0.05,0.025,24,2.0,12903,86.09,1239.8,10.1,-0.067,-83.161,194,1723,10986
BTC/USDT,30m,0.45,0.05,0.025,36,2.0,12903,86.09,1239.8,11.1,-0.096,-118.44,327,2626,9950
BTC/USDT,30m,0.45,0.05,0.025,48,2.0,12903,86.09,1239.8,12.8,-0.13,-161.683,502,3412,8989
BTC/USDT,30m,0.45,0.075,0.008,4,9.4,12903,86.09,1239.8,0.0,-0.008,-9.849,1,2313,10589
BTC/USDT,30m,0.45,0.075,0.008,6,9.4,12903,86.09,1239.8,0.0,-0.012,-15.286,1,3211,9691
BTC/USDT,30m,0.45,0.075,0.008,8,9.4,12903,86.09,1239.8,0.0,-0.015,-18.82,1,3915,8987
BTC/USDT,30m,0.45,0.075,0.008,12,9.4,12903,86.09,1239.8,0.0,-0.019,-23.699,2,5080,7821
BTC/USDT,30m,0.45,0.075,0.008,16,9.4,12903,86.09,1239.8,0.2,-0.026,-32.114,9,5920,6974
BTC/USDT,30m,0.45,0.075,0.008,20,9.4,12903,86.09,1239.8,0.2,-0.035,-43.54,16,6634,6253
BTC/USDT,30m,0.45,0.075,0.008,24,9.4,12903,86.09,1239.8,0.3,-0.042,-52.471,25,7151,5727
BTC/USDT,30m,0.45,0.075,0.008,36,9.4,12903,86.09,1239.8,0.5,-0.047,-58.71,38,8087,4778
BTC/USDT,30m,0.45,0.075,0.008,48,9.4,12903,86.09,1239.8,0.8,-0.057,-70.774,72,8683,4148
BTC/USDT,30m,0.45,0.075,0.01,4,7.5,12903,86.09,1239.8,0.1,-0.01,-12.096,1,1600,11302
BTC/USDT,30m,0.45,0.075,0.01,6,7.5,12903,86.09,1239.8,0.0,-0.014,-17.935,1,2335,10567
BTC/USDT,30m,0.45,0.075,0.01,8,7.5,12903,86.09,1239.8,0.0,-0.017,-21.563,1,2948,9954
BTC/USDT,30m,0.45,0.075,0.01,12,7.5,12903,86.09,1239.8,0.1,-0.023,-28.899,2,3961,8940
BTC/USDT,30m,0.45,0.075,0.01,16,7.5,12903,86.09,1239.8,0.2,-0.034,-42.349,9,4832,8062
BTC/USDT,30m,0.45,0.075,0.01,20,7.5,12903,86.09,1239.8,0.3,-0.047,-58.253,16,5546,7341
BTC/USDT,30m,0.45,0.075,0.01,24,7.5,12903,86.09,1239.8,0.4,-0.054,-66.421,25,6080,6798
BTC/USDT,30m,0.45,0.075,0.01,36,7.5,12903,86.09,1239.8,0.6,-0.058,-71.655,41,7137,5725
BTC/USDT,30m,0.45,0.075,0.01,48,7.5,12903,86.09,1239.8,1.0,-0.07,-86.802,81,7841,4981
BTC/USDT,30m,0.45,0.075,0.015,4,5.0,12903,86.09,1239.8,0.2,-0.01,-12.969,1,662,12240
BTC/USDT,30m,0.45,0.075,0.015,6,5.0,12903,86.09,1239.8,0.1,-0.014,-17.48,1,1069,11833
BTC/USDT,30m,0.45,0.075,0.015,8,5.0,12903,86.09,1239.8,0.1,-0.015,-18.997,1,1462,11440
BTC/USDT,30m,0.45,0.075,0.015,12,5.0,12903,86.09,1239.8,0.1,-0.019,-23.945,2,2183,10718
BTC/USDT,30m,0.45,0.075,0.015,16,5.0,12903,86.09,1239.8,0.3,-0.031,-38.326,9,2858,10036
BTC/USDT,30m,0.45,0.075,0.015,20,5.0,12903,86.09,1239.8,0.5,-0.043,-53.379,16,3436,9451
BTC/USDT,30m,0.45,0.075,0.015,24,5.0,12903,86.09,1239.8,0.7,-0.053,-65.846,26,3963,8914
BTC/USDT,30m,0.45,0.075,0.015,36,5.0,12903,86.09,1239.8,1.0,-0.071,-88.617,52,5123,7728
BTC/USDT,30m,0.45,0.075,0.015,48,5.0,12903,86.09,1239.8,1.7,-0.092,-113.819,101,5965,6837
BTC/USDT,30m,0.45,0.075,0.02,4,3.8,12903,86.09,1239.8,0.3,-0.011,-13.837,1,310,12592
BTC/USDT,30m,0.45,0.075,0.02,6,3.8,12903,86.09,1239.8,0.2,-0.015,-18.489,1,554,12348
BTC/USDT,30m,0.45,0.075,0.02,8,3.8,12903,86.09,1239.8,0.1,-0.018,-22.045,1,778,12124
BTC/USDT,30m,0.45,0.075,0.02,12,3.8,12903,86.09,1239.8,0.2,-0.024,-29.25,2,1263,11638
BTC/USDT,30m,0.45,0.075,0.02,16,3.8,12903,86.09,1239.8,0.5,-0.034,-41.824,9,1721,11173
BTC/USDT,30m,0.45,0.075,0.02,20,3.8,12903,86.09,1239.8,0.7,-0.047,-58.467,16,2142,10745
BTC/USDT,30m,0.45,0.075,0.02,24,3.8,12903,86.09,1239.8,1.0,-0.059,-73.135,26,2550,10327
BTC/USDT,30m,0.45,0.075,0.02,36,3.8,12903,86.09,1239.8,1.5,-0.083,-103.0,54,3635,9214
BTC/USDT,30m,0.45,0.075,0.02,48,3.8,12903,86.09,1239.8,2.3,-0.114,-141.576,106,4483,8314
BTC/USDT,30m,0.45,0.075,0.025,4,3.0,12903,86.09,1239.8,0.7,-0.011,-13.965,1,144,12758
BTC/USDT,30m,0.45,0.075,0.025,6,3.0,12903,86.09,1239.8,0.4,-0.016,-19.371,1,281,12621
BTC/USDT,30m,0.45,0.075,0.025,8,3.0,12903,86.09,1239.8,0.2,-0.02,-24.754,1,439,12463
BTC/USDT,30m,0.45,0.075,0.025,12,3.0,12903,86.09,1239.8,0.3,-0.028,-35.187,2,757,12144
BTC/USDT,30m,0.45,0.075,0.025,16,3.0,12903,86.09,1239.8,0.8,-0.04,-49.076,9,1053,11841
BTC/USDT,30m,0.45,0.075,0.025,20,3.0,12903,86.09,1239.8,1.1,-0.055,-67.641,16,1381,11506
BTC/USDT,30m,0.45,0.075,0.025,24,3.0,12903,86.09,1239.8,1.5,-0.068,-84.356,27,1723,11153
BTC/USDT,30m,0.45,0.075,0.025,36,3.0,12903,86.09,1239.8,2.1,-0.1,-124.522,55,2626,10222
BTC/USDT,30m,0.45,0.075,0.025,48,3.0,12903,86.09,1239.8,3.0,-0.138,-170.514,107,3412,9384
BTC/USDT,30m,0.45,0.1,0.008,4,12.5,12903,86.09,1239.8,0.0,-0.008,-10.062,0,2313,10590
BTC/USDT,30m,0.45,0.1,0.008,6,12.5,12903,86.09,1239.8,0.0,-0.012,-15.485,0,3211,9692
BTC/USDT,30m,0.45,0.1,0.008,8,12.5,12903,86.09,1239.8,0.0,-0.015,-18.987,0,3915,8988
BTC/USDT,30m,0.45,0.1,0.008,12,12.5,12903,86.09,1239.8,0.0,-0.019,-23.983,0,5080,7823
BTC/USDT,30m,0.45,0.1,0.008,16,12.5,12903,86.09,1239.8,0.0,-0.026,-32.83,0,5920,6983
BTC/USDT,30m,0.45,0.1,0.008,20,12.5,12903,86.09,1239.8,0.0,-0.035,-43.098,3,6634,6266
BTC/USDT,30m,0.45,0.1,0.008,24,12.5,12903,86.09,1239.8,0.1,-0.042,-51.766,5,7151,5747
BTC/USDT,30m,0.45,0.1,0.008,36,12.5,12903,86.09,1239.8,0.1,-0.047,-58.236,11,8087,4805
BTC/USDT,30m,0.45,0.1,0.008,48,12.5,12903,86.09,1239.8,0.1,-0.06,-73.885,11,8683,4209
BTC/USDT,30m,0.45,0.1,0.01,4,10.0,12903,86.09,1239.8,0.0,-0.01,-12.31,0,1600,11303
BTC/USDT,30m,0.45,0.1,0.01,6,10.0,12903,86.09,1239.8,0.0,-0.015,-18.135,0,2335,10568
BTC/USDT,30m,0.45,0.1,0.01,8,10.0,12903,86.09,1239.8,0.0,-0.018,-21.73,0,2948,9955
BTC/USDT,30m,0.45,0.1,0.01,12,10.0,12903,86.09,1239.8,0.0,-0.024,-29.183,0,3961,8942
BTC/USDT,30m,0.45,0.1,0.01,16,10.0,12903,86.09,1239.8,0.0,-0.035,-43.065,0,4832,8071
BTC/USDT,30m,0.45,0.1,0.01,20,10.0,12903,86.09,1239.8,0.1,-0.047,-57.81,3,5546,7354
BTC/USDT,30m,0.45,0.1,0.01,24,10.0,12903,86.09,1239.8,0.1,-0.053,-65.716,5,6080,6818
BTC/USDT,30m,0.45,0.1,0.01,36,10.0,12903,86.09,1239.8,0.2,-0.057,-71.088,11,7137,5755
BTC/USDT,30m,0.45,0.1,0.01,48,10.0,12903,86.09,1239.8,0.1,-0.073,-90.099,11,7841,5051
BTC/USDT,30m,0.45,0.1,0.015,4,6.7,12903,86.09,1239.8,0.0,-0.011,-13.182,0,662,12241
BTC/USDT,30m,0.45,0.1,0.015,6,6.7,12903,86.09,1239.8,0.0,-0.014,-17.68,0,1069,11834
BTC/USDT,30m,0.45,0.1,0.015,8,6.7,12903,86.09,1239.8,0.0,-0.015,-19.164,0,1462,11441
BTC/USDT,30m,0.45,0.1,0.015,12,6.7,12903,86.09,1239.8,0.0,-0.02,-24.229,0,2183,10720
BTC/USDT,30m,0.45,0.1,0.015,16,6.7,12903,86.09,1239.8,0.0,-0.031,-39.043,0,2858,10045
BTC/USDT,30m,0.45,0.1,0.015,20,6.7,12903,86.09,1239.8,0.1,-0.043,-52.936,3,3436,9464
BTC/USDT,30m,0.45,0.1,0.015,24,6.7,12903,86.09,1239.8,0.1,-0.052,-65.06,5,3963,8935
BTC/USDT,30m,0.45,0.1,0.015,36,6.7,12903,86.09,1239.8,0.3,-0.071,-87.61,13,5123,7767
BTC/USDT,30m,0.45,0.1,0.015,48,6.7,12903,86.09,1239.8,0.2,-0.095,-117.758,13,5965,6925
BTC/USDT,30m,0.45,0.1,0.02,4,5.0,12903,86.09,1239.8,0.0,-0.011,-14.05,0,310,12593
BTC/USDT,30m,0.45,0.1,0.02,6,5.0,12903,86.09,1239.8,0.0,-0.015,-18.689,0,554,12349
BTC/USDT,30m,0.45,0.1,0.02,8,5.0,12903,86.09,1239.8,0.0,-0.018,-22.211,0,778,12125
BTC/USDT,30m,0.45,0.1,0.02,12,5.0,12903,86.09,1239.8,0.0,-0.024,-29.533,0,1263,11640
BTC/USDT,30m,0.45,0.1,0.02,16,5.0,12903,86.09,1239.8,0.0,-0.034,-42.54,0,1721,11182
BTC/USDT,30m,0.45,0.1,0.02,20,5.0,12903,86.09,1239.8,0.1,-0.047,-58.025,3,2142,10758
BTC/USDT,30m,0.45,0.1,0.02,24,5.0,12903,86.09,1239.8,0.2,-0.058,-72.349,5,2550,10348
BTC/USDT,30m,0.45,0.1,0.02,36,5.0,12903,86.09,1239.8,0.4,-0.082,-101.833,14,3635,9254
BTC/USDT,30m,0.45,0.1,0.02,48,5.0,12903,86.09,1239.8,0.3,-0.117,-145.483,14,4483,8406
BTC/USDT,30m,0.45,0.1,0.025,4,4.0,12903,86.09,1239.8,0.0,-0.011,-14.178,0,144,12759
BTC/USDT,30m,0.45,0.1,0.025,6,4.0,12903,86.09,1239.8,0.0,-0.016,-19.571,0,281,12622
BTC/USDT,30m,0.45,0.1,0.025,8,4.0,12903,86.09,1239.8,0.0,-0.02,-24.921,0,439,12464
BTC/USDT,30m,0.45,0.1,0.025,12,4.0,12903,86.09,1239.8,0.0,-0.029,-35.47,0,757,12146
BTC/USDT,30m,0.45,0.1,0.025,16,4.0,12903,86.09,1239.8,0.0,-0.04,-49.793,0,1053,11850
BTC/USDT,30m,0.45,0.1,0.025,20,4.0,12903,86.09,1239.8,0.2,-0.054,-67.199,3,1381,11519
BTC/USDT,30m,0.45,0.1,0.025,24,4.0,12903,86.09,1239.8,0.3,-0.068,-83.748,5,1723,11175
BTC/USDT,30m,0.45,0.1,0.025,36,4.0,12903,86.09,1239.8,0.5,-0.1,-123.453,14,2626,10263
BTC/USDT,30m,0.45,0.1,0.025,48,4.0,12903,86.09,1239.8,0.4,-0.141,-174.503,14,3412,9477
BTC/USDT,30m,0.5,0.01,0.008,4,1.2,9313,62.14,894.8,38.2,-0.012,-10.632,1099,1781,6433
BTC/USDT,30m,0.5,0.01,0.008,6,1.2,9313,62.14,894.8,39.0,-0.015,-13.557,1533,2399,5381
BTC/USDT,30m,0.5,0.01,0.008,8,1.2,9313,62.14,894.8,39.5,-0.021,-18.959,1880,2878,4555
BTC/USDT,30m,0.5,0.01,0.008,12,1.2,9313,62.14,894.8,39.7,-0.032,-28.992,2369,3600,3344
BTC/USDT,30m,0.5,0.01,0.008,16,1.2,9313,62.14,894.8,40.0,-0.038,-34.395,2702,4052,2559
BTC/USDT,30m,0.5,0.01,0.008,20,1.2,9313,62.14,894.8,40.2,-0.042,-37.996,2964,4410,1939
BTC/USDT,30m,0.5,0.01,0.008,24,1.2,9313,62.14,894.8,40.6,-0.044,-39.76,3161,4630,1522
BTC/USDT,30m,0.5,0.01,0.008,36,1.2,9313,62.14,894.8,41.6,-0.037,-33.324,3540,4977,796
BTC/USDT,30m,0.5,0.01,0.008,48,1.2,9313,62.14,894.8,42.3,-0.028,-25.453,3741,5101,471
BTC/USDT,30m,0.5,0.015,0.008,4,1.9,9313,62.14,894.8,20.8,-0.009,-7.742,475,1808,7030
BTC/USDT,30m,0.5,0.015,0.008,6,1.9,9313,62.14,894.8,22.8,-0.012,-10.553,725,2457,6131
BTC/USDT,30m,0.5,0.015,0.008,8,1.9,9313,62.14,894.8,24.3,-0.014,-12.56,952,2958,5403
BTC/USDT,30m,0.5,0.015,0.008,12,1.9,9313,62.14,894.8,26.6,-0.024,-21.118,1366,3760,4187
BTC/USDT,30m,0.5,0.015,0.008,16,1.9,9313,62.14,894.8,27.7,-0.033,-29.158,1654,4309,3350
BTC/USDT,30m,0.5,0.015,0.008,20,1.9,9313,62.14,894.8,28.5,-0.037,-32.921,1896,4750,2667
BTC/USDT,30m,0.5,0.015,0.008,24,1.9,9313,62.14,894.8,29.3,-0.043,-38.503,2093,5052,2168
BTC/USDT,30m,0.5,0.015,0.008,36,1.9,9313,62.14,894.8,30.7,-0.036,-32.583,2451,5522,1340
BTC/USDT,30m,0.5,0.015,0.008,48,1.9,9313,62.14,894.8,31.7,-0.032,-28.194,2671,5752,890
BTC/USDT,30m,0.5,0.015,0.01,4,1.5,9313,62.14,894.8,28.2,-0.008,-7.537,488,1244,7581
BTC/USDT,30m,0.5,0.015,0.01,6,1.5,9313,62.14,894.8,29.5,-0.011,-10.073,751,1792,6770
BTC/USDT,30m,0.5,0.015,0.01,8,1.5,9313,62.14,894.8,30.9,-0.013,-11.391,997,2230,6086
BTC/USDT,30m,0.5,0.015,0.01,12,1.5,9313,62.14,894.8,32.8,-0.025,-22.285,1437,2938,4938
BTC/USDT,30m,0.5,0.015,0.01,16,1.5,9313,62.14,894.8,33.1,-0.04,-35.441,1754,3550,4009
BTC/USDT,30m,0.5,0.015,0.01,20,1.5,9313,62.14,894.8,33.7,-0.046,-41.065,2031,3989,3293
BTC/USDT,30m,0.5,0.015,0.01,24,1.5,9313,62.14,894.8,34.4,-0.053,-47.19,2259,4300,2754
BTC/USDT,30m,0.5,0.015,0.01,36,1.5,9313,62.14,894.8,35.6,-0.045,-40.481,2703,4889,1721
BTC/USDT,30m,0.5,0.015,0.01,48,1.5,9313,62.14,894.8,36.7,-0.037,-32.733,2998,5167,1148
BTC/USDT,30m,0.5,0.02,0.008,4,2.5,9313,62.14,894.8,11.0,-0.007,-6.552,225,1817,7271
BTC/USDT,30m,0.5,0.02,0.008,6,2.5,9313,62.14,894.8,13.3,-0.009,-8.144,381,2474,6458
BTC/USDT,30m,0.5,0.02,0.008,8,2.5,9313,62.14,894.8,14.9,-0.01,-9.276,522,2989,5802
BTC/USDT,30m,0.5,0.02,0.008,12,2.5,9313,62.14,894.8,17.3,-0.016,-14.057,796,3807,4710
BTC/USDT,30m,0.5,0.02,0.008,16,2.5,9313,62.14,894.8,18.5,-0.026,-23.437,996,4381,3936
BTC/USDT,30m,0.5,0.02,0.008,20,2.5,9313,62.14,894.8,19.5,-0.034,-30.842,1178,4869,3266
BTC/USDT,30m,0.5,0.02,0.008,24,2.5,9313,62.14,894.8,20.7,-0.042,-37.863,1356,5205,2752
BTC/USDT,30m,0.5,0.02,0.008,36,2.5,9313,62.14,894.8,23.2,-0.034,-30.268,1742,5768,1803
BTC/USDT,30m,0.5,0.02,0.008,48,2.5,9313,62.14,894.8,24.4,-0.031,-27.439,1954,6069,1290
BTC/USDT,30m,0.5,0.02,0.01,4,2.0,9313,62.14,894.8,15.6,-0.007,-6.449,232,1252,7829
BTC/USDT,30m,0.5,0.02,0.01,6,2.0,9313,62.14,894.8,17.9,-0.009,-8.027,395,1807,7111
BTC/USDT,30m,0.5,0.02,0.01,8,2.0,9313,62.14,894.8,19.5,-0.01,-8.983,547,2259,6507
BTC/USDT,30m,0.5,0.02,0.01,12,2.0,9313,62.14,894.8,21.9,-0.018,-15.958,839,2986,5488
BTC/USDT,30m,0.5,0.02,0.01,16,2.0,9313,62.14,894.8,22.6,-0.034,-29.987,1059,3622,4632
BTC/USDT,30m,0.5,0.02,0.01,20,2.0,9313,62.14,894.8,23.6,-0.045,-40.257,1267,4104,3942
BTC/USDT,30m,0.5,0.02,0.01,24,2.0,9313,62.14,894.8,24.8,-0.053,-47.646,1466,4445,3402
BTC/USDT,30m,0.5,0.02,0.01,36,2.0,9313,62.14,894.8,27.1,-0.048,-42.804,1908,5140,2265
BTC/USDT,30m,0.5,0.02,0.01,48,2.0,9313,62.14,894.8,28.3,-0.045,-40.314,2169,5497,1647
BTC/USDT,30m,0.5,0.02,0.015,4,1.3,9313,62.14,894.8,30.4,-0.008,-6.713,237,543,8533
BTC/USDT,30m,0.5,0.02,0.015,6,1.3,9313,62.14,894.8,32.4,-0.008,-6.731,407,851,8055
BTC/USDT,30m,0.5,0.02,0.015,8,1.3,9313,62.14,894.8,33.1,-0.007,-6.512,565,1140,7608
BTC/USDT,30m,0.5,0.02,0.015,12,1.3,9313,62.14,894.8,34.6,-0.011,-9.76,891,1687,6735
BTC/USDT,30m,0.5,0.02,0.015,16,1.3,9313,62.14,894.8,34.5,-0.029,-25.974,1146,2174,5993
BTC/USDT,30m,0.5,0.02,0.015,20,1.3,9313,62.14,894.8,34.8,-0.043,-38.814,1391,2601,5321
BTC/USDT,30m,0.5,0.02,0.015,24,1.3,9313,62.14,894.8,35.6,-0.055,-48.787,1632,2957,4724
BTC/USDT,30m,0.5,0.02,0.015,36,1.3,9313,62.14,894.8,36.8,-0.067,-60.003,2170,3731,3412
BTC/USDT,30m,0.5,0.02,0.015,48,1.3,9313,62.14,894.8,37.3,-0.07,-62.929,2502,4207,2604
BTC/USDT,30m,0.5,0.025,0.008,4,3.1,9313,62.14,894.8,5.0,-0.01,-8.619,95,1824,7394
BTC/USDT,30m,0.5,0.025,0.008,6,3.1,9313,62.14,894.8,6.7,-0.012,-10.878,179,2487,6647
BTC/USDT,30m,0.5,0.025,0.008,8,3.1,9313,62.14,894.8,8.6,-0.013,-11.394,281,3005,6027
BTC/USDT,30m,0.5,0.025,0.008,12,3.1,9313,62.14,894.8,10.7,-0.018,-15.808,461,3840,5012
BTC/USDT,30m,0.5,0.025,0.008,16,3.1,9313,62.14,894.8,12.7,-0.026,-23.616,647,4436,4230
BTC/USDT,30m,0.5,0.025,0.008,20,3.1,9313,62.14,894.8,13.5,-0.036,-32.165,768,4933,3612
BTC/USDT,30m,0.5,0.025,0.008,24,3.1,9313,62.14,894.8,14.3,-0.045,-40.382,884,5288,3141
BTC/USDT,30m,0.5,0.025,0.008,36,3.1,9313,62.14,894.8,17.0,-0.045,-39.94,1211,5909,2193
BTC/USDT,30m,0.5,0.025,0.008,48,3.1,9313,62.14,894.8,18.0,-0.048,-43.032,1376,6262,1675
BTC/USDT,30m,0.5,0.025,0.01,4,2.5,9313,62.14,894.8,7.3,-0.01,-8.684,99,1258,7956
BTC/USDT,30m,0.5,0.025,0.01,6,2.5,9313,62.14,894.8,9.2,-0.012,-11.107,185,1818,7310
BTC/USDT,30m,0.5,0.025,0.01,8,2.5,9313,62.14,894.8,11.3,-0.013,-11.734,289,2274,6750
BTC/USDT,30m,0.5,0.025,0.01,12,2.5,9313,62.14,894.8,13.8,-0.02,-17.912,483,3013,5817
BTC/USDT,30m,0.5,0.025,0.01,16,2.5,9313,62.14,894.8,15.7,-0.034,-30.649,683,3669,4961
BTC/USDT,30m,0.5,0.025,0.01,20,2.5,9313,62.14,894.8,16.4,-0.047,-41.978,819,4162,4332
BTC/USDT,30m,0.5,0.025,0.01,24,2.5,9313,62.14,894.8,17.4,-0.057,-50.818,949,4520,3844
BTC/USDT,30m,0.5,0.025,0.01,36,2.5,9313,62.14,894.8,20.2,-0.058,-52.053,1334,5259,2720
BTC/USDT,30m,0.5,0.025,0.01,48,2.5,9313,62.14,894.8,21.3,-0.064,-56.829,1536,5683,2094
BTC/USDT,30m,0.5,0.025,0.015,4,1.7,9313,62.14,894.8,15.6,-0.01,-9.061,101,546,8666
BTC/USDT,30m,0.5,0.025,0.015,6,1.7,9313,62.14,894.8,18.3,-0.011,-9.835,192,855,8266
BTC/USDT,30m,0.5,0.025,0.015,8,1.7,9313,62.14,894.8,20.7,-0.01,-9.215,300,1148,7865
BTC/USDT,30m,0.5,0.025,0.015,12,1.7,9313,62.14,894.8,23.1,-0.013,-12.034,513,1708,7092
BTC/USDT,30m,0.5,0.025,0.015,16,1.7,9313,62.14,894.8,25.0,-0.03,-26.652,736,2205,6372
BTC/USDT,30m,0.5,0.025,0.015,20,1.7,9313,62.14,894.8,25.3,-0.045,-40.523,898,2645,5770
BTC/USDT,30m,0.5,0.025,0.015,24,1.7,9313,62.14,894.8,25.8,-0.059,-52.537,1049,3014,5250
BTC/USDT,30m,0.5,0.025,0.015,36,1.7,9313,62.14,894.8,28.3,-0.08,-71.712,1509,3822,3982
BTC/USDT,30m,0.5,0.025,0.015,48,1.7,9313,62.14,894.8,29.1,-0.091,-81.374,1789,4362,3162
BTC/USDT,30m,0.5,0.025,0.02,4,1.2,9313,62.14,894.8,28.1,-0.011,-9.484,101,259,8953
BTC/USDT,30m,0.5,0.025,0.02,6,1.2,9313,62.14,894.8,29.9,-0.012,-10.94,195,457,8661
BTC/USDT,30m,0.5,0.025,0.02,8,1.2,9313,62.14,894.8,32.4,-0.014,-12.875,305,637,8371
BTC/USDT,30m,0.5,0.025,0.02,12,1.2,9313,62.14,894.8,33.9,-0.021,-18.388,524,1023,7766
BTC/USDT,30m,0.5,0.025,0.02,16,1.2,9313,62.14,894.8,35.2,-0.036,-32.302,751,1385,7177
BTC/USDT,30m,0.5,0.025,0.02,20,1.2,9313,62.14,894.8,35.0,-0.053,-47.06,918,1703,6692
BTC/USDT,30m,0.5,0.025,0.02,24,1.2,9313,62.14,894.8,35.1,-0.07,-62.537,1079,1994,6240
BTC/USDT,30m,0.5,0.025,0.02,36,1.2,9313,62.14,894.8,36.3,-0.095,-84.974,1593,2791,4929
BTC/USDT,30m,0.5,0.025,0.02,48,1.2,9313,62.14,894.8,36.4,-0.117,-104.498,1934,3377,4002
BTC/USDT,30m,0.5,0.03,0.008,4,3.8,9313,62.14,894.8,2.7,-0.01,-9.298,51,1826,7436
BTC/USDT,30m,0.5,0.03,0.008,6,3.8,9313,62.14,894.8,3.7,-0.013,-11.26,95,2491,6727
BTC/USDT,30m,0.5,0.03,0.008,8,3.8,9313,62.14,894.8,4.8,-0.013,-11.894,152,3011,6150
BTC/USDT,30m,0.5,0.03,0.008,12,3.8,9313,62.14,894.8,6.2,-0.02,-17.876,255,3852,5206
BTC/USDT,30m,0.5,0.03,0.008,16,3.8,9313,62.14,894.8,7.6,-0.03,-26.613,368,4453,4492
BTC/USDT,30m,0.5,0.03,0.008,20,3.8,9313,62.14,894.8,8.7,-0.041,-36.635,475,4959,3879
BTC/USDT,30m,0.5,0.03,0.008,24,3.8,9313,62.14,894.8,9.5,-0.051,-46.053,559,5321,3433
BTC/USDT,30m,0.5,0.03,0.008,36,3.8,9313,62.14,894.8,12.3,-0.053,-47.412,836,5974,2503
BTC/USDT,30m,0.5,0.03,0.008,48,3.8,9313,62.14,894.8,13.5,-0.061,-54.245,993,6365,1955
BTC/USDT,30m,0.5,0.03,0.01,4,3.0,9313,62.14,894.8,4.0,-0.011,-9.631,53,1260,8000
BTC/USDT,30m,0.5,0.03,0.01,6,3.0,9313,62.14,894.8,5.1,-0.013,-11.944,98,1822,7393
BTC/USDT,30m,0.5,0.03,0.01,8,3.0,9313,62.14,894.8,6.4,-0.014,-12.802,155,2281,6877
BTC/USDT,30m,0.5,0.03,0.01,12,3.0,9313,62.14,894.8,8.1,-0.023,-20.926,266,3027,6020
BTC/USDT,30m,0.5,0.03,0.01,16,3.0,9313,62.14,894.8,9.5,-0.039,-35.343,389,3690,5234
BTC/USDT,30m,0.5,0.03,0.01,20,3.0,9313,62.14,894.8,10.7,-0.054,-48.335,504,4192,4617
BTC/USDT,30m,0.5,0.03,0.01,24,3.0,9313,62.14,894.8,11.6,-0.065,-58.301,601,4558,4154
BTC/USDT,30m,0.5,0.03,0.01,36,3.0,9313,62.14,894.8,14.7,-0.066,-59.418,919,5322,3072
BTC/USDT,30m,0.5,0.03,0.01,48,3.0,9313,62.14,894.8,16.2,-0.075,-66.818,1119,5781,2413
BTC/USDT,30m,0.5,0.03,0.015,4,2.0,9313,62.14,894.8,8.8,-0.011,-10.087,53,547,8713
BTC/USDT,30m,0.5,0.03,0.015,6,2.0,9313,62.14,894.8,10.8,-0.012,-10.656,104,859,8350
BTC/USDT,30m,0.5,0.03,0.015,8,2.0,9313,62.14,894.8,12.4,-0.011,-9.98,163,1154,7996
BTC/USDT,30m,0.5,0.03,0.015,12,2.0,9313,62.14,894.8,14.0,-0.017,-15.229,280,1720,7313
BTC/USDT,30m,0.5,0.03,0.015,16,2.0,9313,62.14,894.8,16.0,-0.035,-31.198,424,2224,6665
BTC/USDT,30m,0.5,0.03,0.015,20,2.0,9313,62.14,894.8,17.4,-0.052,-46.539,561,2670,6082
BTC/USDT,30m,0.5,0.03,0.015,24,2.0,9313,62.14,894.8,18.1,-0.067,-59.626,671,3044,5598
BTC/USDT,30m,0.5,0.03,0.015,36,2.0,9313,62.14,894.8,21.2,-0.087,-77.786,1042,3869,4402
BTC/USDT,30m,0.5,0.03,0.015,48,2.0,9313,62.14,894.8,22.6,-0.102,-91.383,1298,4440,3575
BTC/USDT,30m,0.5,0.03,0.02,4,1.5,9313,62.14,894.8,17.0,-0.012,-10.485,53,259,9001
BTC/USDT,30m,0.5,0.03,0.02,6,1.5,9313,62.14,894.8,18.6,-0.013,-11.883,105,460,8748
BTC/USDT,30m,0.5,0.03,0.02,8,1.5,9313,62.14,894.8,20.5,-0.015,-13.806,165,640,8508
BTC/USDT,30m,0.5,0.03,0.02,12,1.5,9313,62.14,894.8,22.0,-0.023,-20.926,289,1027,7997
BTC/USDT,30m,0.5,0.03,0.02,16,1.5,9313,62.14,894.8,23.8,-0.04,-35.564,435,1392,7486
BTC/USDT,30m,0.5,0.03,0.02,20,1.5,9313,62.14,894.8,25.1,-0.057,-51.114,574,1712,7027
BTC/USDT,30m,0.5,0.03,0.02,24,1.5,9313,62.14,894.8,25.5,-0.076,-67.725,687,2009,6617
BTC/USDT,30m,0.5,0.03,0.02,36,1.5,9313,62.14,894.8,27.9,-0.1,-89.855,1093,2818,5402
BTC/USDT,30m,0.5,0.03,0.02,48,1.5,9313,62.14,894.8,28.9,-0.128,-114.135,1395,3434,4484
BTC/USDT,30m,0.5,0.03,0.025,4,1.2,9313,62.14,894.8,30.3,-0.012,-10.584,53,122,9138
BTC/USDT,30m,0.5,0.03,0.025,6,1.2,9313,62.14,894.8,31.4,-0.014,-12.644,106,232,8975
BTC/USDT,30m,0.5,0.03,0.025,8,1.2,9313,62.14,894.8,31.6,-0.018,-15.78,166,360,8787
BTC/USDT,30m,0.5,0.03,0.025,12,1.2,9313,62.14,894.8,31.8,-0.029,-25.582,290,622,8401
BTC/USDT,30m,0.5,0.03,0.025,16,1.2,9313,62.14,894.8,33.8,-0.045,-39.859,436,853,8024
BTC/USDT,30m,0.5,0.03,0.025,20,1.2,9313,62.14,894.8,34.1,-0.064,-57.596,578,1117,7618
BTC/USDT,30m,0.5,0.03,0.025,24,1.2,9313,62.14,894.8,33.6,-0.085,-75.842,696,1377,7240
BTC/USDT,30m,0.5,0.03,0.025,36,1.2,9313,62.14,894.8,34.9,-0.119,-106.122,1111,2072,6130
BTC/USDT,30m,0.5,0.03,0.025,48,1.2,9313,62.14,894.8,34.8,-0.152,-136.13,1434,2682,5197
BTC/USDT,30m,0.5,0.04,0.008,4,5.0,9313,62.14,894.8,1.2,-0.009,-8.34,22,1827,7464
BTC/USDT,30m,0.5,0.04,0.008,6,5.0,9313,62.14,894.8,1.3,-0.013,-11.188,34,2494,6785
BTC/USDT,30m,0.5,0.04,0.008,8,5.0,9313,62.14,894.8,1.8,-0.013,-11.452,56,3016,6241
BTC/USDT,30m,0.5,0.04,0.008,12,5.0,9313,62.14,894.8,2.8,-0.017,-14.799,110,3859,5344
BTC/USDT,30m,0.5,0.04,0.008,16,5.0,9313,62.14,894.8,3.5,-0.024,-21.474,163,4460,4690
BTC/USDT,30m,0.5,0.04,0.008,20,5.0,9313,62.14,894.8,4.3,-0.034,-30.756,221,4970,4122
BTC/USDT,30m,0.5,0.04,0.008,24,5.0,9313,62.14,894.8,4.8,-0.046,-40.821,268,5336,3709
BTC/USDT,30m,0.5,0.04,0.008,36,5.0,9313,62.14,894.8,6.8,-0.045,-39.97,436,6003,2874
BTC/USDT,30m,0.5,0.04,0.008,48,5.0,9313,62.14,894.8,8.6,-0.048,-42.928,601,6414,2298
BTC/USDT,30m,0.5,0.04,0.01,4,4.0,9313,62.14,894.8,1.8,-0.01,-8.586,23,1261,8029
BTC/USDT,30m,0.5,0.04,0.01,6,4.0,9313,62.14,894.8,2.0,-0.013,-11.628,37,1824,7452
BTC/USDT,30m,0.5,0.04,0.01,8,4.0,9313,62.14,894.8,2.5,-0.013,-12.062,59,2284,6970
BTC/USDT,30m,0.5,0.04,0.01,12,4.0,9313,62.14,894.8,3.6,-0.02,-17.601,114,3033,6166
BTC/USDT,30m,0.5,0.04,0.01,16,4.0,9313,62.14,894.8,4.4,-0.033,-29.812,170,3697,5446
BTC/USDT,30m,0.5,0.04,0.01,20,4.0,9313,62.14,894.8,5.3,-0.047,-41.939,235,4204,4874
BTC/USDT,30m,0.5,0.04,0.01,24,4.0,9313,62.14,894.8,6.0,-0.058,-51.823,294,4573,4446
BTC/USDT,30m,0.5,0.04,0.01,36,4.0,9313,62.14,894.8,8.2,-0.057,-51.347,477,5345,3491
BTC/USDT,30m,0.5,0.04,0.01,48,4.0,9313,62.14,894.8,10.3,-0.061,-54.316,667,5825,2821
BTC/USDT,30m,0.5,0.04,0.015,4,2.7,9313,62.14,894.8,4.0,-0.01,-9.091,23,548,8742
BTC/USDT,30m,0.5,0.04,0.015,6,2.7,9313,62.14,894.8,4.4,-0.012,-10.325,40,861,8412
BTC/USDT,30m,0.5,0.04,0.015,8,2.7,9313,62.14,894.8,5.2,-0.01,-9.223,64,1156,8093
BTC/USDT,30m,0.5,0.04,0.015,12,2.7,9313,62.14,894.8,6.5,-0.013,-11.958,120,1724,7469
BTC/USDT,30m,0.5,0.04,0.015,16,2.7,9313,62.14,894.8,7.5,-0.028,-25.224,182,2230,6901
BTC/USDT,30m,0.5,0.04,0.015,20,2.7,9313,62.14,894.8,8.8,-0.043,-38.725,257,2680,6376
BTC/USDT,30m,0.5,0.04,0.015,24,2.7,9313,62.14,894.8,9.6,-0.058,-51.464,324,3055,5934
BTC/USDT,30m,0.5,0.04,0.015,36,2.7,9313,62.14,894.8,12.2,-0.076,-68.344,541,3889,4883
BTC/USDT,30m,0.5,0.04,0.015,48,2.7,9313,62.14,894.8,14.6,-0.089,-80.067,765,4477,4071
BTC/USDT,30m,0.5,0.04,0.02,4,2.0,9313,62.14,894.8,8.2,-0.011,-9.494,23,259,9031
BTC/USDT,30m,0.5,0.04,0.02,6,2.0,9313,62.14,894.8,8.0,-0.013,-11.403,40,460,8813
BTC/USDT,30m,0.5,0.04,0.02,8,2.0,9313,62.14,894.8,9.2,-0.014,-12.968,65,640,8608
BTC/USDT,30m,0.5,0.04,0.02,12,2.0,9313,62.14,894.8,10.9,-0.019,-17.427,126,1030,8157
BTC/USDT,30m,0.5,0.04,0.02,16,2.0,9313,62.14,894.8,12.1,-0.032,-28.782,192,1396,7725
BTC/USDT,30m,0.5,0.04,0.02,20,2.0,9313,62.14,894.8,13.6,-0.047,-42.026,269,1716,7328
BTC/USDT,30m,0.5,0.04,0.02,24,2.0,9313,62.14,894.8,14.4,-0.065,-57.994,338,2014,6961
BTC/USDT,30m,0.5,0.04,0.02,36,2.0,9313,62.14,894.8,16.8,-0.088,-79.111,574,2833,5906
BTC/USDT,30m,0.5,0.04,0.02,48,2.0,9313,62.14,894.8,19.2,-0.115,-102.62,822,3467,5024
BTC/USDT,30m,0.5,0.04,0.025,4,1.6,9313,62.14,894.8,15.9,-0.011,-9.593,23,122,9168
BTC/USDT,30m,0.5,0.04,0.025,6,1.6,9313,62.14,894.8,14.7,-0.014,-12.156,40,232,9041
BTC/USDT,30m,0.5,0.04,0.025,8,1.6,9313,62.14,894.8,15.3,-0.017,-15.158,65,360,8888
BTC/USDT,30m,0.5,0.04,0.025,12,1.6,9313,62.14,894.8,16.8,-0.025,-22.129,126,624,8563
BTC/USDT,30m,0.5,0.04,0.025,16,1.6,9313,62.14,894.8,18.3,-0.037,-33.098,192,855,8266
BTC/USDT,30m,0.5,0.04,0.025,20,1.6,9313,62.14,894.8,19.5,-0.054,-48.21,271,1119,7923
BTC/USDT,30m,0.5,0.04,0.025,24,1.6,9313,62.14,894.8,19.9,-0.073,-65.663,343,1380,7590
BTC/USDT,30m,0.5,0.04,0.025,36,1.6,9313,62.14,894.8,22.0,-0.105,-94.328,585,2079,6649
BTC/USDT,30m,0.5,0.04,0.025,48,1.6,9313,62.14,894.8,23.7,-0.137,-122.934,840,2699,5774
BTC/USDT,30m,0.5,0.05,0.008,4,6.2,9313,62.14,894.8,0.2,-0.01,-8.646,4,1827,7482
BTC/USDT,30m,0.5,0.05,0.008,6,6.2,9313,62.14,894.8,0.3,-0.013,-11.61,8,2494,6811
BTC/USDT,30m,0.5,0.05,0.008,8,6.2,9313,62.14,894.8,0.6,-0.013,-11.231,18,3016,6279
BTC/USDT,30m,0.5,0.05,0.008,12,6.2,9313,62.14,894.8,1.3,-0.016,-13.884,51,3859,5403
BTC/USDT,30m,0.5,0.05,0.008,16,6.2,9313,62.14,894.8,1.8,-0.022,-20.001,80,4462,4771
BTC/USDT,30m,0.5,0.05,0.008,20,6.2,9313,62.14,894.8,2.1,-0.032,-28.906,106,4974,4233
BTC/USDT,30m,0.5,0.05,0.008,24,6.2,9313,62.14,894.8,2.6,-0.043,-38.055,140,5344,3829
BTC/USDT,30m,0.5,0.05,0.008,36,6.2,9313,62.14,894.8,3.5,-0.045,-40.423,221,6013,3079
BTC/USDT,30m,0.5,0.05,0.008,48,6.2,9313,62.14,894.8,4.6,-0.054,-48.117,309,6437,2567
BTC/USDT,30m,0.5,0.05,0.01,4,5.0,9313,62.14,894.8,0.3,-0.01,-8.876,4,1261,8048
BTC/USDT,30m,0.5,0.05,0.01,6,5.0,9313,62.14,894.8,0.5,-0.013,-12.0,9,1824,7480
BTC/USDT,30m,0.5,0.05,0.01,8,5.0,9313,62.14,894.8,0.8,-0.013,-11.916,19,2284,7010
BTC/USDT,30m,0.5,0.05,0.01,12,5.0,9313,62.14,894.8,1.7,-0.019,-16.741,52,3033,6228
BTC/USDT,30m,0.5,0.05,0.01,16,5.0,9313,62.14,894.8,2.2,-0.032,-28.504,82,3699,5532
BTC/USDT,30m,0.5,0.05,0.01,20,5.0,9313,62.14,894.8,2.6,-0.045,-39.981,111,4207,4995
BTC/USDT,30m,0.5,0.05,0.01,24,5.0,9313,62.14,894.8,3.2,-0.055,-48.859,153,4579,4581
BTC/USDT,30m,0.5,0.05,0.01,36,5.0,9313,62.14,894.8,4.3,-0.058,-52.126,240,5355,3718
BTC/USDT,30m,0.5,0.05,0.01,48,5.0,9313,62.14,894.8,5.5,-0.069,-61.304,341,5850,3122
BTC/USDT,30m,0.5,0.05,0.015,4,3.3,9313,62.14,894.8,0.7,-0.01,-9.381,4,548,8761
BTC/USDT,30m,0.5,0.05,0.015,6,3.3,9313,62.14,894.8,1.1,-0.012,-10.641,10,861,8442
BTC/USDT,30m,0.5,0.05,0.015,8,3.3,9313,62.14,894.8,1.9,-0.01,-8.794,22,1156,8135
BTC/USDT,30m,0.5,0.05,0.015,12,3.3,9313,62.14,894.8,3.2,-0.012,-10.763,57,1724,7532
BTC/USDT,30m,0.5,0.05,0.015,16,3.3,9313,62.14,894.8,3.8,-0.026,-23.562,89,2231,6993
BTC/USDT,30m,0.5,0.05,0.015,20,3.3,9313,62.14,894.8,4.5,-0.04,-36.115,125,2682,6506
BTC/USDT,30m,0.5,0.05,0.015,24,3.3,9313,62.14,894.8,5.4,-0.052,-46.935,175,3057,6081
BTC/USDT,30m,0.5,0.05,0.015,36,3.3,9313,62.14,894.8,6.8,-0.074,-66.441,282,3894,5137
BTC/USDT,30m,0.5,0.05,0.015,48,3.3,9313,62.14,894.8,8.2,-0.095,-85.112,402,4500,4411
BTC/USDT,30m,0.5,0.05,0.02,4,2.5,9313,62.14,894.8,1.5,-0.011,-9.784,4,259,9050
BTC/USDT,30m,0.5,0.05,0.02,6,2.5,9313,62.14,894.8,2.1,-0.013,-11.72,10,460,8843
BTC/USDT,30m,0.5,0.05,0.02,8,2.5,9313,62.14,894.8,3.3,-0.014,-12.522,22,640,8651
BTC/USDT,30m,0.5,0.05,0.02,12,2.5,9313,62.14,894.8,5.5,-0.018,-16.422,60,1030,8223
BTC/USDT,30m,0.5,0.05,0.02,16,2.5,9313,62.14,894.8,6.3,-0.03,-26.992,94,1396,7823
BTC/USDT,30m,0.5,0.05,0.02,20,2.5,9313,62.14,894.8,7.1,-0.044,-39.293,131,1716,7466
BTC/USDT,30m,0.5,0.05,0.02,24,2.5,9313,62.14,894.8,8.3,-0.059,-53.067,182,2014,7117
BTC/USDT,30m,0.5,0.05,0.02,36,2.5,9313,62.14,894.8,9.6,-0.086,-76.767,301,2833,6179
BTC/USDT,30m,0.5,0.05,0.02,48,2.5,9313,62.14,894.8,11.1,-0.12,-107.171,432,3476,5405
BTC/USDT,30m,0.5,0.05,0.025,4,2.0,9313,62.14,894.8,3.2,-0.011,-9.883,4,122,9187
BTC/USDT,30m,0.5,0.05,0.025,6,2.0,9313,62.14,894.8,4.1,-0.014,-12.472,10,232,9071
BTC/USDT,30m,0.5,0.05,0.025,8,2.0,9313,62.14,894.8,5.8,-0.016,-14.712,22,360,8931
BTC/USDT,30m,0.5,0.05,0.025,12,2.0,9313,62.14,894.8,8.8,-0.024,-21.124,60,624,8629
BTC/USDT,30m,0.5,0.05,0.025,16,2.0,9313,62.14,894.8,9.9,-0.035,-31.308,94,855,8364
BTC/USDT,30m,0.5,0.05,0.025,20,2.0,9313,62.14,894.8,10.6,-0.051,-45.419,132,1119,8062
BTC/USDT,30m,0.5,0.05,0.025,24,2.0,9313,62.14,894.8,11.8,-0.068,-60.516,185,1380,7748
BTC/USDT,30m,0.5,0.05,0.025,36,2.0,9313,62.14,894.8,12.8,-0.103,-91.752,306,2079,6928
BTC/USDT,30m,0.5,0.05,0.025,48,2.0,9313,62.14,894.8,14.0,-0.143,-128.229,441,2707,6165
BTC/USDT,30m,0.5,0.075,0.008,4,9.4,9313,62.14,894.8,0.1,-0.009,-8.276,1,1827,7485
BTC/USDT,30m,0.5,0.075,0.008,6,9.4,9313,62.14,894.8,0.0,-0.013,-11.594,1,2494,6818
BTC/USDT,30m,0.5,0.075,0.008,8,9.4,9313,62.14,894.8,0.0,-0.013,-11.721,1,3016,6296
BTC/USDT,30m,0.5,0.075,0.008,12,9.4,9313,62.14,894.8,0.1,-0.017,-14.832,2,3859,5452
BTC/USDT,30m,0.5,0.075,0.008,16,9.4,9313,62.14,894.8,0.2,-0.022,-20.039,9,4462,4842
BTC/USDT,30m,0.5,0.075,0.008,20,9.4,9313,62.14,894.8,0.3,-0.032,-28.96,16,4974,4323
BTC/USDT,30m,0.5,0.075,0.008,24,9.4,9313,62.14,894.8,0.4,-0.043,-38.077,24,5344,3945
BTC/USDT,30m,0.5,0.075,0.008,36,9.4,9313,62.14,894.8,0.6,-0.049,-44.285,37,6015,3261
BTC/USDT,30m,0.5,0.075,0.008,48,9.4,9313,62.14,894.8,1.1,-0.06,-54.025,69,6443,2801
BTC/USDT,30m,0.5,0.075,0.01,4,7.5,9313,62.14,894.8,0.1,-0.01,-8.506,1,1261,8051
BTC/USDT,30m,0.5,0.075,0.01,6,7.5,9313,62.14,894.8,0.1,-0.013,-11.943,1,1824,7488
BTC/USDT,30m,0.5,0.075,0.01,8,7.5,9313,62.14,894.8,0.0,-0.014,-12.362,1,2284,7028
BTC/USDT,30m,0.5,0.075,0.01,12,7.5,9313,62.14,894.8,0.1,-0.02,-17.73,2,3033,6278
BTC/USDT,30m,0.5,0.075,0.01,16,7.5,9313,62.14,894.8,0.2,-0.032,-28.688,9,3699,5605
BTC/USDT,30m,0.5,0.075,0.01,20,7.5,9313,62.14,894.8,0.4,-0.045,-40.105,16,4207,5090
BTC/USDT,30m,0.5,0.075,0.01,24,7.5,9313,62.14,894.8,0.5,-0.055,-49.139,24,4579,4710
BTC/USDT,30m,0.5,0.075,0.01,36,7.5,9313,62.14,894.8,0.7,-0.063,-56.312,38,5357,3918
BTC/USDT,30m,0.5,0.075,0.01,48,7.5,9313,62.14,894.8,1.3,-0.075,-67.398,76,5855,3382
BTC/USDT,30m,0.5,0.075,0.015,4,5.0,9313,62.14,894.8,0.2,-0.01,-9.011,1,548,8764
BTC/USDT,30m,0.5,0.075,0.015,6,5.0,9313,62.14,894.8,0.1,-0.012,-10.604,1,861,8451
BTC/USDT,30m,0.5,0.075,0.015,8,5.0,9313,62.14,894.8,0.1,-0.01,-9.214,1,1156,8156
BTC/USDT,30m,0.5,0.075,0.015,12,5.0,9313,62.14,894.8,0.1,-0.013,-11.898,2,1724,7587
BTC/USDT,30m,0.5,0.075,0.015,16,5.0,9313,62.14,894.8,0.4,-0.027,-24.074,9,2231,7073
BTC/USDT,30m,0.5,0.075,0.015,20,5.0,9313,62.14,894.8,0.6,-0.041,-36.497,16,2682,6615
BTC/USDT,30m,0.5,0.075,0.015,24,5.0,9313,62.14,894.8,0.8,-0.054,-48.161,25,3057,6231
BTC/USDT,30m,0.5,0.075,0.015,36,5.0,9313,62.14,894.8,1.2,-0.079,-70.751,48,3894,5371
BTC/USDT,30m,0.5,0.075,0.015,48,5.0,9313,62.14,894.8,2.0,-0.101,-90.719,93,4502,4718
BTC/USDT,30m,0.5,0.075,0.02,4,3.8,9313,62.14,894.8,0.4,-0.011,-9.414,1,259,9053
BTC/USDT,30m,0.5,0.075,0.02,6,3.8,9313,62.14,894.8,0.2,-0.013,-11.682,1,460,8852
BTC/USDT,30m,0.5,0.075,0.02,8,3.8,9313,62.14,894.8,0.2,-0.014,-12.942,1,640,8672
BTC/USDT,30m,0.5,0.075,0.02,12,3.8,9313,62.14,894.8,0.2,-0.02,-17.683,2,1030,8281
BTC/USDT,30m,0.5,0.075,0.02,16,3.8,9313,62.14,894.8,0.6,-0.031,-27.856,9,1396,7908
BTC/USDT,30m,0.5,0.075,0.02,20,3.8,9313,62.14,894.8,0.9,-0.045,-40.143,16,1716,7581
BTC/USDT,30m,0.5,0.075,0.02,24,3.8,9313,62.14,894.8,1.2,-0.061,-54.667,25,2014,7274
BTC/USDT,30m,0.5,0.075,0.02,36,3.8,9313,62.14,894.8,1.7,-0.093,-82.777,50,2833,6430
BTC/USDT,30m,0.5,0.075,0.02,48,3.8,9313,62.14,894.8,2.7,-0.129,-115.045,98,3476,5739
BTC/USDT,30m,0.5,0.075,0.025,4,3.0,9313,62.14,894.8,0.8,-0.011,-9.513,1,122,9190
BTC/USDT,30m,0.5,0.075,0.025,6,3.0,9313,62.14,894.8,0.4,-0.014,-12.435,1,232,9080
BTC/USDT,30m,0.5,0.075,0.025,8,3.0,9313,62.14,894.8,0.3,-0.017,-15.132,1,360,8952
BTC/USDT,30m,0.5,0.075,0.025,12,3.0,9313,62.14,894.8,0.3,-0.025,-22.385,2,624,8687
BTC/USDT,30m,0.5,0.075,0.025,16,3.0,9313,62.14,894.8,1.0,-0.036,-32.172,9,855,8449
BTC/USDT,30m,0.5,0.075,0.025,20,3.0,9313,62.14,894.8,1.4,-0.052,-46.213,16,1119,8178
BTC/USDT,30m,0.5,0.075,0.025,24,3.0,9313,62.14,894.8,1.8,-0.069,-62.088,26,1380,7907
BTC/USDT,30m,0.5,0.075,0.025,36,3.0,9313,62.14,894.8,2.4,-0.11,-98.118,51,2079,7183
BTC/USDT,30m,0.5,0.075,0.025,48,3.0,9313,62.14,894.8,3.5,-0.153,-136.9,99,2707,6507
BTC/USDT,30m,0.5,0.1,0.008,4,12.5,9313,62.14,894.8,0.0,-0.009,-8.489,0,1827,7486
BTC/USDT,30m,0.5,0.1,0.008,6,12.5,9313,62.14,894.8,0.0,-0.013,-11.794,0,2494,6819
BTC/USDT,30m,0.5,0.1,0.008,8,12.5,9313,62.14,894.8,0.0,-0.013,-11.887,0,3016,6297
BTC/USDT,30m,0.5,0.1,0.008,12,12.5,9313,62.14,894.8,0.0,-0.017,-15.116,0,3859,5454
BTC/USDT,30m,0.5,0.1,0.008,16,12.5,9313,62.14,894.8,0.0,-0.023,-20.755,0,4462,4851
BTC/USDT,30m,0.5,0.1,0.008,20,12.5,9313,62.14,894.8,0.1,-0.032,-28.517,3,4974,4336
BTC/USDT,30m,0.5,0.1,0.008,24,12.5,9313,62.14,894.8,0.1,-0.042,-37.455,5,5344,3964
BTC/USDT,30m,0.5,0.1,0.008,36,12.5,9313,62.14,894.8,0.2,-0.049,-43.881,11,6015,3287
BTC/USDT,30m,0.5,0.1,0.008,48,12.5,9313,62.14,894.8,0.2,-0.064,-57.078,11,6443,2859
BTC/USDT,30m,0.5,0.1,0.01,4,10.0,9313,62.14,894.8,0.0,-0.01,-8.72,0,1261,8052
BTC/USDT,30m,0.5,0.1,0.01,6,10.0,9313,62.14,894.8,0.0,-0.014,-12.143,0,1824,7489
BTC/USDT,30m,0.5,0.1,0.01,8,10.0,9313,62.14,894.8,0.0,-0.014,-12.529,0,2284,7029
BTC/USDT,30m,0.5,0.1,0.01,12,10.0,9313,62.14,894.8,0.0,-0.02,-18.014,0,3033,6280
BTC/USDT,30m,0.5,0.1,0.01,16,10.0,9313,62.14,894.8,0.0,-0.033,-29.404,0,3699,5614
BTC/USDT,30m,0.5,0.1,0.01,20,10.0,9313,62.14,894.8,0.1,-0.044,-39.662,3,4207,5103
BTC/USDT,30m,0.5,0.1,0.01,24,10.0,9313,62.14,894.8,0.1,-0.054,-48.517,5,4579,4729
BTC/USDT,30m,0.5,0.1,0.01,36,10.0,9313,62.14,894.8,0.2,-0.062,-55.87,11,5357,3945
BTC/USDT,30m,0.5,0.1,0.01,48,10.0,9313,62.14,894.8,0.2,-0.079,-70.495,11,5855,3447
BTC/USDT,30m,0.5,0.1,0.015,4,6.7,9313,62.14,894.8,0.0,-0.01,-9.224,0,548,8765
BTC/USDT,30m,0.5,0.1,0.015,6,6.7,9313,62.14,894.8,0.0,-0.012,-10.804,0,861,8452
BTC/USDT,30m,0.5,0.1,0.015,8,6.7,9313,62.14,894.8,0.0,-0.01,-9.38,0,1156,8157
BTC/USDT,30m,0.5,0.1,0.015,12,6.7,9313,62.14,894.8,0.0,-0.014,-12.181,0,1724,7589
BTC/USDT,30m,0.5,0.1,0.015,16,6.7,9313,62.14,894.8,0.0,-0.028,-24.791,0,2231,7082
BTC/USDT,30m,0.5,0.1,0.015,20,6.7,9313,62.14,894.8,0.1,-0.04,-36.055,3,2682,6628
BTC/USDT,30m,0.5,0.1,0.015,24,6.7,9313,62.14,894.8,0.2,-0.053,-47.458,5,3057,6251
BTC/USDT,30m,0.5,0.1,0.015,36,6.7,9313,62.14,894.8,0.3,-0.078,-69.809,13,3894,5406
BTC/USDT,30m,0.5,0.1,0.015,48,6.7,9313,62.14,894.8,0.3,-0.105,-94.16,13,4502,4798
BTC/USDT,30m,0.5,0.1,0.02,4,5.0,9313,62.14,894.8,0.0,-0.011,-9.628,0,259,9054
BTC/USDT,30m,0.5,0.1,0.02,6,5.0,9313,62.14,894.8,0.0,-0.013,-11.882,0,460,8853
BTC/USDT,30m,0.5,0.1,0.02,8,5.0,9313,62.14,894.8,0.0,-0.015,-13.109,0,640,8673
BTC/USDT,30m,0.5,0.1,0.02,12,5.0,9313,62.14,894.8,0.0,-0.02,-17.967,0,1030,8283
BTC/USDT,30m,0.5,0.1,0.02,16,5.0,9313,62.14,894.8,0.0,-0.032,-28.572,0,1396,7917
BTC/USDT,30m,0.5,0.1,0.02,20,5.0,9313,62.14,894.8,0.2,-0.044,-39.7,3,1716,7594
BTC/USDT,30m,0.5,0.1,0.02,24,5.0,9313,62.14,894.8,0.2,-0.06,-53.964,5,2014,7294
BTC/USDT,30m,0.5,0.1,0.02,36,5.0,9313,62.14,894.8,0.5,-0.091,-81.675,14,2833,6466
BTC/USDT,30m,0.5,0.1,0.02,48,5.0,9313,62.14,894.8,0.4,-0.132,-118.454,14,3476,5823
BTC/USDT,30m,0.5,0.1,0.025,4,4.0,9313,62.14,894.8,0.0,-0.011,-9.726,0,122,9191
BTC/USDT,30m,0.5,0.1,0.025,6,4.0,9313,62.14,894.8,0.0,-0.014,-12.635,0,232,9081
BTC/USDT,30m,0.5,0.1,0.025,8,4.0,9313,62.14,894.8,0.0,-0.017,-15.299,0,360,8953
BTC/USDT,30m,0.5,0.1,0.025,12,4.0,9313,62.14,894.8,0.0,-0.025,-22.668,0,624,8689
BTC/USDT,30m,0.5,0.1,0.025,16,4.0,9313,62.14,894.8,0.0,-0.037,-32.888,0,855,8458
BTC/USDT,30m,0.5,0.1,0.025,20,4.0,9313,62.14,894.8,0.3,-0.051,-45.77,3,1119,8191
BTC/USDT,30m,0.5,0.1,0.025,24,4.0,9313,62.14,894.8,0.4,-0.069,-61.563,5,1380,7928
BTC/USDT,30m,0.5,0.1,0.025,36,4.0,9313,62.14,894.8,0.7,-0.109,-97.114,14,2079,7220
BTC/USDT,30m,0.5,0.1,0.025,48,4.0,9313,62.14,894.8,0.5,-0.157,-140.392,14,2707,6592
BTC/USDT,30m,0.55,0.01,0.008,4,1.2,3476,23.19,334.0,37.7,-0.028,-9.455,557,919,2000
BTC/USDT,30m,0.55,0.01,0.008,6,1.2,3476,23.19,334.0,38.9,-0.032,-10.76,738,1160,1578
BTC/USDT,30m,0.55,0.01,0.008,8,1.2,3476,23.19,334.0,39.0,-0.045,-14.88,862,1348,1266
BTC/USDT,30m,0.55,0.01,0.008,12,1.2,3476,23.19,334.0,39.2,-0.058,-19.222,1033,1602,841
BTC/USDT,30m,0.55,0.01,0.008,16,1.2,3476,23.19,334.0,39.8,-0.065,-21.548,1141,1725,610
BTC/USDT,30m,0.55,0.01,0.008,20,1.2,3476,23.19,334.0,39.7,-0.068,-22.876,1202,1826,448
BTC/USDT,30m,0.55,0.01,0.008,24,1.2,3476,23.19,334.0,39.9,-0.07,-23.344,1252,1887,337
BTC/USDT,30m,0.55,0.01,0.008,36,1.2,3476,23.19,334.0,40.3,-0.067,-22.304,1327,1968,181
BTC/USDT,30m,0.55,0.01,0.008,48,1.2,3476,23.19,334.0,40.8,-0.058,-19.236,1374,1992,110
BTC/USDT,30m,0.55,0.015,0.008,4,1.9,3476,23.19,334.0,21.5,-0.025,-8.423,257,940,2279
BTC/USDT,30m,0.55,0.015,0.008,6,1.9,3476,23.19,334.0,24.1,-0.03,-10.058,381,1203,1892
BTC/USDT,30m,0.55,0.015,0.008,8,1.9,3476,23.19,334.0,25.2,-0.036,-12.057,473,1406,1597
BTC/USDT,30m,0.55,0.015,0.008,12,1.9,3476,23.19,334.0,27.4,-0.046,-15.487,639,1695,1142
BTC/USDT,30m,0.55,0.015,0.008,16,1.9,3476,23.19,334.0,28.6,-0.059,-19.603,746,1859,871
BTC/USDT,30m,0.55,0.015,0.008,20,1.9,3476,23.19,334.0,29.3,-0.062,-20.775,826,1989,661
BTC/USDT,30m,0.55,0.015,0.008,24,1.9,3476,23.19,334.0,29.8,-0.066,-22.188,886,2084,506
BTC/USDT,30m,0.55,0.015,0.008,36,1.9,3476,23.19,334.0,30.8,-0.067,-22.249,987,2215,274
BTC/USDT,30m,0.55,0.015,0.008,48,1.9,3476,23.19,334.0,31.4,-0.058,-19.508,1038,2265,173
BTC/USDT,30m,0.55,0.015,0.01,4,1.5,3476,23.19,334.0,28.3,-0.025,-8.311,265,673,2538
BTC/USDT,30m,0.55,0.015,0.01,6,1.5,3476,23.19,334.0,30.6,-0.027,-8.88,397,901,2178
BTC/USDT,30m,0.55,0.015,0.01,8,1.5,3476,23.19,334.0,31.6,-0.031,-10.35,500,1083,1893
BTC/USDT,30m,0.55,0.015,0.01,12,1.5,3476,23.19,334.0,33.8,-0.043,-14.428,685,1344,1447
BTC/USDT,30m,0.55,0.015,0.01,16,1.5,3476,23.19,334.0,33.9,-0.066,-21.877,804,1566,1106
BTC/USDT,30m,0.55,0.015,0.01,20,1.5,3476,23.19,334.0,34.4,-0.072,-23.963,896,1705,875
BTC/USDT,30m,0.55,0.015,0.01,24,1.5,3476,23.19,334.0,34.9,-0.079,-26.269,965,1804,707
BTC/USDT,30m,0.55,0.015,0.01,36,1.5,3476,23.19,334.0,35.7,-0.081,-27.025,1100,1983,393
BTC/USDT,30m,0.55,0.015,0.01,48,1.5,3476,23.19,334.0,36.3,-0.07,-23.219,1178,2066,232
BTC/USDT,30m,0.55,0.02,0.008,4,2.5,3476,23.19,334.0,11.2,-0.025,-8.25,120,947,2409
BTC/USDT,30m,0.55,0.02,0.008,6,2.5,3476,23.19,334.0,14.4,-0.027,-8.935,205,1216,2055
BTC/USDT,30m,0.55,0.02,0.008,8,2.5,3476,23.19,334.0,16.0,-0.033,-10.863,273,1428,1775
BTC/USDT,30m,0.55,0.02,0.008,12,2.5,3476,23.19,334.0,19.1,-0.035,-11.743,407,1726,1343
BTC/USDT,30m,0.55,0.02,0.008,16,2.5,3476,23.19,334.0,20.6,-0.047,-15.846,496,1907,1073
BTC/USDT,30m,0.55,0.02,0.008,20,2.5,3476,23.19,334.0,21.5,-0.051,-17.143,562,2058,856
BTC/USDT,30m,0.55,0.02,0.008,24,2.5,3476,23.19,334.0,22.4,-0.056,-18.827,625,2165,686
BTC/USDT,30m,0.55,0.02,0.008,36,2.5,3476,23.19,334.0,24.2,-0.058,-19.387,742,2323,411
BTC/USDT,30m,0.55,0.02,0.008,48,2.5,3476,23.19,334.0,25.1,-0.055,-18.376,805,2406,265
BTC/USDT,30m,0.55,0.02,0.01,4,2.0,3476,23.19,334.0,15.4,-0.025,-8.335,124,680,2672
BTC/USDT,30m,0.55,0.02,0.01,6,2.0,3476,23.19,334.0,18.9,-0.025,-8.26,213,914,2349
BTC/USDT,30m,0.55,0.02,0.01,8,2.0,3476,23.19,334.0,20.6,-0.029,-9.768,287,1104,2085
BTC/USDT,30m,0.55,0.02,0.01,12,2.0,3476,23.19,334.0,24.0,-0.032,-10.818,435,1375,1666
BTC/USDT,30m,0.55,0.02,0.01,16,2.0,3476,23.19,334.0,24.9,-0.055,-18.287,534,1613,1329
BTC/USDT,30m,0.55,0.02,0.01,20,2.0,3476,23.19,334.0,25.6,-0.062,-20.867,611,1773,1092
BTC/USDT,30m,0.55,0.02,0.01,24,2.0,3476,23.19,334.0,26.6,-0.07,-23.312,683,1882,911
BTC/USDT,30m,0.55,0.02,0.01,36,2.0,3476,23.19,334.0,28.4,-0.072,-24.124,830,2090,556
BTC/USDT,30m,0.55,0.02,0.01,48,2.0,3476,23.19,334.0,29.4,-0.065,-21.614,919,2205,352
BTC/USDT,30m,0.55,0.02,0.015,4,1.3,3476,23.19,334.0,28.1,-0.027,-9.02,126,322,3028
BTC/USDT,30m,0.55,0.02,0.015,6,1.3,3476,23.19,334.0,32.2,-0.021,-7.05,219,462,2795
BTC/USDT,30m,0.55,0.02,0.015,8,1.3,3476,23.19,334.0,33.4,-0.021,-6.905,298,593,2585
BTC/USDT,30m,0.55,0.02,0.015,12,1.3,3476,23.19,334.0,36.8,-0.013,-4.229,473,813,2190
BTC/USDT,30m,0.55,0.02,0.015,16,1.3,3476,23.19,334.0,36.6,-0.044,-14.667,595,1030,1851
BTC/USDT,30m,0.55,0.02,0.015,20,1.3,3476,23.19,334.0,36.5,-0.063,-20.998,686,1196,1594
BTC/USDT,30m,0.55,0.02,0.015,24,1.3,3476,23.19,334.0,37.0,-0.074,-24.647,782,1330,1364
BTC/USDT,30m,0.55,0.02,0.015,36,1.3,3476,23.19,334.0,38.1,-0.087,-29.106,978,1589,909
BTC/USDT,30m,0.55,0.02,0.015,48,1.3,3476,23.19,334.0,38.7,-0.083,-27.804,1106,1753,617
BTC/USDT,30m,0.55,0.025,0.008,4,3.1,3476,23.19,334.0,4.9,-0.032,-10.553,49,954,2473
BTC/USDT,30m,0.55,0.025,0.008,6,3.1,3476,23.19,334.0,6.8,-0.035,-11.551,89,1228,2159
BTC/USDT,30m,0.55,0.025,0.008,8,3.1,3476,23.19,334.0,9.1,-0.039,-13.192,144,1441,1891
BTC/USDT,30m,0.55,0.025,0.008,12,3.1,3476,23.19,334.0,11.4,-0.045,-14.931,225,1749,1502
BTC/USDT,30m,0.55,0.025,0.008,16,3.1,3476,23.19,334.0,14.3,-0.055,-18.246,325,1942,1209
BTC/USDT,30m,0.55,0.025,0.008,20,3.1,3476,23.19,334.0,15.2,-0.06,-20.016,376,2096,1004
BTC/USDT,30m,0.55,0.025,0.008,24,3.1,3476,23.19,334.0,16.0,-0.063,-21.045,421,2211,844
BTC/USDT,30m,0.55,0.025,0.008,36,3.1,3476,23.19,334.0,18.7,-0.066,-22.178,549,2390,537
BTC/USDT,30m,0.55,0.025,0.008,48,3.1,3476,23.19,334.0,19.5,-0.069,-22.881,606,2494,376
BTC/USDT,30m,0.55,0.025,0.01,4,2.5,3476,23.19,334.0,6.9,-0.032,-10.706,51,686,2739
BTC/USDT,30m,0.55,0.025,0.01,6,2.5,3476,23.19,334.0,9.1,-0.033,-10.997,92,924,2460
BTC/USDT,30m,0.55,0.025,0.01,8,2.5,3476,23.19,334.0,11.7,-0.037,-12.297,148,1116,2212
BTC/USDT,30m,0.55,0.025,0.01,12,2.5,3476,23.19,334.0,14.8,-0.04,-13.43,242,1393,1841
BTC/USDT,30m,0.55,0.025,0.01,16,2.5,3476,23.19,334.0,17.7,-0.06,-20.136,352,1642,1482
BTC/USDT,30m,0.55,0.025,0.01,20,2.5,3476,23.19,334.0,18.5,-0.069,-23.14,410,1807,1259
BTC/USDT,30m,0.55,0.025,0.01,24,2.5,3476,23.19,334.0,19.2,-0.076,-25.369,457,1925,1094
BTC/USDT,30m,0.55,0.025,0.01,36,2.5,3476,23.19,334.0,22.2,-0.077,-25.73,613,2148,715
BTC/USDT,30m,0.55,0.025,0.01,48,2.5,3476,23.19,334.0,23.3,-0.076,-25.225,695,2290,491
BTC/USDT,30m,0.55,0.025,0.015,4,1.7,3476,23.19,334.0,13.8,-0.034,-11.428,52,325,3099
BTC/USDT,30m,0.55,0.025,0.015,6,1.7,3476,23.19,334.0,16.9,-0.029,-9.814,95,466,2915
BTC/USDT,30m,0.55,0.025,0.015,8,1.7,3476,23.19,334.0,20.5,-0.028,-9.278,154,599,2723
BTC/USDT,30m,0.55,0.025,0.015,12,1.7,3476,23.19,334.0,24.1,-0.021,-6.85,262,825,2389
BTC/USDT,30m,0.55,0.025,0.015,16,1.7,3476,23.19,334.0,26.8,-0.049,-16.377,383,1045,2048
BTC/USDT,30m,0.55,0.025,0.015,20,1.7,3476,23.19,334.0,27.1,-0.07,-23.432,453,1219,1804
BTC/USDT,30m,0.55,0.025,0.015,24,1.7,3476,23.19,334.0,27.1,-0.083,-27.595,508,1364,1604
BTC/USDT,30m,0.55,0.025,0.015,36,1.7,3476,23.19,334.0,30.2,-0.094,-31.395,708,1634,1134
BTC/USDT,30m,0.55,0.025,0.015,48,1.7,3476,23.19,334.0,31.3,-0.099,-32.943,833,1828,815
BTC/USDT,30m,0.55,0.025,0.02,4,1.2,3476,23.19,334.0,23.7,-0.034,-11.297,52,167,3257
BTC/USDT,30m,0.55,0.025,0.02,6,1.2,3476,23.19,334.0,26.4,-0.032,-10.553,98,273,3105
BTC/USDT,30m,0.55,0.025,0.02,8,1.2,3476,23.19,334.0,29.5,-0.038,-12.801,158,378,2940
BTC/USDT,30m,0.55,0.025,0.02,12,1.2,3476,23.19,334.0,32.4,-0.045,-15.185,266,554,2656
BTC/USDT,30m,0.55,0.025,0.02,16,1.2,3476,23.19,334.0,34.9,-0.082,-27.261,388,723,2365
BTC/USDT,30m,0.55,0.025,0.02,20,1.2,3476,23.19,334.0,34.1,-0.116,-38.824,459,888,2129
BTC/USDT,30m,0.55,0.025,0.02,24,1.2,3476,23.19,334.0,33.8,-0.138,-46.154,522,1021,1933
BTC/USDT,30m,0.55,0.025,0.02,36,1.2,3476,23.19,334.0,36.2,-0.165,-55.109,746,1317,1413
BTC/USDT,30m,0.55,0.025,0.02,48,1.2,3476,23.19,334.0,36.8,-0.187,-62.409,891,1530,1055
BTC/USDT,30m,0.55,0.03,0.008,4,3.8,3476,23.19,334.0,2.4,-0.034,-11.522,24,956,2496
BTC/USDT,30m,0.55,0.03,0.008,6,3.8,3476,23.19,334.0,3.6,-0.038,-12.741,46,1232,2198
BTC/USDT,30m,0.55,0.03,0.008,8,3.8,3476,23.19,334.0,4.7,-0.044,-14.614,72,1447,1957
BTC/USDT,30m,0.55,0.03,0.008,12,3.8,3476,23.19,334.0,6.6,-0.047,-15.684,125,1758,1593
BTC/USDT,30m,0.55,0.03,0.008,16,3.8,3476,23.19,334.0,8.8,-0.055,-18.315,189,1951,1336
BTC/USDT,30m,0.55,0.03,0.008,20,3.8,3476,23.19,334.0,10.0,-0.063,-21.176,235,2107,1134
BTC/USDT,30m,0.55,0.03,0.008,24,3.8,3476,23.19,334.0,10.6,-0.071,-23.717,264,2224,988
BTC/USDT,30m,0.55,0.03,0.008,36,3.8,3476,23.19,334.0,13.2,-0.084,-28.061,370,2425,681
BTC/USDT,30m,0.55,0.03,0.008,48,3.8,3476,23.19,334.0,14.6,-0.094,-31.328,435,2551,490
BTC/USDT,30m,0.55,0.03,0.01,4,3.0,3476,23.19,334.0,3.4,-0.036,-12.039,24,688,2764
BTC/USDT,30m,0.55,0.03,0.01,6,3.0,3476,23.19,334.0,4.7,-0.038,-12.785,46,928,2502
BTC/USDT,30m,0.55,0.03,0.01,8,3.0,3476,23.19,334.0,6.0,-0.043,-14.404,72,1123,2281
BTC/USDT,30m,0.55,0.03,0.01,12,3.0,3476,23.19,334.0,8.5,-0.046,-15.313,131,1404,1941
BTC/USDT,30m,0.55,0.03,0.01,16,3.0,3476,23.19,334.0,10.9,-0.067,-22.313,202,1657,1617
BTC/USDT,30m,0.55,0.03,0.01,20,3.0,3476,23.19,334.0,12.1,-0.079,-26.362,252,1824,1400
BTC/USDT,30m,0.55,0.03,0.01,24,3.0,3476,23.19,334.0,12.7,-0.09,-30.184,284,1944,1248
BTC/USDT,30m,0.55,0.03,0.01,36,3.0,3476,23.19,334.0,15.8,-0.099,-33.169,409,2186,881
BTC/USDT,30m,0.55,0.03,0.01,48,3.0,3476,23.19,334.0,17.6,-0.104,-34.795,502,2350,624
BTC/USDT,30m,0.55,0.03,0.015,4,2.0,3476,23.19,334.0,6.9,-0.038,-12.845,24,326,3126
BTC/USDT,30m,0.55,0.03,0.015,6,2.0,3476,23.19,334.0,9.4,-0.035,-11.65,49,470,2957
BTC/USDT,30m,0.55,0.03,0.015,8,2.0,3476,23.19,334.0,11.2,-0.034,-11.225,76,605,2795
BTC/USDT,30m,0.55,0.03,0.015,12,2.0,3476,23.19,334.0,14.1,-0.027,-9.095,137,834,2505
BTC/USDT,30m,0.55,0.03,0.015,16,2.0,3476,23.19,334.0,17.1,-0.056,-18.867,218,1058,2200
BTC/USDT,30m,0.55,0.03,0.015,20,2.0,3476,23.19,334.0,18.3,-0.082,-27.316,277,1235,1964
BTC/USDT,30m,0.55,0.03,0.015,24,2.0,3476,23.19,334.0,18.5,-0.098,-32.838,314,1380,1782
BTC/USDT,30m,0.55,0.03,0.015,36,2.0,3476,23.19,334.0,22.1,-0.115,-38.345,470,1658,1348
BTC/USDT,30m,0.55,0.03,0.015,48,2.0,3476,23.19,334.0,24.2,-0.13,-43.448,599,1874,1003
BTC/USDT,30m,0.55,0.03,0.02,4,1.5,3476,23.19,334.0,12.6,-0.038,-12.688,24,167,3285
BTC/USDT,30m,0.55,0.03,0.02,6,1.5,3476,23.19,334.0,15.3,-0.037,-12.511,50,276,3150
BTC/USDT,30m,0.55,0.03,0.02,8,1.5,3476,23.19,334.0,16.8,-0.045,-14.963,77,381,3018
BTC/USDT,30m,0.55,0.03,0.02,12,1.5,3476,23.19,334.0,20.1,-0.051,-17.086,140,557,2779
BTC/USDT,30m,0.55,0.03,0.02,16,1.5,3476,23.19,334.0,23.3,-0.086,-28.677,221,726,2529
BTC/USDT,30m,0.55,0.03,0.02,20,1.5,3476,23.19,334.0,23.9,-0.123,-40.93,280,892,2304
BTC/USDT,30m,0.55,0.03,0.02,24,1.5,3476,23.19,334.0,23.8,-0.147,-49.012,320,1025,2131
BTC/USDT,30m,0.55,0.03,0.02,36,1.5,3476,23.19,334.0,27.1,-0.179,-59.683,492,1325,1659
BTC/USDT,30m,0.55,0.03,0.02,48,1.5,3476,23.19,334.0,29.0,-0.213,-71.178,635,1555,1286
BTC/USDT,30m,0.55,0.03,0.025,4,1.2,3476,23.19,334.0,21.8,-0.038,-12.599,24,86,3366
BTC/USDT,30m,0.55,0.03,0.025,6,1.2,3476,23.19,334.0,24.2,-0.04,-13.46,51,160,3265
BTC/USDT,30m,0.55,0.03,0.025,8,1.2,3476,23.19,334.0,24.0,-0.054,-18.055,78,247,3151
BTC/USDT,30m,0.55,0.03,0.025,12,1.2,3476,23.19,334.0,26.5,-0.069,-23.119,141,392,2943
BTC/USDT,30m,0.55,0.03,0.025,16,1.2,3476,23.19,334.0,30.7,-0.107,-35.61,222,502,2752
BTC/USDT,30m,0.55,0.03,0.025,20,1.2,3476,23.19,334.0,30.6,-0.154,-51.337,283,641,2552
BTC/USDT,30m,0.55,0.03,0.025,24,1.2,3476,23.19,334.0,29.8,-0.186,-62.177,326,769,2381
BTC/USDT,30m,0.55,0.03,0.025,36,1.2,3476,23.19,334.0,31.9,-0.239,-79.709,499,1063,1914
BTC/USDT,30m,0.55,0.03,0.025,48,1.2,3476,23.19,334.0,33.3,-0.295,-98.649,648,1300,1528
BTC/USDT,30m,0.55,0.04,0.008,4,5.0,3476,23.19,334.0,1.0,-0.033,-10.929,10,956,2510
BTC/USDT,30m,0.55,0.04,0.008,6,5.0,3476,23.19,334.0,1.1,-0.038,-12.531,14,1232,2230
BTC/USDT,30m,0.55,0.04,0.008,8,5.0,3476,23.19,334.0,1.5,-0.042,-14.079,22,1447,2007
BTC/USDT,30m,0.55,0.04,0.008,12,5.0,3476,23.19,334.0,2.5,-0.043,-14.201,45,1759,1672
BTC/USDT,30m,0.55,0.04,0.008,16,5.0,3476,23.19,334.0,3.3,-0.051,-17.021,67,1952,1457
BTC/USDT,30m,0.55,0.04,0.008,20,5.0,3476,23.19,334.0,4.4,-0.055,-18.483,97,2109,1270
BTC/USDT,30m,0.55,0.04,0.008,24,5.0,3476,23.19,334.0,5.2,-0.061,-20.209,121,2226,1129
BTC/USDT,30m,0.55,0.04,0.008,36,5.0,3476,23.19,334.0,7.5,-0.062,-20.694,197,2427,852
BTC/USDT,30m,0.55,0.04,0.008,48,5.0,3476,23.19,334.0,9.9,-0.062,-20.794,282,2565,629
BTC/USDT,30m,0.55,0.04,0.01,4,4.0,3476,23.19,334.0,1.4,-0.034,-11.446,10,688,2778
BTC/USDT,30m,0.55,0.04,0.01,6,4.0,3476,23.19,334.0,1.5,-0.038,-12.576,14,928,2534
BTC/USDT,30m,0.55,0.04,0.01,8,4.0,3476,23.19,334.0,1.9,-0.042,-13.868,22,1123,2331
BTC/USDT,30m,0.55,0.04,0.01,12,4.0,3476,23.19,334.0,3.1,-0.042,-13.887,45,1405,2026
BTC/USDT,30m,0.55,0.04,0.01,16,4.0,3476,23.19,334.0,3.9,-0.064,-21.223,67,1658,1751
BTC/USDT,30m,0.55,0.04,0.01,20,4.0,3476,23.19,334.0,5.1,-0.072,-24.133,99,1827,1550
BTC/USDT,30m,0.55,0.04,0.01,24,4.0,3476,23.19,334.0,6.2,-0.08,-26.844,129,1947,1400
BTC/USDT,30m,0.55,0.04,0.01,36,4.0,3476,23.19,334.0,8.8,-0.078,-26.146,212,2189,1075
BTC/USDT,30m,0.55,0.04,0.01,48,4.0,3476,23.19,334.0,11.8,-0.072,-23.995,315,2361,800
BTC/USDT,30m,0.55,0.04,0.015,4,2.7,3476,23.19,334.0,3.0,-0.037,-12.253,10,326,3140
BTC/USDT,30m,0.55,0.04,0.015,6,2.7,3476,23.19,334.0,3.1,-0.034,-11.413,15,470,2991
BTC/USDT,30m,0.55,0.04,0.015,8,2.7,3476,23.19,334.0,3.8,-0.032,-10.847,24,605,2847
BTC/USDT,30m,0.55,0.04,0.015,12,2.7,3476,23.19,334.0,5.3,-0.024,-7.931,47,834,2595
BTC/USDT,30m,0.55,0.04,0.015,16,2.7,3476,23.19,334.0,6.1,-0.053,-17.841,69,1058,2349
BTC/USDT,30m,0.55,0.04,0.015,20,2.7,3476,23.19,334.0,7.7,-0.074,-24.872,103,1236,2137
BTC/USDT,30m,0.55,0.04,0.015,24,2.7,3476,23.19,334.0,9.0,-0.088,-29.544,137,1382,1957
BTC/USDT,30m,0.55,0.04,0.015,36,2.7,3476,23.19,334.0,12.5,-0.092,-30.816,238,1660,1578
BTC/USDT,30m,0.55,0.04,0.015,48,2.7,3476,23.19,334.0,16.2,-0.098,-32.891,365,1884,1227
BTC/USDT,30m,0.55,0.04,0.02,4,2.0,3476,23.19,334.0,5.6,-0.036,-12.096,10,167,3299
BTC/USDT,30m,0.55,0.04,0.02,6,2.0,3476,23.19,334.0,5.2,-0.037,-12.25,15,276,3185
BTC/USDT,30m,0.55,0.04,0.02,8,2.0,3476,23.19,334.0,5.9,-0.044,-14.621,24,381,3071
BTC/USDT,30m,0.55,0.04,0.02,12,2.0,3476,23.19,334.0,7.9,-0.048,-16.067,48,557,2871
BTC/USDT,30m,0.55,0.04,0.02,16,2.0,3476,23.19,334.0,8.9,-0.082,-27.474,71,726,2679
BTC/USDT,30m,0.55,0.04,0.02,20,2.0,3476,23.19,334.0,10.5,-0.114,-38.225,105,892,2479
BTC/USDT,30m,0.55,0.04,0.02,24,2.0,3476,23.19,334.0,12.1,-0.135,-45.049,141,1025,2310
BTC/USDT,30m,0.55,0.04,0.02,36,2.0,3476,23.19,334.0,15.8,-0.154,-51.287,248,1325,1903
BTC/USDT,30m,0.55,0.04,0.02,48,2.0,3476,23.19,334.0,19.8,-0.178,-59.316,384,1558,1534
BTC/USDT,30m,0.55,0.04,0.025,4,1.6,3476,23.19,334.0,10.4,-0.036,-12.007,10,86,3380
BTC/USDT,30m,0.55,0.04,0.025,6,1.6,3476,23.19,334.0,8.6,-0.039,-13.19,15,160,3301
BTC/USDT,30m,0.55,0.04,0.025,8,1.6,3476,23.19,334.0,8.9,-0.054,-17.928,24,247,3205
BTC/USDT,30m,0.55,0.04,0.025,12,1.6,3476,23.19,334.0,10.9,-0.066,-22.088,48,392,3036
BTC/USDT,30m,0.55,0.04,0.025,16,1.6,3476,23.19,334.0,12.4,-0.103,-34.474,71,502,2903
BTC/USDT,30m,0.55,0.04,0.025,20,1.6,3476,23.19,334.0,14.2,-0.145,-48.507,106,641,2729
BTC/USDT,30m,0.55,0.04,0.025,24,1.6,3476,23.19,334.0,15.8,-0.174,-57.953,144,769,2563
BTC/USDT,30m,0.55,0.04,0.025,36,1.6,3476,23.19,334.0,19.2,-0.212,-70.944,253,1063,2160
BTC/USDT,30m,0.55,0.04,0.025,48,1.6,3476,23.19,334.0,23.0,-0.26,-86.815,389,1303,1784
BTC/USDT,30m,0.55,0.05,0.008,4,6.2,3476,23.19,334.0,0.2,-0.033,-10.892,2,956,2518
BTC/USDT,30m,0.55,0.05,0.008,6,6.2,3476,23.19,334.0,0.5,-0.037,-12.489,6,1232,2238
BTC/USDT,30m,0.55,0.05,0.008,8,6.2,3476,23.19,334.0,0.7,-0.042,-14.127,10,1447,2019
BTC/USDT,30m,0.55,0.05,0.008,12,6.2,3476,23.19,334.0,1.2,-0.041,-13.652,22,1759,1695
BTC/USDT,30m,0.55,0.05,0.008,16,6.2,3476,23.19,334.0,1.5,-0.047,-15.612,30,1952,1494
BTC/USDT,30m,0.55,0.05,0.008,20,6.2,3476,23.19,334.0,2.0,-0.047,-15.853,44,2109,1323
BTC/USDT,30m,0.55,0.05,0.008,24,6.2,3476,23.19,334.0,2.8,-0.049,-16.521,64,2226,1186
BTC/USDT,30m,0.55,0.05,0.008,36,6.2,3476,23.19,334.0,3.8,-0.057,-19.02,97,2427,952
BTC/USDT,30m,0.55,0.05,0.008,48,6.2,3476,23.19,334.0,5.0,-0.068,-22.773,136,2576,764
BTC/USDT,30m,0.55,0.05,0.01,4,5.0,3476,23.19,334.0,0.3,-0.034,-11.409,2,688,2786
BTC/USDT,30m,0.55,0.05,0.01,6,5.0,3476,23.19,334.0,0.6,-0.038,-12.533,6,928,2542
BTC/USDT,30m,0.55,0.05,0.01,8,5.0,3476,23.19,334.0,0.9,-0.042,-13.916,10,1123,2343
BTC/USDT,30m,0.55,0.05,0.01,12,5.0,3476,23.19,334.0,1.5,-0.04,-13.338,22,1405,2049
BTC/USDT,30m,0.55,0.05,0.01,16,5.0,3476,23.19,334.0,1.8,-0.059,-19.814,30,1658,1788
BTC/USDT,30m,0.55,0.05,0.01,20,5.0,3476,23.19,334.0,2.4,-0.064,-21.439,44,1827,1605
BTC/USDT,30m,0.55,0.05,0.01,24,5.0,3476,23.19,334.0,3.2,-0.071,-23.547,64,1947,1465
BTC/USDT,30m,0.55,0.05,0.01,36,5.0,3476,23.19,334.0,4.3,-0.075,-25.215,99,2189,1188
BTC/USDT,30m,0.55,0.05,0.01,48,5.0,3476,23.19,334.0,5.8,-0.083,-27.744,146,2373,957
BTC/USDT,30m,0.55,0.05,0.015,4,3.3,3476,23.19,334.0,0.6,-0.037,-12.216,2,326,3148
BTC/USDT,30m,0.55,0.05,0.015,6,3.3,3476,23.19,334.0,1.3,-0.034,-11.378,6,470,3000
BTC/USDT,30m,0.55,0.05,0.015,8,3.3,3476,23.19,334.0,1.8,-0.032,-10.782,11,605,2860
BTC/USDT,30m,0.55,0.05,0.015,12,3.3,3476,23.19,334.0,2.7,-0.022,-7.432,23,834,2619
BTC/USDT,30m,0.55,0.05,0.015,16,3.3,3476,23.19,334.0,2.8,-0.05,-16.57,31,1058,2387
BTC/USDT,30m,0.55,0.05,0.015,20,3.3,3476,23.19,334.0,3.5,-0.067,-22.463,45,1236,2195
BTC/USDT,30m,0.55,0.05,0.015,24,3.3,3476,23.19,334.0,4.6,-0.079,-26.538,67,1382,2027
BTC/USDT,30m,0.55,0.05,0.015,36,3.3,3476,23.19,334.0,6.2,-0.09,-30.212,109,1660,1707
BTC/USDT,30m,0.55,0.05,0.015,48,3.3,3476,23.19,334.0,8.0,-0.114,-38.168,166,1898,1412
BTC/USDT,30m,0.55,0.05,0.02,4,2.5,3476,23.19,334.0,1.2,-0.036,-12.059,2,167,3307
BTC/USDT,30m,0.55,0.05,0.02,6,2.5,3476,23.19,334.0,2.1,-0.037,-12.215,6,276,3194
BTC/USDT,30m,0.55,0.05,0.02,8,2.5,3476,23.19,334.0,2.8,-0.044,-14.556,11,381,3084
BTC/USDT,30m,0.55,0.05,0.02,12,2.5,3476,23.19,334.0,4.0,-0.047,-15.808,23,557,2896
BTC/USDT,30m,0.55,0.05,0.02,16,2.5,3476,23.19,334.0,4.1,-0.079,-26.425,31,726,2719
BTC/USDT,30m,0.55,0.05,0.02,20,2.5,3476,23.19,334.0,4.8,-0.108,-36.177,45,892,2539
BTC/USDT,30m,0.55,0.05,0.02,24,2.5,3476,23.19,334.0,6.2,-0.126,-42.106,68,1025,2383
BTC/USDT,30m,0.55,0.05,0.02,36,2.5,3476,23.19,334.0,7.8,-0.154,-51.345,112,1325,2039
BTC/USDT,30m,0.55,0.05,0.02,48,2.5,3476,23.19,334.0,9.9,-0.197,-65.854,172,1567,1737
BTC/USDT,30m,0.55,0.05,0.025,4,2.0,3476,23.19,334.0,2.3,-0.036,-11.97,2,86,3388
BTC/USDT,30m,0.55,0.05,0.025,6,2.0,3476,23.19,334.0,3.6,-0.039,-13.155,6,160,3310
BTC/USDT,30m,0.55,0.05,0.025,8,2.0,3476,23.19,334.0,4.3,-0.053,-17.864,11,247,3218
BTC/USDT,30m,0.55,0.05,0.025,12,2.0,3476,23.19,334.0,5.5,-0.065,-21.83,23,392,3061
BTC/USDT,30m,0.55,0.05,0.025,16,2.0,3476,23.19,334.0,5.8,-0.1,-33.424,31,502,2943
BTC/USDT,30m,0.55,0.05,0.025,20,2.0,3476,23.19,334.0,6.7,-0.139,-46.363,46,641,2789
BTC/USDT,30m,0.55,0.05,0.025,24,2.0,3476,23.19,334.0,8.3,-0.164,-54.833,70,769,2637
BTC/USDT,30m,0.55,0.05,0.025,36,2.0,3476,23.19,334.0,9.7,-0.213,-70.985,114,1063,2299
BTC/USDT,30m,0.55,0.05,0.025,48,2.0,3476,23.19,334.0,11.8,-0.281,-93.736,175,1311,1990
BTC/USDT,30m,0.55,0.075,0.008,4,9.4,3476,23.19,334.0,0.1,-0.032,-10.659,1,956,2519
BTC/USDT,30m,0.55,0.075,0.008,6,9.4,3476,23.19,334.0,0.1,-0.038,-12.657,1,1232,2243
BTC/USDT,30m,0.55,0.075,0.008,8,9.4,3476,23.19,334.0,0.1,-0.044,-14.76,1,1447,2028
BTC/USDT,30m,0.55,0.075,0.008,12,9.4,3476,23.19,334.0,0.1,-0.042,-13.918,2,1759,1715
BTC/USDT,30m,0.55,0.075,0.008,16,9.4,3476,23.19,334.0,0.5,-0.045,-14.988,9,1952,1515
BTC/USDT,30m,0.55,0.075,0.008,20,9.4,3476,23.19,334.0,0.6,-0.047,-15.636,13,2109,1354
BTC/USDT,30m,0.55,0.075,0.008,24,9.4,3476,23.19,334.0,0.8,-0.049,-16.482,17,2226,1233
BTC/USDT,30m,0.55,0.075,0.008,36,9.4,3476,23.19,334.0,1.0,-0.067,-22.306,24,2428,1024
BTC/USDT,30m,0.55,0.075,0.008,48,9.4,3476,23.19,334.0,1.6,-0.075,-24.899,42,2581,853
BTC/USDT,30m,0.55,0.075,0.01,4,7.5,3476,23.19,334.0,0.1,-0.033,-11.176,1,688,2787
BTC/USDT,30m,0.55,0.075,0.01,6,7.5,3476,23.19,334.0,0.1,-0.038,-12.701,1,928,2547
BTC/USDT,30m,0.55,0.075,0.01,8,7.5,3476,23.19,334.0,0.1,-0.044,-14.549,1,1123,2352
BTC/USDT,30m,0.55,0.075,0.01,12,7.5,3476,23.19,334.0,0.1,-0.041,-13.604,2,1405,2069
BTC/USDT,30m,0.55,0.075,0.01,16,7.5,3476,23.19,334.0,0.5,-0.057,-19.19,9,1658,1809
BTC/USDT,30m,0.55,0.075,0.01,20,7.5,3476,23.19,334.0,0.7,-0.064,-21.222,13,1827,1636
BTC/USDT,30m,0.55,0.075,0.01,24,7.5,3476,23.19,334.0,0.9,-0.07,-23.508,17,1947,1512
BTC/USDT,30m,0.55,0.075,0.01,36,7.5,3476,23.19,334.0,1.1,-0.086,-28.588,24,2190,1262
BTC/USDT,30m,0.55,0.075,0.01,48,7.5,3476,23.19,334.0,1.9,-0.089,-29.704,45,2377,1054
BTC/USDT,30m,0.55,0.075,0.015,4,5.0,3476,23.19,334.0,0.3,-0.036,-11.983,1,326,3149
BTC/USDT,30m,0.55,0.075,0.015,6,5.0,3476,23.19,334.0,0.2,-0.035,-11.546,1,470,3005
BTC/USDT,30m,0.55,0.075,0.015,8,5.0,3476,23.19,334.0,0.2,-0.034,-11.405,1,605,2870
BTC/USDT,30m,0.55,0.075,0.015,12,5.0,3476,23.19,334.0,0.2,-0.023,-7.691,2,834,2640
BTC/USDT,30m,0.55,0.075,0.015,16,5.0,3476,23.19,334.0,0.8,-0.048,-15.992,9,1058,2409
BTC/USDT,30m,0.55,0.075,0.015,20,5.0,3476,23.19,334.0,1.0,-0.067,-22.26,13,1236,2227
BTC/USDT,30m,0.55,0.075,0.015,24,5.0,3476,23.19,334.0,1.3,-0.079,-26.254,18,1382,2076
BTC/USDT,30m,0.55,0.075,0.015,36,5.0,3476,23.19,334.0,1.6,-0.1,-33.439,27,1660,1789
BTC/USDT,30m,0.55,0.075,0.015,48,5.0,3476,23.19,334.0,2.8,-0.115,-38.493,54,1900,1522
BTC/USDT,30m,0.55,0.075,0.02,4,3.8,3476,23.19,334.0,0.6,-0.035,-11.826,1,167,3308
BTC/USDT,30m,0.55,0.075,0.02,6,3.8,3476,23.19,334.0,0.4,-0.037,-12.383,1,276,3199
BTC/USDT,30m,0.55,0.075,0.02,8,3.8,3476,23.19,334.0,0.3,-0.045,-15.179,1,381,3094
BTC/USDT,30m,0.55,0.075,0.02,12,3.8,3476,23.19,334.0,0.4,-0.048,-16.067,2,557,2917
BTC/USDT,30m,0.55,0.075,0.02,16,3.8,3476,23.19,334.0,1.2,-0.077,-25.847,9,726,2741
BTC/USDT,30m,0.55,0.075,0.02,20,3.8,3476,23.19,334.0,1.4,-0.108,-35.974,13,892,2571
BTC/USDT,30m,0.55,0.075,0.02,24,3.8,3476,23.19,334.0,1.7,-0.125,-41.828,18,1025,2433
BTC/USDT,30m,0.55,0.075,0.02,36,3.8,3476,23.19,334.0,2.1,-0.163,-54.561,28,1325,2123
BTC/USDT,30m,0.55,0.075,0.02,48,3.8,3476,23.19,334.0,3.6,-0.194,-64.783,58,1567,1851
BTC/USDT,30m,0.55,0.075,0.025,4,3.0,3476,23.19,334.0,1.1,-0.035,-11.737,1,86,3389
BTC/USDT,30m,0.55,0.075,0.025,6,3.0,3476,23.19,334.0,0.6,-0.04,-13.324,1,160,3315
BTC/USDT,30m,0.55,0.075,0.025,8,3.0,3476,23.19,334.0,0.4,-0.055,-18.486,1,247,3228
BTC/USDT,30m,0.55,0.075,0.025,12,3.0,3476,23.19,334.0,0.5,-0.066,-22.088,2,392,3082
BTC/USDT,30m,0.55,0.075,0.025,16,3.0,3476,23.19,334.0,1.8,-0.098,-32.846,9,502,2965
BTC/USDT,30m,0.55,0.075,0.025,20,3.0,3476,23.19,334.0,2.0,-0.138,-46.104,13,641,2822
BTC/USDT,30m,0.55,0.075,0.025,24,3.0,3476,23.19,334.0,2.4,-0.163,-54.402,19,769,2688
BTC/USDT,30m,0.55,0.075,0.025,36,3.0,3476,23.19,334.0,2.7,-0.222,-74.107,29,1063,2384
BTC/USDT,30m,0.55,0.075,0.025,48,3.0,3476,23.19,334.0,4.3,-0.277,-92.559,59,1311,2106
BTC/USDT,30m,0.55,0.1,0.008,4,12.5,3476,23.19,334.0,0.0,-0.033,-10.873,0,956,2520
BTC/USDT,30m,0.55,0.1,0.008,6,12.5,3476,23.19,334.0,0.0,-0.038,-12.857,0,1232,2244
BTC/USDT,30m,0.55,0.1,0.008,8,12.5,3476,23.19,334.0,0.0,-0.045,-14.926,0,1447,2029
BTC/USDT,30m,0.55,0.1,0.008,12,12.5,3476,23.19,334.0,0.0,-0.043,-14.202,0,1759,1717
BTC/USDT,30m,0.55,0.1,0.008,16,12.5,3476,23.19,334.0,0.0,-0.047,-15.704,0,1952,1524
BTC/USDT,30m,0.55,0.1,0.008,20,12.5,3476,23.19,334.0,0.1,-0.045,-15.173,3,2109,1364
BTC/USDT,30m,0.55,0.1,0.008,24,12.5,3476,23.19,334.0,0.2,-0.048,-15.945,5,2226,1245
BTC/USDT,30m,0.55,0.1,0.008,36,12.5,3476,23.19,334.0,0.5,-0.063,-20.879,11,2428,1037
BTC/USDT,30m,0.55,0.1,0.008,48,12.5,3476,23.19,334.0,0.4,-0.079,-26.464,11,2581,884
BTC/USDT,30m,0.55,0.1,0.01,4,10.0,3476,23.19,334.0,0.0,-0.034,-11.39,0,688,2788
BTC/USDT,30m,0.55,0.1,0.01,6,10.0,3476,23.19,334.0,0.0,-0.039,-12.901,0,928,2548
BTC/USDT,30m,0.55,0.1,0.01,8,10.0,3476,23.19,334.0,0.0,-0.044,-14.715,0,1123,2353
BTC/USDT,30m,0.55,0.1,0.01,12,10.0,3476,23.19,334.0,0.0,-0.042,-13.887,0,1405,2071
BTC/USDT,30m,0.55,0.1,0.01,16,10.0,3476,23.19,334.0,0.0,-0.06,-19.906,0,1658,1818
BTC/USDT,30m,0.55,0.1,0.01,20,10.0,3476,23.19,334.0,0.2,-0.062,-20.759,3,1827,1646
BTC/USDT,30m,0.55,0.1,0.01,24,10.0,3476,23.19,334.0,0.3,-0.069,-22.971,5,1947,1524
BTC/USDT,30m,0.55,0.1,0.01,36,10.0,3476,23.19,334.0,0.5,-0.081,-27.162,11,2190,1275
BTC/USDT,30m,0.55,0.1,0.01,48,10.0,3476,23.19,334.0,0.5,-0.094,-31.27,11,2377,1088
BTC/USDT,30m,0.55,0.1,0.015,4,6.7,3476,23.19,334.0,0.0,-0.037,-12.196,0,326,3150
BTC/USDT,30m,0.55,0.1,0.015,6,6.7,3476,23.19,334.0,0.0,-0.035,-11.746,0,470,3006
BTC/USDT,30m,0.55,0.1,0.015,8,6.7,3476,23.19,334.0,0.0,-0.035,-11.572,0,605,2871
BTC/USDT,30m,0.55,0.1,0.015,12,6.7,3476,23.19,334.0,0.0,-0.024,-7.975,0,834,2642
BTC/USDT,30m,0.55,0.1,0.015,16,6.7,3476,23.19,334.0,0.0,-0.05,-16.708,0,1058,2418
BTC/USDT,30m,0.55,0.1,0.015,20,6.7,3476,23.19,334.0,0.2,-0.065,-21.797,3,1236,2237
BTC/USDT,30m,0.55,0.1,0.015,24,6.7,3476,23.19,334.0,0.4,-0.077,-25.637,5,1382,2089
BTC/USDT,30m,0.55,0.1,0.015,36,6.7,3476,23.19,334.0,0.8,-0.094,-31.502,13,1660,1803
BTC/USDT,30m,0.55,0.1,0.015,48,6.7,3476,23.19,334.0,0.7,-0.119,-39.773,13,1900,1563
BTC/USDT,30m,0.55,0.1,0.02,4,5.0,3476,23.19,334.0,0.0,-0.036,-12.039,0,167,3309
BTC/USDT,30m,0.55,0.1,0.02,6,5.0,3476,23.19,334.0,0.0,-0.038,-12.583,0,276,3200
BTC/USDT,30m,0.55,0.1,0.02,8,5.0,3476,23.19,334.0,0.0,-0.046,-15.346,0,381,3095
BTC/USDT,30m,0.55,0.1,0.02,12,5.0,3476,23.19,334.0,0.0,-0.049,-16.351,0,557,2919
BTC/USDT,30m,0.55,0.1,0.02,16,5.0,3476,23.19,334.0,0.0,-0.08,-26.563,0,726,2750
BTC/USDT,30m,0.55,0.1,0.02,20,5.0,3476,23.19,334.0,0.3,-0.106,-35.511,3,892,2581
BTC/USDT,30m,0.55,0.1,0.02,24,5.0,3476,23.19,334.0,0.5,-0.123,-41.211,5,1025,2446
BTC/USDT,30m,0.55,0.1,0.02,36,5.0,3476,23.19,334.0,1.0,-0.157,-52.384,14,1325,2137
BTC/USDT,30m,0.55,0.1,0.02,48,5.0,3476,23.19,334.0,0.9,-0.197,-65.879,14,1567,1895
BTC/USDT,30m,0.55,0.1,0.025,4,4.0,3476,23.19,334.0,0.0,-0.036,-11.951,0,86,3390
BTC/USDT,30m,0.55,0.1,0.025,6,4.0,3476,23.19,334.0,0.0,-0.04,-13.524,0,160,3316
BTC/USDT,30m,0.55,0.1,0.025,8,4.0,3476,23.19,334.0,0.0,-0.056,-18.653,0,247,3229
BTC/USDT,30m,0.55,0.1,0.025,12,4.0,3476,23.19,334.0,0.0,-0.067,-22.372,0,392,3084
BTC/USDT,30m,0.55,0.1,0.025,16,4.0,3476,23.19,334.0,0.0,-0.1,-33.563,0,502,2974
BTC/USDT,30m,0.55,0.1,0.025,20,4.0,3476,23.19,334.0,0.5,-0.137,-45.641,3,641,2832
BTC/USDT,30m,0.55,0.1,0.025,24,4.0,3476,23.19,334.0,0.6,-0.162,-53.963,5,769,2702
BTC/USDT,30m,0.55,0.1,0.025,36,4.0,3476,23.19,334.0,1.3,-0.216,-72.028,14,1063,2399
BTC/USDT,30m,0.55,0.1,0.025,48,4.0,3476,23.19,334.0,1.1,-0.281,-93.737,14,1311,2151
BTC/USDT,30m,0.6,0.01,0.008,4,1.2,1451,9.68,139.4,38.4,-0.023,-3.159,307,492,652
BTC/USDT,30m,0.6,0.01,0.008,6,1.2,1451,9.68,139.4,39.4,-0.032,-4.458,384,590,477
BTC/USDT,30m,0.6,0.01,0.008,8,1.2,1451,9.68,139.4,39.3,-0.049,-6.807,428,660,363
BTC/USDT,30m,0.6,0.01,0.008,12,1.2,1451,9.68,139.4,39.1,-0.072,-9.984,480,747,224
BTC/USDT,30m,0.6,0.01,0.008,16,1.2,1451,9.68,139.4,39.4,-0.079,-10.949,514,790,147
BTC/USDT,30m,0.6,0.01,0.008,20,1.2,1451,9.68,139.4,39.2,-0.087,-12.146,529,820,102
BTC/USDT,30m,0.6,0.01,0.008,24,1.2,1451,9.68,139.4,39.3,-0.091,-12.685,541,837,73
BTC/USDT,30m,0.6,0.01,0.008,36,1.2,1451,9.68,139.4,39.3,-0.089,-12.454,556,860,35
BTC/USDT,30m,0.6,0.01,0.008,48,1.2,1451,9.68,139.4,39.6,-0.084,-11.664,568,865,18
BTC/USDT,30m,0.6,0.015,0.008,4,1.9,1451,9.68,139.4,23.1,-0.013,-1.766,152,505,794
BTC/USDT,30m,0.6,0.015,0.008,6,1.9,1451,9.68,139.4,26.4,-0.023,-3.169,219,612,620
BTC/USDT,30m,0.6,0.015,0.008,8,1.9,1451,9.68,139.4,27.2,-0.034,-4.693,258,692,501
BTC/USDT,30m,0.6,0.015,0.008,12,1.9,1451,9.68,139.4,28.5,-0.054,-7.579,317,796,338
BTC/USDT,30m,0.6,0.015,0.008,16,1.9,1451,9.68,139.4,28.7,-0.074,-10.367,346,858,247
BTC/USDT,30m,0.6,0.015,0.008,20,1.9,1451,9.68,139.4,29.1,-0.088,-12.247,369,900,182
BTC/USDT,30m,0.6,0.015,0.008,24,1.9,1451,9.68,139.4,29.7,-0.095,-13.205,394,931,126
BTC/USDT,30m,0.6,0.015,0.008,36,1.9,1451,9.68,139.4,30.3,-0.095,-13.283,424,976,51
BTC/USDT,30m,0.6,0.015,0.008,48,1.9,1451,9.68,139.4,30.6,-0.09,-12.488,436,989,26
BTC/USDT,30m,0.6,0.015,0.01,4,1.5,1451,9.68,139.4,28.9,-0.017,-2.301,159,392,900
BTC/USDT,30m,0.6,0.015,0.01,6,1.5,1451,9.68,139.4,32.2,-0.02,-2.835,231,486,734
BTC/USDT,30m,0.6,0.015,0.01,8,1.5,1451,9.68,139.4,33.1,-0.031,-4.365,277,560,614
BTC/USDT,30m,0.6,0.015,0.01,12,1.5,1451,9.68,139.4,34.4,-0.052,-7.246,347,661,443
BTC/USDT,30m,0.6,0.015,0.01,16,1.5,1451,9.68,139.4,33.9,-0.084,-11.699,385,752,314
BTC/USDT,30m,0.6,0.015,0.01,20,1.5,1451,9.68,139.4,34.2,-0.096,-13.318,412,794,245
BTC/USDT,30m,0.6,0.015,0.01,24,1.5,1451,9.68,139.4,34.9,-0.103,-14.382,442,825,184
BTC/USDT,30m,0.6,0.015,0.01,36,1.5,1451,9.68,139.4,35.2,-0.107,-14.878,483,888,80
BTC/USDT,30m,0.6,0.015,0.01,48,1.5,1451,9.68,139.4,36.1,-0.09,-12.572,509,901,41
BTC/USDT,30m,0.6,0.02,0.008,4,2.5,1451,9.68,139.4,13.1,-0.008,-1.163,77,511,863
BTC/USDT,30m,0.6,0.02,0.008,6,2.5,1451,9.68,139.4,17.7,-0.008,-1.122,133,620,698
BTC/USDT,30m,0.6,0.02,0.008,8,2.5,1451,9.68,139.4,19.2,-0.022,-3.021,167,705,579
BTC/USDT,30m,0.6,0.02,0.008,12,2.5,1451,9.68,139.4,20.9,-0.04,-5.522,215,813,423
BTC/USDT,30m,0.6,0.02,0.008,16,2.5,1451,9.68,139.4,21.6,-0.06,-8.387,245,887,319
BTC/USDT,30m,0.6,0.02,0.008,20,2.5,1451,9.68,139.4,22.4,-0.072,-10.107,270,934,247
BTC/USDT,30m,0.6,0.02,0.008,24,2.5,1451,9.68,139.4,22.9,-0.079,-10.98,289,972,190
BTC/USDT,30m,0.6,0.02,0.008,36,2.5,1451,9.68,139.4,24.9,-0.078,-10.81,341,1029,81
BTC/USDT,30m,0.6,0.02,0.008,48,2.5,1451,9.68,139.4,25.4,-0.074,-10.348,357,1047,47
BTC/USDT,30m,0.6,0.02,0.01,4,2.0,1451,9.68,139.4,16.7,-0.014,-1.923,80,398,973
BTC/USDT,30m,0.6,0.02,0.01,6,2.0,1451,9.68,139.4,21.9,-0.009,-1.282,139,495,817
BTC/USDT,30m,0.6,0.02,0.01,8,2.0,1451,9.68,139.4,23.5,-0.024,-3.363,176,574,701
BTC/USDT,30m,0.6,0.02,0.01,12,2.0,1451,9.68,139.4,25.5,-0.038,-5.366,232,679,540
BTC/USDT,30m,0.6,0.02,0.01,16,2.0,1451,9.68,139.4,25.5,-0.072,-10.019,268,782,401
BTC/USDT,30m,0.6,0.02,0.01,20,2.0,1451,9.68,139.4,26.6,-0.081,-11.277,301,829,321
BTC/USDT,30m,0.6,0.02,0.01,24,2.0,1451,9.68,139.4,27.4,-0.086,-12.026,325,863,263
BTC/USDT,30m,0.6,0.02,0.01,36,2.0,1451,9.68,139.4,29.3,-0.087,-12.072,390,942,119
BTC/USDT,30m,0.6,0.02,0.01,48,2.0,1451,9.68,139.4,30.3,-0.073,-10.19,418,961,72
BTC/USDT,30m,0.6,0.02,0.015,4,1.3,1451,9.68,139.4,27.2,-0.028,-3.855,80,214,1157
BTC/USDT,30m,0.6,0.02,0.015,6,1.3,1451,9.68,139.4,33.2,-0.021,-2.983,142,286,1023
BTC/USDT,30m,0.6,0.02,0.015,8,1.3,1451,9.68,139.4,34.5,-0.024,-3.395,183,347,921
BTC/USDT,30m,0.6,0.02,0.015,12,1.3,1451,9.68,139.4,36.5,-0.026,-3.659,256,445,750
BTC/USDT,30m,0.6,0.02,0.015,16,1.3,1451,9.68,139.4,35.9,-0.067,-9.325,306,546,599
BTC/USDT,30m,0.6,0.02,0.015,20,1.3,1451,9.68,139.4,36.4,-0.084,-11.674,347,605,499
BTC/USDT,30m,0.6,0.02,0.015,24,1.3,1451,9.68,139.4,37.1,-0.093,-12.908,384,652,415
BTC/USDT,30m,0.6,0.02,0.015,36,1.3,1451,9.68,139.4,38.5,-0.113,-15.695,473,757,221
BTC/USDT,30m,0.6,0.02,0.015,48,1.3,1451,9.68,139.4,39.3,-0.095,-13.309,521,804,126
BTC/USDT,30m,0.6,0.025,0.008,4,3.1,1451,9.68,139.4,6.3,-0.021,-2.963,35,517,899
BTC/USDT,30m,0.6,0.025,0.008,6,3.1,1451,9.68,139.4,8.4,-0.019,-2.694,58,630,763
BTC/USDT,30m,0.6,0.025,0.008,8,3.1,1451,9.68,139.4,11.6,-0.027,-3.735,94,715,642
BTC/USDT,30m,0.6,0.025,0.008,12,3.1,1451,9.68,139.4,13.5,-0.053,-7.351,129,829,493
BTC/USDT,30m,0.6,0.025,0.008,16,3.1,1451,9.68,139.4,15.3,-0.072,-10.022,165,911,375
BTC/USDT,30m,0.6,0.025,0.008,20,3.1,1451,9.68,139.4,16.3,-0.082,-11.432,187,959,305
BTC/USDT,30m,0.6,0.025,0.008,24,3.1,1451,9.68,139.4,17.1,-0.081,-11.351,206,997,248
BTC/USDT,30m,0.6,0.025,0.008,36,3.1,1451,9.68,139.4,20.1,-0.073,-10.21,268,1064,119
BTC/USDT,30m,0.6,0.025,0.008,48,3.1,1451,9.68,139.4,20.8,-0.076,-10.616,286,1090,75
BTC/USDT,30m,0.6,0.025,0.01,4,2.5,1451,9.68,139.4,8.4,-0.027,-3.783,37,403,1011
BTC/USDT,30m,0.6,0.025,0.01,6,2.5,1451,9.68,139.4,10.8,-0.02,-2.847,61,503,887
BTC/USDT,30m,0.6,0.025,0.01,8,2.5,1451,9.68,139.4,14.4,-0.03,-4.151,98,583,770
BTC/USDT,30m,0.6,0.025,0.01,12,2.5,1451,9.68,139.4,16.8,-0.048,-6.65,140,691,620
BTC/USDT,30m,0.6,0.025,0.01,16,2.5,1451,9.68,139.4,18.6,-0.079,-11.054,183,801,467
BTC/USDT,30m,0.6,0.025,0.01,20,2.5,1451,9.68,139.4,19.8,-0.087,-12.143,210,852,389
BTC/USDT,30m,0.6,0.025,0.01,24,2.5,1451,9.68,139.4,20.6,-0.086,-12.043,230,887,334
BTC/USDT,30m,0.6,0.025,0.01,36,2.5,1451,9.68,139.4,23.5,-0.081,-11.261,300,975,176
BTC/USDT,30m,0.6,0.025,0.01,48,2.5,1451,9.68,139.4,25.0,-0.072,-10.0,334,1002,115
BTC/USDT,30m,0.6,0.025,0.015,4,1.7,1451,9.68,139.4,14.6,-0.041,-5.71,37,216,1198
BTC/USDT,30m,0.6,0.025,0.015,6,1.7,1451,9.68,139.4,17.7,-0.032,-4.494,62,288,1101
BTC/USDT,30m,0.6,0.025,0.015,8,1.7,1451,9.68,139.4,22.6,-0.028,-3.906,102,350,999
BTC/USDT,30m,0.6,0.025,0.015,12,1.7,1451,9.68,139.4,25.7,-0.032,-4.513,156,451,844
BTC/USDT,30m,0.6,0.025,0.015,16,1.7,1451,9.68,139.4,27.2,-0.069,-9.593,207,555,689
BTC/USDT,30m,0.6,0.025,0.015,20,1.7,1451,9.68,139.4,28.2,-0.084,-11.68,243,619,589
BTC/USDT,30m,0.6,0.025,0.015,24,1.7,1451,9.68,139.4,28.4,-0.088,-12.291,266,670,515
BTC/USDT,30m,0.6,0.025,0.015,36,1.7,1451,9.68,139.4,31.2,-0.101,-14.106,354,780,317
BTC/USDT,30m,0.6,0.025,0.015,48,1.7,1451,9.68,139.4,33.2,-0.081,-11.315,416,836,199
BTC/USDT,30m,0.6,0.025,0.02,4,1.2,1451,9.68,139.4,23.9,-0.037,-5.154,37,118,1296
BTC/USDT,30m,0.6,0.025,0.02,6,1.2,1451,9.68,139.4,26.7,-0.029,-4.056,65,178,1208
BTC/USDT,30m,0.6,0.025,0.02,8,1.2,1451,9.68,139.4,31.5,-0.035,-4.944,106,230,1115
BTC/USDT,30m,0.6,0.025,0.02,12,1.2,1451,9.68,139.4,33.7,-0.054,-7.471,160,315,976
BTC/USDT,30m,0.6,0.025,0.02,16,1.2,1451,9.68,139.4,34.8,-0.1,-13.939,212,397,842
BTC/USDT,30m,0.6,0.025,0.02,20,1.2,1451,9.68,139.4,34.3,-0.128,-17.791,249,477,725
BTC/USDT,30m,0.6,0.025,0.02,24,1.2,1451,9.68,139.4,34.2,-0.15,-20.89,278,534,639
BTC/USDT,30m,0.6,0.025,0.02,36,1.2,1451,9.68,139.4,36.9,-0.173,-24.158,379,648,424
BTC/USDT,30m,0.6,0.025,0.02,48,1.2,1451,9.68,139.4,38.5,-0.162,-22.591,453,723,275
BTC/USDT,30m,0.6,0.03,0.008,4,3.8,1451,9.68,139.4,3.2,-0.025,-3.474,17,517,917
BTC/USDT,30m,0.6,0.03,0.008,6,3.8,1451,9.68,139.4,4.2,-0.025,-3.446,28,631,792
BTC/USDT,30m,0.6,0.03,0.008,8,3.8,1451,9.68,139.4,6.0,-0.032,-4.476,46,718,687
BTC/USDT,30m,0.6,0.03,0.008,12,3.8,1451,9.68,139.4,8.5,-0.049,-6.893,77,832,542
BTC/USDT,30m,0.6,0.03,0.008,16,3.8,1451,9.68,139.4,10.4,-0.06,-8.317,106,914,431
BTC/USDT,30m,0.6,0.03,0.008,20,3.8,1451,9.68,139.4,11.6,-0.07,-9.736,126,962,363
BTC/USDT,30m,0.6,0.03,0.008,24,3.8,1451,9.68,139.4,12.2,-0.072,-9.982,139,1000,312
BTC/USDT,30m,0.6,0.03,0.008,36,3.8,1451,9.68,139.4,14.9,-0.077,-10.772,189,1076,186
BTC/USDT,30m,0.6,0.03,0.008,48,3.8,1451,9.68,139.4,15.8,-0.096,-13.445,209,1113,129
BTC/USDT,30m,0.6,0.03,0.01,4,3.0,1451,9.68,139.4,4.0,-0.033,-4.62,17,403,1031
BTC/USDT,30m,0.6,0.03,0.01,6,3.0,1451,9.68,139.4,5.3,-0.03,-4.169,28,505,918
BTC/USDT,30m,0.6,0.03,0.01,8,3.0,1451,9.68,139.4,7.3,-0.04,-5.518,46,587,818
BTC/USDT,30m,0.6,0.03,0.01,12,3.0,1451,9.68,139.4,10.4,-0.05,-6.957,81,695,675
BTC/USDT,30m,0.6,0.03,0.01,16,3.0,1451,9.68,139.4,12.4,-0.079,-11.024,115,809,527
BTC/USDT,30m,0.6,0.03,0.01,20,3.0,1451,9.68,139.4,13.9,-0.085,-11.908,139,860,452
BTC/USDT,30m,0.6,0.03,0.01,24,3.0,1451,9.68,139.4,14.7,-0.085,-11.859,154,895,402
BTC/USDT,30m,0.6,0.03,0.01,36,3.0,1451,9.68,139.4,17.4,-0.095,-13.252,208,990,253
BTC/USDT,30m,0.6,0.03,0.01,48,3.0,1451,9.68,139.4,19.3,-0.099,-13.856,246,1031,174
BTC/USDT,30m,0.6,0.03,0.015,4,2.0,1451,9.68,139.4,7.3,-0.047,-6.547,17,216,1218
BTC/USDT,30m,0.6,0.03,0.015,6,2.0,1451,9.68,139.4,9.1,-0.042,-5.864,29,290,1132
BTC/USDT,30m,0.6,0.03,0.015,8,2.0,1451,9.68,139.4,12.0,-0.036,-5.066,48,353,1050
BTC/USDT,30m,0.6,0.03,0.015,12,2.0,1451,9.68,139.4,15.8,-0.036,-5.024,85,454,912
BTC/USDT,30m,0.6,0.03,0.015,16,2.0,1451,9.68,139.4,18.4,-0.071,-9.844,127,562,762
BTC/USDT,30m,0.6,0.03,0.015,20,2.0,1451,9.68,139.4,20.2,-0.084,-11.768,159,627,665
BTC/USDT,30m,0.6,0.03,0.015,24,2.0,1451,9.68,139.4,20.6,-0.089,-12.444,176,678,597
BTC/USDT,30m,0.6,0.03,0.015,36,2.0,1451,9.68,139.4,23.8,-0.114,-15.862,247,791,413
BTC/USDT,30m,0.6,0.03,0.015,48,2.0,1451,9.68,139.4,26.3,-0.11,-15.36,306,858,287
BTC/USDT,30m,0.6,0.03,0.02,4,1.5,1451,9.68,139.4,12.6,-0.043,-5.991,17,118,1316
BTC/USDT,30m,0.6,0.03,0.02,6,1.5,1451,9.68,139.4,14.3,-0.04,-5.585,30,180,1241
BTC/USDT,30m,0.6,0.03,0.02,8,1.5,1451,9.68,139.4,17.4,-0.046,-6.429,49,232,1170
BTC/USDT,30m,0.6,0.03,0.02,12,1.5,1451,9.68,139.4,21.7,-0.058,-8.092,88,317,1046
BTC/USDT,30m,0.6,0.03,0.02,16,1.5,1451,9.68,139.4,24.6,-0.1,-13.944,130,399,922
BTC/USDT,30m,0.6,0.03,0.02,20,1.5,1451,9.68,139.4,25.2,-0.123,-17.189,162,480,809
BTC/USDT,30m,0.6,0.03,0.02,24,1.5,1451,9.68,139.4,25.2,-0.144,-20.122,181,537,733
BTC/USDT,30m,0.6,0.03,0.02,36,1.5,1451,9.68,139.4,28.5,-0.182,-25.433,261,654,536
BTC/USDT,30m,0.6,0.03,0.02,48,1.5,1451,9.68,139.4,30.8,-0.191,-26.683,328,737,386
BTC/USDT,30m,0.6,0.03,0.025,4,1.2,1451,9.68,139.4,20.5,-0.044,-6.068,17,66,1368
BTC/USDT,30m,0.6,0.03,0.025,6,1.2,1451,9.68,139.4,22.1,-0.041,-5.734,31,109,1311
BTC/USDT,30m,0.6,0.03,0.025,8,1.2,1451,9.68,139.4,24.9,-0.051,-7.165,50,151,1250
BTC/USDT,30m,0.6,0.03,0.025,12,1.2,1451,9.68,139.4,28.5,-0.074,-10.303,89,223,1139
BTC/USDT,30m,0.6,0.03,0.025,16,1.2,1451,9.68,139.4,31.6,-0.124,-17.289,131,284,1036
BTC/USDT,30m,0.6,0.03,0.025,20,1.2,1451,9.68,139.4,31.1,-0.168,-23.412,164,363,924
BTC/USDT,30m,0.6,0.03,0.025,24,1.2,1451,9.68,139.4,30.5,-0.2,-27.825,185,422,844
BTC/USDT,30m,0.6,0.03,0.025,36,1.2,1451,9.68,139.4,32.7,-0.258,-36.027,265,546,640
BTC/USDT,30m,0.6,0.03,0.025,48,1.2,1451,9.68,139.4,34.9,-0.279,-38.937,338,630,483
BTC/USDT,30m,0.6,0.04,0.008,4,5.0,1451,9.68,139.4,1.1,-0.024,-3.282,6,517,928
BTC/USDT,30m,0.6,0.04,0.008,6,5.0,1451,9.68,139.4,1.1,-0.027,-3.7,7,631,813
BTC/USDT,30m,0.6,0.04,0.008,8,5.0,1451,9.68,139.4,1.5,-0.031,-4.326,11,718,722
BTC/USDT,30m,0.6,0.04,0.008,12,5.0,1451,9.68,139.4,2.8,-0.043,-6.016,24,832,595
BTC/USDT,30m,0.6,0.04,0.008,16,5.0,1451,9.68,139.4,3.4,-0.056,-7.855,32,914,505
BTC/USDT,30m,0.6,0.04,0.008,20,5.0,1451,9.68,139.4,4.7,-0.064,-8.911,47,962,442
BTC/USDT,30m,0.6,0.04,0.008,24,5.0,1451,9.68,139.4,5.6,-0.064,-8.878,59,1000,392
BTC/USDT,30m,0.6,0.04,0.008,36,5.0,1451,9.68,139.4,8.3,-0.058,-8.072,97,1076,278
BTC/USDT,30m,0.6,0.04,0.008,48,5.0,1451,9.68,139.4,11.0,-0.069,-9.62,138,1120,193
BTC/USDT,30m,0.6,0.04,0.01,4,4.0,1451,9.68,139.4,1.5,-0.032,-4.429,6,403,1042
BTC/USDT,30m,0.6,0.04,0.01,6,4.0,1451,9.68,139.4,1.4,-0.032,-4.423,7,505,939
BTC/USDT,30m,0.6,0.04,0.01,8,4.0,1451,9.68,139.4,1.8,-0.039,-5.368,11,587,853
BTC/USDT,30m,0.6,0.04,0.01,12,4.0,1451,9.68,139.4,3.3,-0.044,-6.09,24,695,732
BTC/USDT,30m,0.6,0.04,0.01,16,4.0,1451,9.68,139.4,3.8,-0.075,-10.508,32,809,610
BTC/USDT,30m,0.6,0.04,0.01,20,4.0,1451,9.68,139.4,5.4,-0.079,-11.037,49,860,542
BTC/USDT,30m,0.6,0.04,0.01,24,4.0,1451,9.68,139.4,6.8,-0.075,-10.491,65,895,491
BTC/USDT,30m,0.6,0.04,0.01,36,4.0,1451,9.68,139.4,9.6,-0.076,-10.532,105,990,356
BTC/USDT,30m,0.6,0.04,0.01,48,4.0,1451,9.68,139.4,13.0,-0.071,-9.934,154,1035,262
BTC/USDT,30m,0.6,0.04,0.015,4,2.7,1451,9.68,139.4,2.7,-0.046,-6.356,6,216,1229
BTC/USDT,30m,0.6,0.04,0.015,6,2.7,1451,9.68,139.4,2.4,-0.045,-6.237,7,290,1154
BTC/USDT,30m,0.6,0.04,0.015,8,2.7,1451,9.68,139.4,3.0,-0.038,-5.266,11,353,1087
BTC/USDT,30m,0.6,0.04,0.015,12,2.7,1451,9.68,139.4,5.0,-0.033,-4.636,24,454,973
BTC/USDT,30m,0.6,0.04,0.015,16,2.7,1451,9.68,139.4,5.4,-0.07,-9.796,32,562,857
BTC/USDT,30m,0.6,0.04,0.015,20,2.7,1451,9.68,139.4,7.5,-0.079,-11.073,51,627,773
BTC/USDT,30m,0.6,0.04,0.015,24,2.7,1451,9.68,139.4,9.2,-0.083,-11.594,69,678,704
BTC/USDT,30m,0.6,0.04,0.015,36,2.7,1451,9.68,139.4,13.3,-0.096,-13.341,121,791,539
BTC/USDT,30m,0.6,0.04,0.015,48,2.7,1451,9.68,139.4,17.7,-0.084,-11.659,185,862,404
BTC/USDT,30m,0.6,0.04,0.02,4,2.0,1451,9.68,139.4,4.8,-0.042,-5.8,6,118,1327
BTC/USDT,30m,0.6,0.04,0.02,6,2.0,1451,9.68,139.4,3.7,-0.043,-5.933,7,180,1264
BTC/USDT,30m,0.6,0.04,0.02,8,2.0,1451,9.68,139.4,4.5,-0.048,-6.666,11,232,1208
BTC/USDT,30m,0.6,0.04,0.02,12,2.0,1451,9.68,139.4,7.3,-0.056,-7.848,25,317,1109
BTC/USDT,30m,0.6,0.04,0.02,16,2.0,1451,9.68,139.4,7.9,-0.098,-13.72,34,399,1018
BTC/USDT,30m,0.6,0.04,0.02,20,2.0,1451,9.68,139.4,9.9,-0.117,-16.265,53,480,918
BTC/USDT,30m,0.6,0.04,0.02,24,2.0,1451,9.68,139.4,12.0,-0.135,-18.864,73,537,841
BTC/USDT,30m,0.6,0.04,0.02,36,2.0,1451,9.68,139.4,16.0,-0.164,-22.854,125,654,672
BTC/USDT,30m,0.6,0.04,0.02,48,2.0,1451,9.68,139.4,20.7,-0.168,-23.364,193,740,518
BTC/USDT,30m,0.6,0.04,0.025,4,1.6,1451,9.68,139.4,8.3,-0.042,-5.877,6,66,1379
BTC/USDT,30m,0.6,0.04,0.025,6,1.6,1451,9.68,139.4,6.0,-0.044,-6.073,7,109,1335
BTC/USDT,30m,0.6,0.04,0.025,8,1.6,1451,9.68,139.4,6.8,-0.055,-7.617,11,151,1289
BTC/USDT,30m,0.6,0.04,0.025,12,1.6,1451,9.68,139.4,10.1,-0.072,-10.049,25,223,1203
BTC/USDT,30m,0.6,0.04,0.025,16,1.6,1451,9.68,139.4,10.7,-0.123,-17.131,34,284,1133
BTC/USDT,30m,0.6,0.04,0.025,20,1.6,1451,9.68,139.4,12.9,-0.16,-22.346,54,363,1034
BTC/USDT,30m,0.6,0.04,0.025,24,1.6,1451,9.68,139.4,14.9,-0.19,-26.498,74,422,955
BTC/USDT,30m,0.6,0.04,0.025,36,1.6,1451,9.68,139.4,18.9,-0.239,-33.367,127,546,778
BTC/USDT,30m,0.6,0.04,0.025,48,1.6,1451,9.68,139.4,23.6,-0.258,-35.933,195,633,623
BTC/USDT,30m,0.6,0.05,0.008,4,6.2,1451,9.68,139.4,0.4,-0.023,-3.183,2,517,932
BTC/USDT,30m,0.6,0.05,0.008,6,6.2,1451,9.68,139.4,0.8,-0.025,-3.494,5,631,815
BTC/USDT,30m,0.6,0.05,0.008,8,6.2,1451,9.68,139.4,1.1,-0.028,-3.924,8,718,725
BTC/USDT,30m,0.6,0.05,0.008,12,6.2,1451,9.68,139.4,1.8,-0.037,-5.168,15,832,604
BTC/USDT,30m,0.6,0.05,0.008,16,6.2,1451,9.68,139.4,2.1,-0.045,-6.327,20,914,517
BTC/USDT,30m,0.6,0.05,0.008,20,6.2,1451,9.68,139.4,2.4,-0.052,-7.2,24,962,465
BTC/USDT,30m,0.6,0.05,0.008,24,6.2,1451,9.68,139.4,3.5,-0.046,-6.344,36,1000,415
BTC/USDT,30m,0.6,0.05,0.008,36,6.2,1451,9.68,139.4,4.9,-0.044,-6.201,55,1076,320
BTC/USDT,30m,0.6,0.05,0.008,48,6.2,1451,9.68,139.4,6.2,-0.075,-10.524,74,1127,250
BTC/USDT,30m,0.6,0.05,0.01,4,5.0,1451,9.68,139.4,0.5,-0.031,-4.33,2,403,1046
BTC/USDT,30m,0.6,0.05,0.01,6,5.0,1451,9.68,139.4,1.0,-0.03,-4.217,5,505,941
BTC/USDT,30m,0.6,0.05,0.01,8,5.0,1451,9.68,139.4,1.3,-0.036,-4.966,8,587,856
BTC/USDT,30m,0.6,0.05,0.01,12,5.0,1451,9.68,139.4,2.1,-0.038,-5.241,15,695,741
BTC/USDT,30m,0.6,0.05,0.01,16,5.0,1451,9.68,139.4,2.4,-0.064,-8.98,20,809,622
BTC/USDT,30m,0.6,0.05,0.01,20,5.0,1451,9.68,139.4,2.7,-0.066,-9.263,24,860,567
BTC/USDT,30m,0.6,0.05,0.01,24,5.0,1451,9.68,139.4,3.9,-0.059,-8.261,36,895,520
BTC/USDT,30m,0.6,0.05,0.01,36,5.0,1451,9.68,139.4,5.4,-0.066,-9.137,56,990,405
BTC/USDT,30m,0.6,0.05,0.01,48,5.0,1451,9.68,139.4,7.1,-0.088,-12.336,80,1043,328
BTC/USDT,30m,0.6,0.05,0.015,4,3.3,1451,9.68,139.4,0.9,-0.045,-6.257,2,216,1233
BTC/USDT,30m,0.6,0.05,0.015,6,3.3,1451,9.68,139.4,1.7,-0.043,-6.031,5,290,1156
BTC/USDT,30m,0.6,0.05,0.015,8,3.3,1451,9.68,139.4,2.2,-0.035,-4.864,8,353,1090
BTC/USDT,30m,0.6,0.05,0.015,12,3.3,1451,9.68,139.4,3.2,-0.027,-3.788,15,454,982
BTC/USDT,30m,0.6,0.05,0.015,16,3.3,1451,9.68,139.4,3.4,-0.059,-8.268,20,562,869
BTC/USDT,30m,0.6,0.05,0.015,20,3.3,1451,9.68,139.4,3.7,-0.067,-9.339,24,627,800
BTC/USDT,30m,0.6,0.05,0.015,24,3.3,1451,9.68,139.4,5.3,-0.066,-9.222,38,678,735
BTC/USDT,30m,0.6,0.05,0.015,36,3.3,1451,9.68,139.4,7.2,-0.084,-11.706,61,791,599
BTC/USDT,30m,0.6,0.05,0.015,48,3.3,1451,9.68,139.4,9.6,-0.102,-14.179,92,870,489
BTC/USDT,30m,0.6,0.05,0.02,4,2.5,1451,9.68,139.4,1.7,-0.041,-5.701,2,118,1331
BTC/USDT,30m,0.6,0.05,0.02,6,2.5,1451,9.68,139.4,2.7,-0.041,-5.727,5,180,1266
BTC/USDT,30m,0.6,0.05,0.02,8,2.5,1451,9.68,139.4,3.3,-0.045,-6.264,8,232,1211
BTC/USDT,30m,0.6,0.05,0.02,12,2.5,1451,9.68,139.4,4.5,-0.052,-7.241,15,317,1119
BTC/USDT,30m,0.6,0.05,0.02,16,2.5,1451,9.68,139.4,4.8,-0.089,-12.414,20,399,1032
BTC/USDT,30m,0.6,0.05,0.02,20,2.5,1451,9.68,139.4,4.8,-0.107,-14.892,24,480,947
BTC/USDT,30m,0.6,0.05,0.02,24,2.5,1451,9.68,139.4,6.8,-0.119,-16.555,39,537,875
BTC/USDT,30m,0.6,0.05,0.02,36,2.5,1451,9.68,139.4,8.7,-0.154,-21.505,62,654,735
BTC/USDT,30m,0.6,0.05,0.02,48,2.5,1451,9.68,139.4,11.2,-0.19,-26.47,94,747,610
BTC/USDT,30m,0.6,0.05,0.025,4,2.0,1451,9.68,139.4,2.9,-0.041,-5.778,2,66,1383
BTC/USDT,30m,0.6,0.05,0.025,6,2.0,1451,9.68,139.4,4.4,-0.042,-5.868,5,109,1337
BTC/USDT,30m,0.6,0.05,0.025,8,2.0,1451,9.68,139.4,5.0,-0.052,-7.215,8,151,1292
BTC/USDT,30m,0.6,0.05,0.025,12,2.0,1451,9.68,139.4,6.3,-0.068,-9.441,15,223,1213
BTC/USDT,30m,0.6,0.05,0.025,16,2.0,1451,9.68,139.4,6.6,-0.114,-15.825,20,284,1147
BTC/USDT,30m,0.6,0.05,0.025,20,2.0,1451,9.68,139.4,6.4,-0.15,-20.876,25,363,1063
BTC/USDT,30m,0.6,0.05,0.025,24,2.0,1451,9.68,139.4,8.7,-0.173,-24.092,40,422,989
BTC/USDT,30m,0.6,0.05,0.025,36,2.0,1451,9.68,139.4,10.3,-0.23,-32.077,63,546,842
BTC/USDT,30m,0.6,0.05,0.025,48,2.0,1451,9.68,139.4,12.9,-0.283,-39.455,95,640,716
BTC/USDT,30m,0.6,0.075,0.008,4,9.4,1451,9.68,139.4,0.2,-0.021,-2.95,1,517,933
BTC/USDT,30m,0.6,0.075,0.008,6,9.4,1451,9.68,139.4,0.2,-0.025,-3.549,1,631,819
BTC/USDT,30m,0.6,0.075,0.008,8,9.4,1451,9.68,139.4,0.1,-0.031,-4.316,1,718,732
BTC/USDT,30m,0.6,0.075,0.008,12,9.4,1451,9.68,139.4,0.2,-0.035,-4.938,2,832,617
BTC/USDT,30m,0.6,0.075,0.008,16,9.4,1451,9.68,139.4,1.0,-0.033,-4.627,9,914,528
BTC/USDT,30m,0.6,0.075,0.008,20,9.4,1451,9.68,139.4,1.3,-0.033,-4.559,13,962,476
BTC/USDT,30m,0.6,0.075,0.008,24,9.4,1451,9.68,139.4,1.7,-0.02,-2.719,17,1000,434
BTC/USDT,30m,0.6,0.075,0.008,36,9.4,1451,9.68,139.4,2.0,-0.014,-1.948,22,1076,353
BTC/USDT,30m,0.6,0.075,0.008,48,9.4,1451,9.68,139.4,2.9,-0.034,-4.732,34,1128,289
BTC/USDT,30m,0.6,0.075,0.01,4,7.5,1451,9.68,139.4,0.2,-0.029,-4.097,1,403,1047
BTC/USDT,30m,0.6,0.075,0.01,6,7.5,1451,9.68,139.4,0.2,-0.031,-4.272,1,505,945
BTC/USDT,30m,0.6,0.075,0.01,8,7.5,1451,9.68,139.4,0.2,-0.038,-5.358,1,587,863
BTC/USDT,30m,0.6,0.075,0.01,12,7.5,1451,9.68,139.4,0.3,-0.036,-5.012,2,695,754
BTC/USDT,30m,0.6,0.075,0.01,16,7.5,1451,9.68,139.4,1.1,-0.052,-7.28,9,809,633
BTC/USDT,30m,0.6,0.075,0.01,20,7.5,1451,9.68,139.4,1.5,-0.047,-6.621,13,860,578
BTC/USDT,30m,0.6,0.075,0.01,24,7.5,1451,9.68,139.4,1.9,-0.033,-4.637,17,895,539
BTC/USDT,30m,0.6,0.075,0.01,36,7.5,1451,9.68,139.4,2.2,-0.035,-4.899,22,990,439
BTC/USDT,30m,0.6,0.075,0.01,48,7.5,1451,9.68,139.4,3.2,-0.05,-7.034,34,1044,373
BTC/USDT,30m,0.6,0.075,0.015,4,5.0,1451,9.68,139.4,0.5,-0.043,-6.024,1,216,1234
BTC/USDT,30m,0.6,0.075,0.015,6,5.0,1451,9.68,139.4,0.3,-0.044,-6.086,1,290,1160
BTC/USDT,30m,0.6,0.075,0.015,8,5.0,1451,9.68,139.4,0.3,-0.038,-5.255,1,353,1097
BTC/USDT,30m,0.6,0.075,0.015,12,5.0,1451,9.68,139.4,0.4,-0.026,-3.559,2,454,995
BTC/USDT,30m,0.6,0.075,0.015,16,5.0,1451,9.68,139.4,1.6,-0.047,-6.568,9,562,880
BTC/USDT,30m,0.6,0.075,0.015,20,5.0,1451,9.68,139.4,2.0,-0.048,-6.697,13,627,811
BTC/USDT,30m,0.6,0.075,0.015,24,5.0,1451,9.68,139.4,2.6,-0.038,-5.322,18,678,755
BTC/USDT,30m,0.6,0.075,0.015,36,5.0,1451,9.68,139.4,3.1,-0.05,-6.901,25,791,635
BTC/USDT,30m,0.6,0.075,0.015,48,5.0,1451,9.68,139.4,4.1,-0.06,-8.387,37,870,544
BTC/USDT,30m,0.6,0.075,0.02,4,3.8,1451,9.68,139.4,0.8,-0.039,-5.468,1,118,1332
BTC/USDT,30m,0.6,0.075,0.02,6,3.8,1451,9.68,139.4,0.6,-0.041,-5.782,1,180,1270
BTC/USDT,30m,0.6,0.075,0.02,8,3.8,1451,9.68,139.4,0.4,-0.048,-6.656,1,232,1218
BTC/USDT,30m,0.6,0.075,0.02,12,3.8,1451,9.68,139.4,0.6,-0.05,-7.012,2,317,1132
BTC/USDT,30m,0.6,0.075,0.02,16,3.8,1451,9.68,139.4,2.2,-0.077,-10.714,9,399,1043
BTC/USDT,30m,0.6,0.075,0.02,20,3.8,1451,9.68,139.4,2.6,-0.088,-12.251,13,480,958
BTC/USDT,30m,0.6,0.075,0.02,24,3.8,1451,9.68,139.4,3.2,-0.091,-12.662,18,537,896
BTC/USDT,30m,0.6,0.075,0.02,36,3.8,1451,9.68,139.4,3.8,-0.118,-16.46,26,654,771
BTC/USDT,30m,0.6,0.075,0.02,48,3.8,1451,9.68,139.4,4.8,-0.147,-20.504,38,747,666
BTC/USDT,30m,0.6,0.075,0.025,4,3.0,1451,9.68,139.4,1.5,-0.04,-5.545,1,66,1384
BTC/USDT,30m,0.6,0.075,0.025,6,3.0,1451,9.68,139.4,0.9,-0.042,-5.922,1,109,1341
BTC/USDT,30m,0.6,0.075,0.025,8,3.0,1451,9.68,139.4,0.7,-0.055,-7.606,1,151,1299
BTC/USDT,30m,0.6,0.075,0.025,12,3.0,1451,9.68,139.4,0.9,-0.066,-9.212,2,223,1226
BTC/USDT,30m,0.6,0.075,0.025,16,3.0,1451,9.68,139.4,3.1,-0.101,-14.125,9,284,1158
BTC/USDT,30m,0.6,0.075,0.025,20,3.0,1451,9.68,139.4,3.5,-0.13,-18.179,13,363,1075
BTC/USDT,30m,0.6,0.075,0.025,24,3.0,1451,9.68,139.4,4.3,-0.143,-19.959,19,422,1010
BTC/USDT,30m,0.6,0.075,0.025,36,3.0,1451,9.68,139.4,4.7,-0.192,-26.792,27,546,878
BTC/USDT,30m,0.6,0.075,0.025,48,3.0,1451,9.68,139.4,5.7,-0.238,-33.249,39,640,772
BTC/USDT,30m,0.6,0.1,0.008,4,12.5,1451,9.68,139.4,0.0,-0.023,-3.164,0,517,934
BTC/USDT,30m,0.6,0.1,0.008,6,12.5,1451,9.68,139.4,0.0,-0.027,-3.749,0,631,820
BTC/USDT,30m,0.6,0.1,0.008,8,12.5,1451,9.68,139.4,0.0,-0.032,-4.483,0,718,733
BTC/USDT,30m,0.6,0.1,0.008,12,12.5,1451,9.68,139.4,0.0,-0.037,-5.222,0,832,619
BTC/USDT,30m,0.6,0.1,0.008,16,12.5,1451,9.68,139.4,0.0,-0.038,-5.344,0,914,537
BTC/USDT,30m,0.6,0.1,0.008,20,12.5,1451,9.68,139.4,0.3,-0.029,-4.095,3,962,486
BTC/USDT,30m,0.6,0.1,0.008,24,12.5,1451,9.68,139.4,0.5,-0.016,-2.183,5,1000,446
BTC/USDT,30m,0.6,0.1,0.008,36,12.5,1451,9.68,139.4,1.0,-0.0,-0.016,11,1076,364
BTC/USDT,30m,0.6,0.1,0.008,48,12.5,1451,9.68,139.4,1.0,-0.04,-5.64,11,1128,312
BTC/USDT,30m,0.6,0.1,0.01,4,10.0,1451,9.68,139.4,0.0,-0.031,-4.31,0,403,1048
BTC/USDT,30m,0.6,0.1,0.01,6,10.0,1451,9.68,139.4,0.0,-0.032,-4.472,0,505,946
BTC/USDT,30m,0.6,0.1,0.01,8,10.0,1451,9.68,139.4,0.0,-0.04,-5.525,0,587,864
BTC/USDT,30m,0.6,0.1,0.01,12,10.0,1451,9.68,139.4,0.0,-0.038,-5.296,0,695,756
BTC/USDT,30m,0.6,0.1,0.01,16,10.0,1451,9.68,139.4,0.0,-0.057,-7.997,0,809,642
BTC/USDT,30m,0.6,0.1,0.01,20,10.0,1451,9.68,139.4,0.3,-0.044,-6.158,3,860,588
BTC/USDT,30m,0.6,0.1,0.01,24,10.0,1451,9.68,139.4,0.6,-0.029,-4.1,5,895,551
BTC/USDT,30m,0.6,0.1,0.01,36,10.0,1451,9.68,139.4,1.1,-0.021,-2.967,11,990,450
BTC/USDT,30m,0.6,0.1,0.01,48,10.0,1451,9.68,139.4,1.0,-0.057,-7.942,11,1044,396
BTC/USDT,30m,0.6,0.1,0.015,4,6.7,1451,9.68,139.4,0.0,-0.045,-6.238,0,216,1235
BTC/USDT,30m,0.6,0.1,0.015,6,6.7,1451,9.68,139.4,0.0,-0.045,-6.286,0,290,1161
BTC/USDT,30m,0.6,0.1,0.015,8,6.7,1451,9.68,139.4,0.0,-0.039,-5.422,0,353,1098
BTC/USDT,30m,0.6,0.1,0.015,12,6.7,1451,9.68,139.4,0.0,-0.028,-3.842,0,454,997
BTC/USDT,30m,0.6,0.1,0.015,16,6.7,1451,9.68,139.4,0.0,-0.052,-7.285,0,562,889
BTC/USDT,30m,0.6,0.1,0.015,20,6.7,1451,9.68,139.4,0.5,-0.045,-6.234,3,627,821
BTC/USDT,30m,0.6,0.1,0.015,24,6.7,1451,9.68,139.4,0.7,-0.034,-4.705,5,678,768
BTC/USDT,30m,0.6,0.1,0.015,36,6.7,1451,9.68,139.4,1.6,-0.032,-4.459,13,791,647
BTC/USDT,30m,0.6,0.1,0.015,48,6.7,1451,9.68,139.4,1.5,-0.063,-8.83,13,870,568
BTC/USDT,30m,0.6,0.1,0.02,4,5.0,1451,9.68,139.4,0.0,-0.041,-5.681,0,118,1333
BTC/USDT,30m,0.6,0.1,0.02,6,5.0,1451,9.68,139.4,0.0,-0.043,-5.982,0,180,1271
BTC/USDT,30m,0.6,0.1,0.02,8,5.0,1451,9.68,139.4,0.0,-0.049,-6.822,0,232,1219
BTC/USDT,30m,0.6,0.1,0.02,12,5.0,1451,9.68,139.4,0.0,-0.052,-7.295,0,317,1134
BTC/USDT,30m,0.6,0.1,0.02,16,5.0,1451,9.68,139.4,0.0,-0.082,-11.431,0,399,1052
BTC/USDT,30m,0.6,0.1,0.02,20,5.0,1451,9.68,139.4,0.6,-0.085,-11.787,3,480,968
BTC/USDT,30m,0.6,0.1,0.02,24,5.0,1451,9.68,139.4,0.9,-0.086,-12.045,5,537,909
BTC/USDT,30m,0.6,0.1,0.02,36,5.0,1451,9.68,139.4,2.1,-0.099,-13.778,14,654,783
BTC/USDT,30m,0.6,0.1,0.02,48,5.0,1451,9.68,139.4,1.8,-0.149,-20.707,14,747,690
BTC/USDT,30m,0.6,0.1,0.025,4,4.0,1451,9.68,139.4,0.0,-0.041,-5.759,0,66,1385
BTC/USDT,30m,0.6,0.1,0.025,6,4.0,1451,9.68,139.4,0.0,-0.044,-6.122,0,109,1342
BTC/USDT,30m,0.6,0.1,0.025,8,4.0,1451,9.68,139.4,0.0,-0.056,-7.773,0,151,1300
BTC/USDT,30m,0.6,0.1,0.025,12,4.0,1451,9.68,139.4,0.0,-0.068,-9.496,0,223,1228
BTC/USDT,30m,0.6,0.1,0.025,16,4.0,1451,9.68,139.4,0.0,-0.106,-14.842,0,284,1167
BTC/USDT,30m,0.6,0.1,0.025,20,4.0,1451,9.68,139.4,0.8,-0.127,-17.715,3,363,1085
BTC/USDT,30m,0.6,0.1,0.025,24,4.0,1451,9.68,139.4,1.2,-0.14,-19.52,5,422,1024
BTC/USDT,30m,0.6,0.1,0.025,36,4.0,1451,9.68,139.4,2.5,-0.174,-24.207,14,546,891
BTC/USDT,30m,0.6,0.1,0.025,48,4.0,1451,9.68,139.4,2.1,-0.241,-33.535,14,640,797
BTC/USDT,30m,0.65,0.01,0.008,4,1.2,503,3.36,48.3,37.7,-0.05,-2.416,126,208,169
BTC/USDT,30m,0.65,0.01,0.008,6,1.2,503,3.36,48.3,38.5,-0.063,-3.063,146,233,124
BTC/USDT,30m,0.65,0.01,0.008,8,1.2,503,3.36,48.3,38.1,-0.08,-3.865,156,253,94
BTC/USDT,30m,0.65,0.01,0.008,12,1.2,503,3.36,48.3,37.9,-0.094,-4.537,170,279,54
BTC/USDT,30m,0.65,0.01,0.008,16,1.2,503,3.36,48.3,38.0,-0.105,-5.067,178,290,35
BTC/USDT,30m,0.65,0.01,0.008,20,1.2,503,3.36,48.3,37.6,-0.117,-5.661,180,299,24
BTC/USDT,30m,0.65,0.01,0.008,24,1.2,503,3.36,48.3,37.0,-0.128,-6.21,180,307,16
BTC/USDT,30m,0.65,0.01,0.008,36,1.2,503,3.36,48.3,36.6,-0.134,-6.453,181,313,9
BTC/USDT,30m,0.65,0.01,0.008,48,1.2,503,3.36,48.3,36.6,-0.134,-6.495,181,313,9
BTC/USDT,30m,0.65,0.015,0.008,4,1.9,503,3.36,48.3,25.1,-0.035,-1.692,72,215,216
BTC/USDT,30m,0.65,0.015,0.008,6,1.9,503,3.36,48.3,26.8,-0.036,-1.733,89,243,171
BTC/USDT,30m,0.65,0.015,0.008,8,1.9,503,3.36,48.3,28.1,-0.047,-2.254,103,264,136
BTC/USDT,30m,0.65,0.015,0.008,12,1.9,503,3.36,48.3,30.0,-0.046,-2.227,126,294,83
BTC/USDT,30m,0.65,0.015,0.008,16,1.9,503,3.36,48.3,29.7,-0.062,-2.985,130,307,66
BTC/USDT,30m,0.65,0.015,0.008,20,1.9,503,3.36,48.3,29.7,-0.08,-3.875,135,319,49
BTC/USDT,30m,0.65,0.015,0.008,24,1.9,503,3.36,48.3,29.9,-0.092,-4.429,141,331,31
BTC/USDT,30m,0.65,0.015,0.008,36,1.9,503,3.36,48.3,29.2,-0.115,-5.572,142,345,16
BTC/USDT,30m,0.65,0.015,0.008,48,1.9,503,3.36,48.3,29.1,-0.12,-5.796,143,348,12
BTC/USDT,30m,0.65,0.015,0.01,4,1.5,503,3.36,48.3,31.3,-0.022,-1.067,78,171,254
BTC/USDT,30m,0.65,0.015,0.01,6,1.5,503,3.36,48.3,33.4,-0.015,-0.706,99,197,207
BTC/USDT,30m,0.65,0.015,0.01,8,1.5,503,3.36,48.3,34.7,-0.022,-1.083,114,215,174
BTC/USDT,30m,0.65,0.015,0.01,12,1.5,503,3.36,48.3,36.7,-0.022,-1.061,141,243,119
BTC/USDT,30m,0.65,0.015,0.01,16,1.5,503,3.36,48.3,35.8,-0.052,-2.493,147,264,92
BTC/USDT,30m,0.65,0.015,0.01,20,1.5,503,3.36,48.3,35.3,-0.069,-3.351,153,280,70
BTC/USDT,30m,0.65,0.015,0.01,24,1.5,503,3.36,48.3,35.4,-0.086,-4.178,161,294,48
BTC/USDT,30m,0.65,0.015,0.01,36,1.5,503,3.36,48.3,34.2,-0.129,-6.221,165,317,21
BTC/USDT,30m,0.65,0.015,0.01,48,1.5,503,3.36,48.3,34.3,-0.133,-6.419,168,322,13
BTC/USDT,30m,0.65,0.02,0.008,4,2.5,503,3.36,48.3,14.7,-0.042,-2.043,38,220,245
BTC/USDT,30m,0.65,0.02,0.008,6,2.5,503,3.36,48.3,16.7,-0.046,-2.211,50,250,203
BTC/USDT,30m,0.65,0.02,0.008,8,2.5,503,3.36,48.3,18.2,-0.066,-3.186,61,275,167
BTC/USDT,30m,0.65,0.02,0.008,12,2.5,503,3.36,48.3,20.5,-0.055,-2.639,79,306,118
BTC/USDT,30m,0.65,0.02,0.008,16,2.5,503,3.36,48.3,22.2,-0.066,-3.188,92,323,88
BTC/USDT,30m,0.65,0.02,0.008,20,2.5,503,3.36,48.3,21.9,-0.091,-4.4,94,336,73
BTC/USDT,30m,0.65,0.02,0.008,24,2.5,503,3.36,48.3,22.6,-0.102,-4.931,102,349,52
BTC/USDT,30m,0.65,0.02,0.008,36,2.5,503,3.36,48.3,22.7,-0.13,-6.277,108,368,27
BTC/USDT,30m,0.65,0.02,0.008,48,2.5,503,3.36,48.3,22.6,-0.149,-7.213,109,374,20
BTC/USDT,30m,0.65,0.02,0.01,4,2.0,503,3.36,48.3,18.9,-0.029,-1.418,41,176,286
BTC/USDT,30m,0.65,0.02,0.01,6,2.0,503,3.36,48.3,21.5,-0.025,-1.205,56,204,243
BTC/USDT,30m,0.65,0.02,0.01,8,2.0,503,3.36,48.3,22.9,-0.048,-2.302,67,226,210
BTC/USDT,30m,0.65,0.02,0.01,12,2.0,503,3.36,48.3,25.2,-0.032,-1.546,86,255,162
BTC/USDT,30m,0.65,0.02,0.01,16,2.0,503,3.36,48.3,26.5,-0.055,-2.682,101,280,122
BTC/USDT,30m,0.65,0.02,0.01,20,2.0,503,3.36,48.3,26.7,-0.078,-3.793,108,297,98
BTC/USDT,30m,0.65,0.02,0.01,24,2.0,503,3.36,48.3,27.5,-0.091,-4.375,118,311,74
BTC/USDT,30m,0.65,0.02,0.01,36,2.0,503,3.36,48.3,27.4,-0.136,-6.556,128,339,36
BTC/USDT,30m,0.65,0.02,0.01,48,2.0,503,3.36,48.3,27.5,-0.15,-7.249,131,345,27
BTC/USDT,30m,0.65,0.02,0.015,4,1.3,503,3.36,48.3,26.6,-0.069,-3.313,41,113,349
BTC/USDT,30m,0.65,0.02,0.015,6,1.3,503,3.36,48.3,29.1,-0.069,-3.321,58,141,304
BTC/USDT,30m,0.65,0.02,0.015,8,1.3,503,3.36,48.3,30.8,-0.085,-4.123,72,162,269
BTC/USDT,30m,0.65,0.02,0.015,12,1.3,503,3.36,48.3,33.7,-0.067,-3.249,93,183,227
BTC/USDT,30m,0.65,0.02,0.015,16,1.3,503,3.36,48.3,34.2,-0.114,-5.505,109,210,184
BTC/USDT,30m,0.65,0.02,0.015,20,1.3,503,3.36,48.3,33.5,-0.156,-7.558,116,230,157
BTC/USDT,30m,0.65,0.02,0.015,24,1.3,503,3.36,48.3,34.0,-0.18,-8.71,127,246,130
BTC/USDT,30m,0.65,0.02,0.015,36,1.3,503,3.36,48.3,33.2,-0.269,-13.025,143,288,72
BTC/USDT,30m,0.65,0.02,0.015,48,1.3,503,3.36,48.3,33.5,-0.265,-12.817,152,302,49
BTC/USDT,30m,0.65,0.025,0.008,4,3.1,503,3.36,48.3,8.2,-0.055,-2.634,20,223,260
BTC/USDT,30m,0.65,0.025,0.008,6,3.1,503,3.36,48.3,9.0,-0.058,-2.799,25,253,225
BTC/USDT,30m,0.65,0.025,0.008,8,3.1,503,3.36,48.3,10.9,-0.082,-3.941,34,278,191
BTC/USDT,30m,0.65,0.025,0.008,12,3.1,503,3.36,48.3,11.8,-0.087,-4.191,42,313,148
BTC/USDT,30m,0.65,0.025,0.008,16,3.1,503,3.36,48.3,14.5,-0.106,-5.135,57,337,109
BTC/USDT,30m,0.65,0.025,0.008,20,3.1,503,3.36,48.3,15.4,-0.13,-6.276,64,351,88
BTC/USDT,30m,0.65,0.025,0.008,24,3.1,503,3.36,48.3,15.9,-0.133,-6.412,69,364,70
BTC/USDT,30m,0.65,0.025,0.008,36,3.1,503,3.36,48.3,17.4,-0.151,-7.312,81,384,38
BTC/USDT,30m,0.65,0.025,0.008,48,3.1,503,3.36,48.3,17.4,-0.176,-8.505,82,390,31
BTC/USDT,30m,0.65,0.025,0.01,4,2.5,503,3.36,48.3,10.9,-0.043,-2.057,22,179,302
BTC/USDT,30m,0.65,0.025,0.01,6,2.5,503,3.36,48.3,11.9,-0.038,-1.852,28,207,268
BTC/USDT,30m,0.65,0.025,0.01,8,2.5,503,3.36,48.3,14.2,-0.062,-3.019,38,229,236
BTC/USDT,30m,0.65,0.025,0.01,12,2.5,503,3.36,48.3,15.0,-0.059,-2.836,46,260,197
BTC/USDT,30m,0.65,0.025,0.01,16,2.5,503,3.36,48.3,17.5,-0.098,-4.742,62,292,149
BTC/USDT,30m,0.65,0.025,0.01,20,2.5,503,3.36,48.3,18.9,-0.123,-5.936,73,313,117
BTC/USDT,30m,0.65,0.025,0.01,24,2.5,503,3.36,48.3,19.5,-0.125,-6.039,79,327,97
BTC/USDT,30m,0.65,0.025,0.01,36,2.5,503,3.36,48.3,20.5,-0.166,-8.046,92,356,55
BTC/USDT,30m,0.65,0.025,0.01,48,2.5,503,3.36,48.3,21.1,-0.182,-8.792,97,362,44
BTC/USDT,30m,0.65,0.025,0.015,4,1.7,503,3.36,48.3,16.1,-0.083,-4.02,22,115,366
BTC/USDT,30m,0.65,0.025,0.015,6,1.7,503,3.36,48.3,16.9,-0.085,-4.085,29,143,331
BTC/USDT,30m,0.65,0.025,0.015,8,1.7,503,3.36,48.3,19.6,-0.103,-4.981,40,164,299
BTC/USDT,30m,0.65,0.025,0.015,12,1.7,503,3.36,48.3,21.2,-0.097,-4.689,50,186,267
BTC/USDT,30m,0.65,0.025,0.015,16,1.7,503,3.36,48.3,23.8,-0.153,-7.371,67,215,221
BTC/USDT,30m,0.65,0.025,0.015,20,1.7,503,3.36,48.3,24.6,-0.197,-9.535,78,239,186
BTC/USDT,30m,0.65,0.025,0.015,24,1.7,503,3.36,48.3,24.7,-0.208,-10.059,84,256,163
BTC/USDT,30m,0.65,0.025,0.015,36,1.7,503,3.36,48.3,24.9,-0.295,-14.237,99,299,105
BTC/USDT,30m,0.65,0.025,0.015,48,1.7,503,3.36,48.3,26.6,-0.272,-13.152,114,314,75
BTC/USDT,30m,0.65,0.025,0.02,4,1.2,503,3.36,48.3,24.7,-0.059,-2.848,22,67,414
BTC/USDT,30m,0.65,0.025,0.02,6,1.2,503,3.36,48.3,25.4,-0.06,-2.922,32,94,377
BTC/USDT,30m,0.65,0.025,0.02,8,1.2,503,3.36,48.3,27.0,-0.098,-4.738,44,119,340
BTC/USDT,30m,0.65,0.025,0.02,12,1.2,503,3.36,48.3,26.6,-0.126,-6.103,54,149,300
BTC/USDT,30m,0.65,0.025,0.02,16,1.2,503,3.36,48.3,29.3,-0.194,-9.355,71,171,261
BTC/USDT,30m,0.65,0.025,0.02,20,1.2,503,3.36,48.3,29.6,-0.266,-12.861,83,197,223
BTC/USDT,30m,0.65,0.025,0.02,24,1.2,503,3.36,48.3,29.2,-0.293,-14.166,89,216,198
BTC/USDT,30m,0.65,0.025,0.02,36,1.2,503,3.36,48.3,30.3,-0.39,-18.868,111,255,137
BTC/USDT,30m,0.65,0.025,0.02,48,1.2,503,3.36,48.3,32.0,-0.353,-17.059,127,270,106
BTC/USDT,30m,0.65,0.03,0.008,4,3.8,503,3.36,48.3,4.7,-0.065,-3.121,11,223,269
BTC/USDT,30m,0.65,0.03,0.008,6,3.8,503,3.36,48.3,5.2,-0.071,-3.434,14,253,236
BTC/USDT,30m,0.65,0.03,0.008,8,3.8,503,3.36,48.3,6.1,-0.097,-4.681,18,279,206
BTC/USDT,30m,0.65,0.03,0.008,12,3.8,503,3.36,48.3,8.2,-0.083,-3.989,28,314,161
BTC/USDT,30m,0.65,0.03,0.008,16,3.8,503,3.36,48.3,10.8,-0.085,-4.107,41,338,124
BTC/USDT,30m,0.65,0.03,0.008,20,3.8,503,3.36,48.3,12.0,-0.104,-5.021,48,352,103
BTC/USDT,30m,0.65,0.03,0.008,24,3.8,503,3.36,48.3,12.0,-0.117,-5.639,50,365,88
BTC/USDT,30m,0.65,0.03,0.008,36,3.8,503,3.36,48.3,12.9,-0.146,-7.032,57,385,61
BTC/USDT,30m,0.65,0.03,0.008,48,3.8,503,3.36,48.3,13.2,-0.178,-8.617,60,394,49
BTC/USDT,30m,0.65,0.03,0.01,4,3.0,503,3.36,48.3,5.8,-0.059,-2.87,11,179,313
BTC/USDT,30m,0.65,0.03,0.01,6,3.0,503,3.36,48.3,6.3,-0.063,-3.037,14,208,281
BTC/USDT,30m,0.65,0.03,0.01,8,3.0,503,3.36,48.3,7.2,-0.09,-4.348,18,231,254
BTC/USDT,30m,0.65,0.03,0.01,12,3.0,503,3.36,48.3,10.0,-0.064,-3.082,29,262,212
BTC/USDT,30m,0.65,0.03,0.01,16,3.0,503,3.36,48.3,12.5,-0.088,-4.231,42,294,167
BTC/USDT,30m,0.65,0.03,0.01,20,3.0,503,3.36,48.3,14.2,-0.106,-5.121,52,315,136
BTC/USDT,30m,0.65,0.03,0.01,24,3.0,503,3.36,48.3,14.5,-0.112,-5.413,56,329,118
BTC/USDT,30m,0.65,0.03,0.01,36,3.0,503,3.36,48.3,15.2,-0.166,-8.018,64,358,81
BTC/USDT,30m,0.65,0.03,0.01,48,3.0,503,3.36,48.3,16.4,-0.188,-9.101,72,368,63
BTC/USDT,30m,0.65,0.03,0.015,4,2.0,503,3.36,48.3,8.7,-0.1,-4.833,11,115,377
BTC/USDT,30m,0.65,0.03,0.015,6,2.0,503,3.36,48.3,9.4,-0.109,-5.271,15,144,344
BTC/USDT,30m,0.65,0.03,0.015,8,2.0,503,3.36,48.3,10.8,-0.124,-5.976,20,165,318
BTC/USDT,30m,0.65,0.03,0.015,12,2.0,503,3.36,48.3,14.2,-0.098,-4.746,31,187,285
BTC/USDT,30m,0.65,0.03,0.015,16,2.0,503,3.36,48.3,17.6,-0.135,-6.536,46,216,241
BTC/USDT,30m,0.65,0.03,0.015,20,2.0,503,3.36,48.3,18.9,-0.175,-8.458,56,240,207
BTC/USDT,30m,0.65,0.03,0.015,24,2.0,503,3.36,48.3,18.9,-0.188,-9.068,60,257,186
BTC/USDT,30m,0.65,0.03,0.015,36,2.0,503,3.36,48.3,18.7,-0.287,-13.882,69,300,134
BTC/USDT,30m,0.65,0.03,0.015,48,2.0,503,3.36,48.3,21.3,-0.263,-12.73,86,318,99
BTC/USDT,30m,0.65,0.03,0.02,4,1.5,503,3.36,48.3,14.1,-0.076,-3.661,11,67,425
BTC/USDT,30m,0.65,0.03,0.02,6,1.5,503,3.36,48.3,14.4,-0.087,-4.218,16,95,392
BTC/USDT,30m,0.65,0.03,0.02,8,1.5,503,3.36,48.3,14.9,-0.125,-6.041,21,120,362
BTC/USDT,30m,0.65,0.03,0.02,12,1.5,503,3.36,48.3,18.5,-0.131,-6.318,34,150,319
BTC/USDT,30m,0.65,0.03,0.02,16,1.5,503,3.36,48.3,22.2,-0.176,-8.52,49,172,282
BTC/USDT,30m,0.65,0.03,0.02,20,1.5,503,3.36,48.3,23.0,-0.242,-11.693,59,198,246
BTC/USDT,30m,0.65,0.03,0.02,24,1.5,503,3.36,48.3,23.0,-0.269,-12.982,65,217,221
BTC/USDT,30m,0.65,0.03,0.02,36,1.5,503,3.36,48.3,23.4,-0.376,-18.181,78,256,169
BTC/USDT,30m,0.65,0.03,0.02,48,1.5,503,3.36,48.3,26.6,-0.331,-16.0,99,273,131
BTC/USDT,30m,0.65,0.03,0.025,4,1.2,503,3.36,48.3,24.4,-0.062,-3.007,11,34,458
BTC/USDT,30m,0.65,0.03,0.025,6,1.2,503,3.36,48.3,21.8,-0.072,-3.503,17,61,425
BTC/USDT,30m,0.65,0.03,0.025,8,1.2,503,3.36,48.3,21.4,-0.11,-5.335,22,81,400
BTC/USDT,30m,0.65,0.03,0.025,12,1.2,503,3.36,48.3,24.1,-0.134,-6.463,35,110,358
BTC/USDT,30m,0.65,0.03,0.025,16,1.2,503,3.36,48.3,27.9,-0.188,-9.083,50,129,324
BTC/USDT,30m,0.65,0.03,0.025,20,1.2,503,3.36,48.3,27.4,-0.294,-14.222,61,162,280
BTC/USDT,30m,0.65,0.03,0.025,24,1.2,503,3.36,48.3,27.7,-0.331,-16.017,69,180,254
BTC/USDT,30m,0.65,0.03,0.025,36,1.2,503,3.36,48.3,27.0,-0.448,-21.65,82,222,199
BTC/USDT,30m,0.65,0.03,0.025,48,1.2,503,3.36,48.3,31.7,-0.368,-17.782,108,233,162
BTC/USDT,30m,0.65,0.04,0.008,4,5.0,503,3.36,48.3,2.2,-0.062,-3.011,5,223,275
BTC/USDT,30m,0.65,0.04,0.008,6,5.0,503,3.36,48.3,2.3,-0.073,-3.524,6,253,244
BTC/USDT,30m,0.65,0.04,0.008,8,5.0,503,3.36,48.3,3.1,-0.089,-4.284,9,279,215
BTC/USDT,30m,0.65,0.04,0.008,12,5.0,503,3.36,48.3,5.7,-0.05,-2.411,19,314,170
BTC/USDT,30m,0.65,0.04,0.008,16,5.0,503,3.36,48.3,6.1,-0.053,-2.566,22,338,143
BTC/USDT,30m,0.65,0.04,0.008,20,5.0,503,3.36,48.3,7.4,-0.059,-2.849,28,352,123
BTC/USDT,30m,0.65,0.04,0.008,24,5.0,503,3.36,48.3,8.1,-0.07,-3.38,32,365,106
BTC/USDT,30m,0.65,0.04,0.008,36,5.0,503,3.36,48.3,9.4,-0.088,-4.259,40,385,78
BTC/USDT,30m,0.65,0.04,0.008,48,5.0,503,3.36,48.3,10.0,-0.123,-5.924,44,396,63
BTC/USDT,30m,0.65,0.04,0.01,4,4.0,503,3.36,48.3,2.7,-0.057,-2.76,5,179,319
BTC/USDT,30m,0.65,0.04,0.01,6,4.0,503,3.36,48.3,2.8,-0.065,-3.127,6,208,289
BTC/USDT,30m,0.65,0.04,0.01,8,4.0,503,3.36,48.3,3.8,-0.082,-3.95,9,231,263
BTC/USDT,30m,0.65,0.04,0.01,12,4.0,503,3.36,48.3,6.8,-0.031,-1.478,19,262,222
BTC/USDT,30m,0.65,0.04,0.01,16,4.0,503,3.36,48.3,7.0,-0.056,-2.684,22,294,187
BTC/USDT,30m,0.65,0.04,0.01,20,4.0,503,3.36,48.3,8.7,-0.057,-2.769,30,315,158
BTC/USDT,30m,0.65,0.04,0.01,24,4.0,503,3.36,48.3,10.1,-0.055,-2.665,37,329,137
BTC/USDT,30m,0.65,0.04,0.01,36,4.0,503,3.36,48.3,11.4,-0.096,-4.626,46,358,99
BTC/USDT,30m,0.65,0.04,0.01,48,4.0,503,3.36,48.3,12.2,-0.112,-5.418,51,368,84
BTC/USDT,30m,0.65,0.04,0.015,4,2.7,503,3.36,48.3,4.2,-0.098,-4.723,5,115,383
BTC/USDT,30m,0.65,0.04,0.015,6,2.7,503,3.36,48.3,4.0,-0.113,-5.48,6,144,353
BTC/USDT,30m,0.65,0.04,0.015,8,2.7,503,3.36,48.3,5.2,-0.123,-5.928,9,165,329
BTC/USDT,30m,0.65,0.04,0.015,12,2.7,503,3.36,48.3,9.2,-0.073,-3.549,19,187,297
BTC/USDT,30m,0.65,0.04,0.015,16,2.7,503,3.36,48.3,9.2,-0.109,-5.249,22,216,265
BTC/USDT,30m,0.65,0.04,0.015,20,2.7,503,3.36,48.3,11.8,-0.124,-5.978,32,240,231
BTC/USDT,30m,0.65,0.04,0.015,24,2.7,503,3.36,48.3,13.8,-0.123,-5.936,41,257,205
BTC/USDT,30m,0.65,0.04,0.015,36,2.7,503,3.36,48.3,14.3,-0.208,-10.066,50,300,153
BTC/USDT,30m,0.65,0.04,0.015,48,2.7,503,3.36,48.3,15.2,-0.177,-8.535,57,318,128
BTC/USDT,30m,0.65,0.04,0.02,4,2.0,503,3.36,48.3,6.9,-0.073,-3.551,5,67,431
BTC/USDT,30m,0.65,0.04,0.02,6,2.0,503,3.36,48.3,5.9,-0.091,-4.403,6,95,402
BTC/USDT,30m,0.65,0.04,0.02,8,2.0,503,3.36,48.3,7.0,-0.125,-6.029,9,120,374
BTC/USDT,30m,0.65,0.04,0.02,12,2.0,503,3.36,48.3,11.8,-0.109,-5.265,20,150,333
BTC/USDT,30m,0.65,0.04,0.02,16,2.0,503,3.36,48.3,12.2,-0.146,-7.057,24,172,307
BTC/USDT,30m,0.65,0.04,0.02,20,2.0,503,3.36,48.3,14.7,-0.186,-8.984,34,198,271
BTC/USDT,30m,0.65,0.04,0.02,24,2.0,503,3.36,48.3,17.2,-0.195,-9.443,45,217,241
BTC/USDT,30m,0.65,0.04,0.02,36,2.0,503,3.36,48.3,17.4,-0.292,-14.126,54,256,193
BTC/USDT,30m,0.65,0.04,0.02,48,2.0,503,3.36,48.3,18.2,-0.25,-12.105,61,274,168
BTC/USDT,30m,0.65,0.04,0.025,4,1.6,503,3.36,48.3,12.8,-0.06,-2.896,5,34,464
BTC/USDT,30m,0.65,0.04,0.025,6,1.6,503,3.36,48.3,9.0,-0.076,-3.679,6,61,436
BTC/USDT,30m,0.65,0.04,0.025,8,1.6,503,3.36,48.3,10.0,-0.115,-5.539,9,81,413
BTC/USDT,30m,0.65,0.04,0.025,12,1.6,503,3.36,48.3,15.4,-0.112,-5.399,20,110,373
BTC/USDT,30m,0.65,0.04,0.025,16,1.6,503,3.36,48.3,15.7,-0.159,-7.686,24,129,350
BTC/USDT,30m,0.65,0.04,0.025,20,1.6,503,3.36,48.3,17.8,-0.235,-11.37,35,162,306
BTC/USDT,30m,0.65,0.04,0.025,24,1.6,503,3.36,48.3,20.4,-0.257,-12.408,46,180,277
BTC/USDT,30m,0.65,0.04,0.025,36,1.6,503,3.36,48.3,20.1,-0.362,-17.516,56,222,225
BTC/USDT,30m,0.65,0.04,0.025,48,1.6,503,3.36,48.3,21.2,-0.291,-14.083,63,234,206
BTC/USDT,30m,0.65,0.05,0.008,4,6.2,503,3.36,48.3,0.4,-0.062,-3.008,1,223,279
BTC/USDT,30m,0.65,0.05,0.008,6,6.2,503,3.36,48.3,1.6,-0.071,-3.415,4,253,246
BTC/USDT,30m,0.65,0.05,0.008,8,6.2,503,3.36,48.3,2.4,-0.082,-3.953,7,279,217
BTC/USDT,30m,0.65,0.05,0.008,12,6.2,503,3.36,48.3,4.3,-0.032,-1.534,14,314,175
BTC/USDT,30m,0.65,0.05,0.008,16,6.2,503,3.36,48.3,5.3,-0.019,-0.934,19,338,146
BTC/USDT,30m,0.65,0.05,0.008,20,6.2,503,3.36,48.3,6.1,-0.018,-0.87,23,352,128
BTC/USDT,30m,0.65,0.05,0.008,24,6.2,503,3.36,48.3,6.6,-0.019,-0.929,26,365,112
BTC/USDT,30m,0.65,0.05,0.008,36,6.2,503,3.36,48.3,6.6,-0.049,-2.383,27,385,91
BTC/USDT,30m,0.65,0.05,0.008,48,6.2,503,3.36,48.3,7.0,-0.091,-4.417,30,396,77
BTC/USDT,30m,0.65,0.05,0.01,4,5.0,503,3.36,48.3,0.6,-0.057,-2.757,1,179,323
BTC/USDT,30m,0.65,0.05,0.01,6,5.0,503,3.36,48.3,1.9,-0.062,-3.018,4,208,291
BTC/USDT,30m,0.65,0.05,0.01,8,5.0,503,3.36,48.3,2.9,-0.075,-3.619,7,231,265
BTC/USDT,30m,0.65,0.05,0.01,12,5.0,503,3.36,48.3,5.1,-0.012,-0.601,14,262,227
BTC/USDT,30m,0.65,0.05,0.01,16,5.0,503,3.36,48.3,6.1,-0.022,-1.052,19,294,190
BTC/USDT,30m,0.65,0.05,0.01,20,5.0,503,3.36,48.3,6.8,-0.015,-0.727,23,315,165
BTC/USDT,30m,0.65,0.05,0.01,24,5.0,503,3.36,48.3,7.3,-0.01,-0.47,26,329,148
BTC/USDT,30m,0.65,0.05,0.01,36,5.0,503,3.36,48.3,7.0,-0.066,-3.199,27,358,118
BTC/USDT,30m,0.65,0.05,0.01,48,5.0,503,3.36,48.3,7.5,-0.111,-5.355,30,368,105
BTC/USDT,30m,0.65,0.05,0.015,4,3.3,503,3.36,48.3,0.9,-0.098,-4.72,1,115,387
BTC/USDT,30m,0.65,0.05,0.015,6,3.3,503,3.36,48.3,2.7,-0.111,-5.37,4,144,355
BTC/USDT,30m,0.65,0.05,0.015,8,3.3,503,3.36,48.3,4.1,-0.116,-5.597,7,165,331
BTC/USDT,30m,0.65,0.05,0.015,12,3.3,503,3.36,48.3,7.0,-0.055,-2.673,14,187,302
BTC/USDT,30m,0.65,0.05,0.015,16,3.3,503,3.36,48.3,8.1,-0.075,-3.617,19,216,268
BTC/USDT,30m,0.65,0.05,0.015,20,3.3,503,3.36,48.3,8.7,-0.082,-3.975,23,240,240
BTC/USDT,30m,0.65,0.05,0.015,24,3.3,503,3.36,48.3,9.8,-0.074,-3.597,28,257,218
BTC/USDT,30m,0.65,0.05,0.015,36,3.3,503,3.36,48.3,9.1,-0.173,-8.368,30,300,173
BTC/USDT,30m,0.65,0.05,0.015,48,3.3,503,3.36,48.3,9.4,-0.171,-8.288,33,318,152
BTC/USDT,30m,0.65,0.05,0.02,4,2.5,503,3.36,48.3,1.5,-0.073,-3.548,1,67,435
BTC/USDT,30m,0.65,0.05,0.02,6,2.5,503,3.36,48.3,4.0,-0.089,-4.293,4,95,404
BTC/USDT,30m,0.65,0.05,0.02,8,2.5,503,3.36,48.3,5.5,-0.118,-5.698,7,120,376
BTC/USDT,30m,0.65,0.05,0.02,12,2.5,503,3.36,48.3,8.5,-0.096,-4.629,14,150,339
BTC/USDT,30m,0.65,0.05,0.02,16,2.5,503,3.36,48.3,9.9,-0.117,-5.647,19,172,312
BTC/USDT,30m,0.65,0.05,0.02,20,2.5,503,3.36,48.3,10.4,-0.152,-7.343,23,198,282
BTC/USDT,30m,0.65,0.05,0.02,24,2.5,503,3.36,48.3,11.8,-0.148,-7.168,29,217,257
BTC/USDT,30m,0.65,0.05,0.02,36,2.5,503,3.36,48.3,10.8,-0.263,-12.715,31,256,216
BTC/USDT,30m,0.65,0.05,0.02,48,2.5,503,3.36,48.3,11.0,-0.253,-12.212,34,274,195
BTC/USDT,30m,0.65,0.05,0.025,4,2.0,503,3.36,48.3,2.9,-0.06,-2.894,1,34,468
BTC/USDT,30m,0.65,0.05,0.025,6,2.0,503,3.36,48.3,6.2,-0.074,-3.57,4,61,438
BTC/USDT,30m,0.65,0.05,0.025,8,2.0,503,3.36,48.3,8.0,-0.108,-5.207,7,81,415
BTC/USDT,30m,0.65,0.05,0.025,12,2.0,503,3.36,48.3,11.3,-0.099,-4.764,14,110,379
BTC/USDT,30m,0.65,0.05,0.025,16,2.0,503,3.36,48.3,12.8,-0.13,-6.277,19,129,355
BTC/USDT,30m,0.65,0.05,0.025,20,2.0,503,3.36,48.3,12.9,-0.199,-9.633,24,162,317
BTC/USDT,30m,0.65,0.05,0.025,24,2.0,503,3.36,48.3,14.3,-0.208,-10.037,30,180,293
BTC/USDT,30m,0.65,0.05,0.025,36,2.0,503,3.36,48.3,12.6,-0.334,-16.162,32,222,249
BTC/USDT,30m,0.65,0.05,0.025,48,2.0,503,3.36,48.3,13.0,-0.295,-14.27,35,234,234
BTC/USDT,30m,0.65,0.075,0.008,4,9.4,503,3.36,48.3,0.4,-0.057,-2.768,1,223,279
BTC/USDT,30m,0.65,0.075,0.008,6,9.4,503,3.36,48.3,0.4,-0.069,-3.345,1,253,249
BTC/USDT,30m,0.65,0.075,0.008,8,9.4,503,3.36,48.3,0.4,-0.085,-4.115,1,279,223
BTC/USDT,30m,0.65,0.075,0.008,12,9.4,503,3.36,48.3,0.6,-0.023,-1.13,2,314,187
BTC/USDT,30m,0.65,0.075,0.008,16,9.4,503,3.36,48.3,2.6,0.019,0.928,9,338,156
BTC/USDT,30m,0.65,0.075,0.008,20,9.4,503,3.36,48.3,3.6,0.042,2.045,13,352,138
BTC/USDT,30m,0.65,0.075,0.008,24,9.4,503,3.36,48.3,4.5,0.061,2.949,17,365,121
BTC/USDT,30m,0.65,0.075,0.008,36,9.4,503,3.36,48.3,4.7,0.026,1.267,19,385,99
BTC/USDT,30m,0.65,0.075,0.008,48,9.4,503,3.36,48.3,4.6,-0.034,-1.621,19,397,87
BTC/USDT,30m,0.65,0.075,0.01,4,7.5,503,3.36,48.3,0.6,-0.052,-2.517,1,179,323
BTC/USDT,30m,0.65,0.075,0.01,6,7.5,503,3.36,48.3,0.5,-0.061,-2.948,1,208,294
BTC/USDT,30m,0.65,0.075,0.01,8,7.5,503,3.36,48.3,0.4,-0.078,-3.781,1,231,271
BTC/USDT,30m,0.65,0.075,0.01,12,7.5,503,3.36,48.3,0.8,-0.004,-0.198,2,262,239
BTC/USDT,30m,0.65,0.075,0.01,16,7.5,503,3.36,48.3,3.0,0.017,0.81,9,294,200
BTC/USDT,30m,0.65,0.075,0.01,20,7.5,503,3.36,48.3,4.0,0.045,2.189,13,315,175
BTC/USDT,30m,0.65,0.075,0.01,24,7.5,503,3.36,48.3,4.9,0.071,3.409,17,329,157
BTC/USDT,30m,0.65,0.075,0.01,36,7.5,503,3.36,48.3,5.0,0.009,0.452,19,358,126
BTC/USDT,30m,0.65,0.075,0.01,48,7.5,503,3.36,48.3,4.9,-0.053,-2.578,19,369,115
BTC/USDT,30m,0.65,0.075,0.015,4,5.0,503,3.36,48.3,0.9,-0.093,-4.48,1,115,387
BTC/USDT,30m,0.65,0.075,0.015,6,5.0,503,3.36,48.3,0.7,-0.11,-5.301,1,144,358
BTC/USDT,30m,0.65,0.075,0.015,8,5.0,503,3.36,48.3,0.6,-0.119,-5.759,1,165,337
BTC/USDT,30m,0.65,0.075,0.015,12,5.0,503,3.36,48.3,1.1,-0.047,-2.269,2,187,314
BTC/USDT,30m,0.65,0.075,0.015,16,5.0,503,3.36,48.3,4.0,-0.036,-1.755,9,216,278
BTC/USDT,30m,0.65,0.075,0.015,20,5.0,503,3.36,48.3,5.1,-0.022,-1.059,13,240,250
BTC/USDT,30m,0.65,0.075,0.015,24,5.0,503,3.36,48.3,6.5,0.012,0.556,18,257,228
BTC/USDT,30m,0.65,0.075,0.015,36,5.0,503,3.36,48.3,6.8,-0.083,-3.997,22,300,181
BTC/USDT,30m,0.65,0.075,0.015,48,5.0,503,3.36,48.3,6.5,-0.096,-4.656,22,318,163
BTC/USDT,30m,0.65,0.075,0.02,4,3.8,503,3.36,48.3,1.5,-0.068,-3.308,1,67,435
BTC/USDT,30m,0.65,0.075,0.02,6,3.8,503,3.36,48.3,1.0,-0.087,-4.223,1,95,407
BTC/USDT,30m,0.65,0.075,0.02,8,3.8,503,3.36,48.3,0.8,-0.121,-5.86,1,120,382
BTC/USDT,30m,0.65,0.075,0.02,12,3.8,503,3.36,48.3,1.3,-0.087,-4.225,2,150,351
BTC/USDT,30m,0.65,0.075,0.02,16,3.8,503,3.36,48.3,5.0,-0.078,-3.785,9,172,322
BTC/USDT,30m,0.65,0.075,0.02,20,3.8,503,3.36,48.3,6.2,-0.092,-4.427,13,198,292
BTC/USDT,30m,0.65,0.075,0.02,24,3.8,503,3.36,48.3,7.7,-0.063,-3.021,18,217,268
BTC/USDT,30m,0.65,0.075,0.02,36,3.8,503,3.36,48.3,8.2,-0.168,-8.103,23,256,224
BTC/USDT,30m,0.65,0.075,0.02,48,3.8,503,3.36,48.3,7.7,-0.173,-8.341,23,274,206
BTC/USDT,30m,0.65,0.075,0.025,4,3.0,503,3.36,48.3,2.9,-0.055,-2.654,1,34,468
BTC/USDT,30m,0.65,0.075,0.025,6,3.0,503,3.36,48.3,1.6,-0.072,-3.5,1,61,441
BTC/USDT,30m,0.65,0.075,0.025,8,3.0,503,3.36,48.3,1.2,-0.111,-5.369,1,81,421
BTC/USDT,30m,0.65,0.075,0.025,12,3.0,503,3.36,48.3,1.8,-0.09,-4.36,2,110,391
BTC/USDT,30m,0.65,0.075,0.025,16,3.0,503,3.36,48.3,6.5,-0.091,-4.414,9,129,365
BTC/USDT,30m,0.65,0.075,0.025,20,3.0,503,3.36,48.3,7.4,-0.138,-6.66,13,162,328
BTC/USDT,30m,0.65,0.075,0.025,24,3.0,503,3.36,48.3,9.5,-0.117,-5.65,19,180,304
BTC/USDT,30m,0.65,0.075,0.025,36,3.0,503,3.36,48.3,9.8,-0.234,-11.311,24,222,257
BTC/USDT,30m,0.65,0.075,0.025,48,3.0,503,3.36,48.3,9.3,-0.21,-10.159,24,234,245
BTC/USDT,30m,0.65,0.1,0.008,4,12.5,503,3.36,48.3,0.0,-0.062,-2.981,0,223,280
BTC/USDT,30m,0.65,0.1,0.008,6,12.5,503,3.36,48.3,0.0,-0.073,-3.545,0,253,250
BTC/USDT,30m,0.65,0.1,0.008,8,12.5,503,3.36,48.3,0.0,-0.089,-4.281,0,279,224
BTC/USDT,30m,0.65,0.1,0.008,12,12.5,503,3.36,48.3,0.0,-0.029,-1.414,0,314,189
BTC/USDT,30m,0.65,0.1,0.008,16,12.5,503,3.36,48.3,0.0,0.004,0.212,0,338,165
BTC/USDT,30m,0.65,0.1,0.008,20,12.5,503,3.36,48.3,0.8,0.052,2.509,3,352,148
BTC/USDT,30m,0.65,0.1,0.008,24,12.5,503,3.36,48.3,1.4,0.072,3.486,5,365,133
BTC/USDT,30m,0.65,0.1,0.008,36,12.5,503,3.36,48.3,2.8,0.064,3.096,11,385,107
BTC/USDT,30m,0.65,0.1,0.008,48,12.5,503,3.36,48.3,2.7,-0.045,-2.169,11,397,95
BTC/USDT,30m,0.65,0.1,0.01,4,10.0,503,3.36,48.3,0.0,-0.056,-2.73,0,179,324
BTC/USDT,30m,0.65,0.1,0.01,6,10.0,503,3.36,48.3,0.0,-0.065,-3.148,0,208,295
BTC/USDT,30m,0.65,0.1,0.01,8,10.0,503,3.36,48.3,0.0,-0.082,-3.948,0,231,272
BTC/USDT,30m,0.65,0.1,0.01,12,10.0,503,3.36,48.3,0.0,-0.01,-0.481,0,262,241
BTC/USDT,30m,0.65,0.1,0.01,16,10.0,503,3.36,48.3,0.0,0.002,0.094,0,294,209
BTC/USDT,30m,0.65,0.1,0.01,20,10.0,503,3.36,48.3,0.9,0.055,2.652,3,315,185
BTC/USDT,30m,0.65,0.1,0.01,24,10.0,503,3.36,48.3,1.5,0.082,3.945,5,329,169
BTC/USDT,30m,0.65,0.1,0.01,36,10.0,503,3.36,48.3,3.0,0.047,2.28,11,358,134
BTC/USDT,30m,0.65,0.1,0.01,48,10.0,503,3.36,48.3,2.9,-0.065,-3.126,11,369,123
BTC/USDT,30m,0.65,0.1,0.015,4,6.7,503,3.36,48.3,0.0,-0.097,-4.693,0,115,388
BTC/USDT,30m,0.65,0.1,0.015,6,6.7,503,3.36,48.3,0.0,-0.114,-5.501,0,144,359
BTC/USDT,30m,0.65,0.1,0.015,8,6.7,503,3.36,48.3,0.0,-0.123,-5.926,0,165,338
BTC/USDT,30m,0.65,0.1,0.015,12,6.7,503,3.36,48.3,0.0,-0.053,-2.552,0,187,316
BTC/USDT,30m,0.65,0.1,0.015,16,6.7,503,3.36,48.3,0.0,-0.051,-2.471,0,216,287
BTC/USDT,30m,0.65,0.1,0.015,20,6.7,503,3.36,48.3,1.2,-0.012,-0.596,3,240,260
BTC/USDT,30m,0.65,0.1,0.015,24,6.7,503,3.36,48.3,1.9,0.024,1.173,5,257,241
BTC/USDT,30m,0.65,0.1,0.015,36,6.7,503,3.36,48.3,4.2,-0.034,-1.658,13,300,190
BTC/USDT,30m,0.65,0.1,0.015,48,6.7,503,3.36,48.3,3.9,-0.098,-4.739,13,318,172
BTC/USDT,30m,0.65,0.1,0.02,4,5.0,503,3.36,48.3,0.0,-0.073,-3.521,0,67,436
BTC/USDT,30m,0.65,0.1,0.02,6,5.0,503,3.36,48.3,0.0,-0.092,-4.423,0,95,408
BTC/USDT,30m,0.65,0.1,0.02,8,5.0,503,3.36,48.3,0.0,-0.125,-6.027,0,120,383
BTC/USDT,30m,0.65,0.1,0.02,12,5.0,503,3.36,48.3,0.0,-0.093,-4.509,0,150,353
BTC/USDT,30m,0.65,0.1,0.02,16,5.0,503,3.36,48.3,0.0,-0.093,-4.501,0,172,331
BTC/USDT,30m,0.65,0.1,0.02,20,5.0,503,3.36,48.3,1.5,-0.082,-3.964,3,198,302
BTC/USDT,30m,0.65,0.1,0.02,24,5.0,503,3.36,48.3,2.3,-0.05,-2.404,5,217,281
BTC/USDT,30m,0.65,0.1,0.02,36,5.0,503,3.36,48.3,5.2,-0.114,-5.524,14,256,233
BTC/USDT,30m,0.65,0.1,0.02,48,5.0,503,3.36,48.3,4.9,-0.169,-8.184,14,274,215
BTC/USDT,30m,0.65,0.1,0.025,4,4.0,503,3.36,48.3,0.0,-0.059,-2.867,0,34,469
BTC/USDT,30m,0.65,0.1,0.025,6,4.0,503,3.36,48.3,0.0,-0.077,-3.7,0,61,442
BTC/USDT,30m,0.65,0.1,0.025,8,4.0,503,3.36,48.3,0.0,-0.115,-5.536,0,81,422
BTC/USDT,30m,0.65,0.1,0.025,12,4.0,503,3.36,48.3,0.0,-0.096,-4.643,0,110,393
BTC/USDT,30m,0.65,0.1,0.025,16,4.0,503,3.36,48.3,0.0,-0.106,-5.131,0,129,374
BTC/USDT,30m,0.65,0.1,0.025,20,4.0,503,3.36,48.3,1.8,-0.128,-6.197,3,162,338
BTC/USDT,30m,0.65,0.1,0.025,24,4.0,503,3.36,48.3,2.7,-0.108,-5.211,5,180,318
BTC/USDT,30m,0.65,0.1,0.025,36,4.0,503,3.36,48.3,5.9,-0.183,-8.83,14,222,267
BTC/USDT,30m,0.65,0.1,0.025,48,4.0,503,3.36,48.3,5.6,-0.209,-10.084,14,234,255
ETH/USDT,15m,0.3,0.01,0.008,4,1.2,1029,6.87,197.7,49.3,0.061,12.144,299,307,423
ETH/USDT,15m,0.3,0.01,0.008,6,1.2,1029,6.87,197.7,49.9,0.076,15.056,363,364,302
ETH/USDT,15m,0.3,0.01,0.008,8,1.2,1029,6.87,197.7,50.0,0.083,16.374,398,398,233
ETH/USDT,15m,0.3,0.01,0.008,12,1.2,1029,6.87,197.7,49.1,0.08,15.753,435,451,143
ETH/USDT,15m,0.3,0.01,0.008,16,1.2,1029,6.87,197.7,48.8,0.072,14.184,453,476,100
ETH/USDT,15m,0.3,0.01,0.008,20,1.2,1029,6.87,197.7,48.2,0.062,12.357,461,496,72
ETH/USDT,15m,0.3,0.01,0.008,24,1.2,1029,6.87,197.7,47.8,0.057,11.242,467,510,52
ETH/USDT,15m,0.3,0.01,0.008,36,1.2,1029,6.87,197.7,47.0,0.048,9.575,472,532,25
ETH/USDT,15m,0.3,0.01,0.008,48,1.2,1029,6.87,197.7,46.9,0.045,8.86,475,537,17
ETH/USDT,15m,0.3,0.015,0.008,4,1.9,1029,6.87,197.7,35.6,0.094,18.594,176,319,534
ETH/USDT,15m,0.3,0.015,0.008,6,1.9,1029,6.87,197.7,38.2,0.128,25.276,238,385,406
ETH/USDT,15m,0.3,0.015,0.008,8,1.9,1029,6.87,197.7,41.4,0.151,29.8,297,421,311
ETH/USDT,15m,0.3,0.015,0.008,12,1.9,1029,6.87,197.7,40.9,0.158,31.285,336,485,208
ETH/USDT,15m,0.3,0.015,0.008,16,1.9,1029,6.87,197.7,40.9,0.156,30.85,356,514,159
ETH/USDT,15m,0.3,0.015,0.008,20,1.9,1029,6.87,197.7,41.1,0.15,29.583,374,537,118
ETH/USDT,15m,0.3,0.015,0.008,24,1.9,1029,6.87,197.7,40.5,0.135,26.701,378,555,96
ETH/USDT,15m,0.3,0.015,0.008,36,1.9,1029,6.87,197.7,39.8,0.125,24.797,391,591,47
ETH/USDT,15m,0.3,0.015,0.008,48,1.9,1029,6.87,197.7,39.6,0.118,23.285,396,603,30
ETH/USDT,15m,0.3,0.015,0.01,4,1.5,1029,6.87,197.7,42.1,0.092,18.247,183,252,594
ETH/USDT,15m,0.3,0.015,0.01,6,1.5,1029,6.87,197.7,44.9,0.129,25.436,249,305,475
ETH/USDT,15m,0.3,0.015,0.01,8,1.5,1029,6.87,197.7,47.6,0.154,30.445,314,345,370
ETH/USDT,15m,0.3,0.015,0.01,12,1.5,1029,6.87,197.7,47.9,0.171,33.857,359,390,280
ETH/USDT,15m,0.3,0.015,0.01,16,1.5,1029,6.87,197.7,47.2,0.168,33.193,385,431,213
ETH/USDT,15m,0.3,0.015,0.01,20,1.5,1029,6.87,197.7,46.7,0.15,29.646,404,462,163
ETH/USDT,15m,0.3,0.015,0.01,24,1.5,1029,6.87,197.7,45.5,0.13,25.63,410,491,128
ETH/USDT,15m,0.3,0.015,0.01,36,1.5,1029,6.87,197.7,44.2,0.11,21.829,424,536,69
ETH/USDT,15m,0.3,0.015,0.01,48,1.5,1029,6.87,197.7,43.8,0.1,19.773,431,553,45
ETH/USDT,15m,0.3,0.02,0.008,4,2.5,1029,6.87,197.7,24.7,0.108,21.453,107,326,596
ETH/USDT,15m,0.3,0.02,0.008,6,2.5,1029,6.87,197.7,29.0,0.156,30.769,161,395,473
ETH/USDT,15m,0.3,0.02,0.008,8,2.5,1029,6.87,197.7,32.0,0.189,37.449,205,436,388
ETH/USDT,15m,0.3,0.02,0.008,12,2.5,1029,6.87,197.7,33.5,0.198,39.091,255,506,268
ETH/USDT,15m,0.3,0.02,0.008,16,2.5,1029,6.87,197.7,34.1,0.205,40.467,280,540,209
ETH/USDT,15m,0.3,0.02,0.008,20,2.5,1029,6.87,197.7,34.1,0.204,40.345,294,567,168
ETH/USDT,15m,0.3,0.02,0.008,24,2.5,1029,6.87,197.7,34.4,0.186,36.747,308,588,133
ETH/USDT,15m,0.3,0.02,0.008,36,2.5,1029,6.87,197.7,33.7,0.164,32.422,326,640,63
ETH/USDT,15m,0.3,0.02,0.008,48,2.5,1029,6.87,197.7,33.7,0.158,31.339,332,653,44
ETH/USDT,15m,0.3,0.02,0.01,4,2.0,1029,6.87,197.7,30.3,0.108,21.372,112,258,659
ETH/USDT,15m,0.3,0.02,0.01,6,2.0,1029,6.87,197.7,34.9,0.157,31.01,169,315,545
ETH/USDT,15m,0.3,0.02,0.01,8,2.0,1029,6.87,197.7,37.3,0.191,37.829,214,360,455
ETH/USDT,15m,0.3,0.02,0.01,12,2.0,1029,6.87,197.7,39.6,0.207,40.907,270,412,347
ETH/USDT,15m,0.3,0.02,0.01,16,2.0,1029,6.87,197.7,39.7,0.217,42.832,300,456,273
ETH/USDT,15m,0.3,0.02,0.01,20,2.0,1029,6.87,197.7,39.2,0.201,39.748,317,492,220
ETH/USDT,15m,0.3,0.02,0.01,24,2.0,1029,6.87,197.7,38.9,0.182,35.907,334,525,170
ETH/USDT,15m,0.3,0.02,0.01,36,2.0,1029,6.87,197.7,37.7,0.148,29.199,354,584,91
ETH/USDT,15m,0.3,0.02,0.01,48,2.0,1029,6.87,197.7,37.5,0.138,27.242,363,604,62
ETH/USDT,15m,0.3,0.02,0.015,4,1.3,1029,6.87,197.7,42.6,0.091,17.991,116,156,757
ETH/USDT,15m,0.3,0.02,0.015,6,1.3,1029,6.87,197.7,46.2,0.133,26.273,175,204,650
ETH/USDT,15m,0.3,0.02,0.015,8,1.3,1029,6.87,197.7,49.0,0.185,36.674,227,236,566
ETH/USDT,15m,0.3,0.02,0.015,12,1.3,1029,6.87,197.7,51.2,0.209,41.411,292,278,459
ETH/USDT,15m,0.3,0.02,0.015,16,1.3,1029,6.87,197.7,51.2,0.23,45.451,332,316,381
ETH/USDT,15m,0.3,0.02,0.015,20,1.3,1029,6.87,197.7,50.6,0.222,43.851,356,348,325
ETH/USDT,15m,0.3,0.02,0.015,24,1.3,1029,6.87,197.7,50.1,0.199,39.373,378,377,274
ETH/USDT,15m,0.3,0.02,0.015,36,1.3,1029,6.87,197.7,48.0,0.155,30.707,412,447,170
ETH/USDT,15m,0.3,0.02,0.015,48,1.3,1029,6.87,197.7,47.1,0.139,27.403,428,480,121
ETH/USDT,15m,0.3,0.025,0.008,4,3.1,1029,6.87,197.7,16.8,0.112,22.214,66,328,635
ETH/USDT,15m,0.3,0.025,0.008,6,3.1,1029,6.87,197.7,20.1,0.159,31.498,101,402,526
ETH/USDT,15m,0.3,0.025,0.008,8,3.1,1029,6.87,197.7,22.5,0.202,39.993,130,447,452
ETH/USDT,15m,0.3,0.025,0.008,12,3.1,1029,6.87,197.7,25.9,0.206,40.775,182,520,327
ETH/USDT,15m,0.3,0.025,0.008,16,3.1,1029,6.87,197.7,27.0,0.219,43.333,205,555,269
ETH/USDT,15m,0.3,0.025,0.008,20,3.1,1029,6.87,197.7,28.4,0.226,44.595,232,586,211
ETH/USDT,15m,0.3,0.025,0.008,24,3.1,1029,6.87,197.7,28.3,0.202,40.01,241,611,177
ETH/USDT,15m,0.3,0.025,0.008,36,3.1,1029,6.87,197.7,28.1,0.179,35.299,261,668,100
ETH/USDT,15m,0.3,0.025,0.008,48,3.1,1029,6.87,197.7,28.3,0.171,33.73,272,688,69
ETH/USDT,15m,0.3,0.025,0.01,4,2.5,1029,6.87,197.7,21.2,0.113,22.381,70,260,699
ETH/USDT,15m,0.3,0.025,0.01,6,2.5,1029,6.87,197.7,25.2,0.164,32.345,108,320,601
ETH/USDT,15m,0.3,0.025,0.01,8,2.5,1029,6.87,197.7,27.2,0.205,40.509,138,370,521
ETH/USDT,15m,0.3,0.025,0.01,12,2.5,1029,6.87,197.7,31.3,0.215,42.507,194,426,409
ETH/USDT,15m,0.3,0.025,0.01,16,2.5,1029,6.87,197.7,32.0,0.231,45.665,222,472,335
ETH/USDT,15m,0.3,0.025,0.01,20,2.5,1029,6.87,197.7,33.0,0.223,44.133,253,513,263
ETH/USDT,15m,0.3,0.025,0.01,24,2.5,1029,6.87,197.7,32.6,0.2,39.455,265,549,215
ETH/USDT,15m,0.3,0.025,0.01,36,2.5,1029,6.87,197.7,31.8,0.162,32.041,286,614,129
ETH/USDT,15m,0.3,0.025,0.01,48,2.5,1029,6.87,197.7,31.8,0.148,29.217,298,640,91
ETH/USDT,15m,0.3,0.025,0.015,4,1.7,1029,6.87,197.7,31.6,0.096,18.906,73,158,798
ETH/USDT,15m,0.3,0.025,0.015,6,1.7,1029,6.87,197.7,35.2,0.14,27.744,113,208,708
ETH/USDT,15m,0.3,0.025,0.015,8,1.7,1029,6.87,197.7,37.4,0.199,39.279,145,243,641
ETH/USDT,15m,0.3,0.025,0.015,12,1.7,1029,6.87,197.7,42.1,0.217,42.825,212,291,526
ETH/USDT,15m,0.3,0.025,0.015,16,1.7,1029,6.87,197.7,42.7,0.242,47.936,247,332,450
ETH/USDT,15m,0.3,0.025,0.015,20,1.7,1029,6.87,197.7,43.9,0.246,48.739,287,367,375
ETH/USDT,15m,0.3,0.025,0.015,24,1.7,1029,6.87,197.7,43.2,0.222,43.962,304,399,326
ETH/USDT,15m,0.3,0.025,0.015,36,1.7,1029,6.87,197.7,41.5,0.181,35.802,336,474,219
ETH/USDT,15m,0.3,0.025,0.015,48,1.7,1029,6.87,197.7,41.2,0.168,33.137,357,510,162
ETH/USDT,15m,0.3,0.025,0.02,4,1.2,1029,6.87,197.7,45.7,0.11,21.742,74,88,867
ETH/USDT,15m,0.3,0.025,0.02,6,1.2,1029,6.87,197.7,45.9,0.149,29.435,117,138,774
ETH/USDT,15m,0.3,0.025,0.02,8,1.2,1029,6.87,197.7,48.9,0.216,42.742,153,160,716
ETH/USDT,15m,0.3,0.025,0.02,12,1.2,1029,6.87,197.7,52.7,0.234,46.23,225,202,602
ETH/USDT,15m,0.3,0.025,0.02,16,1.2,1029,6.87,197.7,51.9,0.259,51.133,261,242,526
ETH/USDT,15m,0.3,0.025,0.02,20,1.2,1029,6.87,197.7,52.7,0.262,51.861,308,276,445
ETH/USDT,15m,0.3,0.025,0.02,24,1.2,1029,6.87,197.7,51.8,0.231,45.708,329,306,394
ETH/USDT,15m,0.3,0.025,0.02,36,1.2,1029,6.87,197.7,49.6,0.186,36.764,367,373,289
ETH/USDT,15m,0.3,0.025,0.02,48,1.2,1029,6.87,197.7,48.6,0.167,33.104,391,413,225
ETH/USDT,15m,0.3,0.03,0.008,4,3.8,1029,6.87,197.7,10.1,0.109,21.631,37,328,664
ETH/USDT,15m,0.3,0.03,0.008,6,3.8,1029,6.87,197.7,15.0,0.172,34.103,71,402,556
ETH/USDT,15m,0.3,0.03,0.008,8,3.8,1029,6.87,197.7,17.9,0.218,43.101,98,450,481
ETH/USDT,15m,0.3,0.03,0.008,12,3.8,1029,6.87,197.7,21.5,0.232,45.934,144,525,360
ETH/USDT,15m,0.3,0.03,0.008,16,3.8,1029,6.87,197.7,22.6,0.239,47.274,165,565,299
ETH/USDT,15m,0.3,0.03,0.008,20,3.8,1029,6.87,197.7,24.3,0.249,49.271,193,601,235
ETH/USDT,15m,0.3,0.03,0.008,24,3.8,1029,6.87,197.7,24.4,0.225,44.453,203,628,198
ETH/USDT,15m,0.3,0.03,0.008,36,3.8,1029,6.87,197.7,24.3,0.199,39.382,220,687,122
ETH/USDT,15m,0.3,0.03,0.008,48,3.8,1029,6.87,197.7,24.0,0.178,35.282,225,711,93
ETH/USDT,15m,0.3,0.03,0.01,4,3.0,1029,6.87,197.7,12.8,0.109,21.55,38,260,731
ETH/USDT,15m,0.3,0.03,0.01,6,3.0,1029,6.87,197.7,18.8,0.172,34.072,74,320,635
ETH/USDT,15m,0.3,0.03,0.01,8,3.0,1029,6.87,197.7,21.3,0.215,42.607,101,373,555
ETH/USDT,15m,0.3,0.03,0.01,12,3.0,1029,6.87,197.7,26.2,0.241,47.689,153,430,446
ETH/USDT,15m,0.3,0.03,0.01,16,3.0,1029,6.87,197.7,26.8,0.25,49.437,176,481,372
ETH/USDT,15m,0.3,0.03,0.01,20,3.0,1029,6.87,197.7,28.3,0.246,48.626,208,528,293
ETH/USDT,15m,0.3,0.03,0.01,24,3.0,1029,6.87,197.7,27.9,0.217,42.939,219,565,245
ETH/USDT,15m,0.3,0.03,0.01,36,3.0,1029,6.87,197.7,27.4,0.186,36.829,238,631,160
ETH/USDT,15m,0.3,0.03,0.01,48,3.0,1029,6.87,197.7,27.0,0.153,30.219,245,662,122
ETH/USDT,15m,0.3,0.03,0.015,4,2.0,1029,6.87,197.7,20.2,0.092,18.261,40,158,831
ETH/USDT,15m,0.3,0.03,0.015,6,2.0,1029,6.87,197.7,27.0,0.148,29.345,77,208,744
ETH/USDT,15m,0.3,0.03,0.015,8,2.0,1029,6.87,197.7,30.1,0.207,40.865,105,244,680
ETH/USDT,15m,0.3,0.03,0.015,12,2.0,1029,6.87,197.7,35.3,0.234,46.353,161,295,573
ETH/USDT,15m,0.3,0.03,0.015,16,2.0,1029,6.87,197.7,35.5,0.245,48.421,187,340,502
ETH/USDT,15m,0.3,0.03,0.015,20,2.0,1029,6.87,197.7,36.6,0.242,47.794,220,381,428
ETH/USDT,15m,0.3,0.03,0.015,24,2.0,1029,6.87,197.7,35.7,0.197,38.988,233,419,377
ETH/USDT,15m,0.3,0.03,0.015,36,2.0,1029,6.87,197.7,34.3,0.161,31.849,261,500,268
ETH/USDT,15m,0.3,0.03,0.015,48,2.0,1029,6.87,197.7,33.7,0.114,22.587,274,539,216
ETH/USDT,15m,0.3,0.03,0.02,4,1.5,1029,6.87,197.7,31.2,0.107,21.093,40,88,901
ETH/USDT,15m,0.3,0.03,0.02,6,1.5,1029,6.87,197.7,36.4,0.154,30.442,79,138,812
ETH/USDT,15m,0.3,0.03,0.02,8,1.5,1029,6.87,197.7,40.0,0.219,43.264,108,162,759
ETH/USDT,15m,0.3,0.03,0.02,12,1.5,1029,6.87,197.7,44.9,0.248,49.056,169,207,653
ETH/USDT,15m,0.3,0.03,0.02,16,1.5,1029,6.87,197.7,44.5,0.261,51.528,200,249,580
ETH/USDT,15m,0.3,0.03,0.02,20,1.5,1029,6.87,197.7,45.4,0.26,51.407,239,288,502
ETH/USDT,15m,0.3,0.03,0.02,24,1.5,1029,6.87,197.7,44.2,0.206,40.734,255,322,452
ETH/USDT,15m,0.3,0.03,0.02,36,1.5,1029,6.87,197.7,42.1,0.161,31.891,290,399,340
ETH/USDT,15m,0.3,0.03,0.02,48,1.5,1029,6.87,197.7,40.8,0.108,21.302,304,441,284
ETH/USDT,15m,0.3,0.03,0.025,4,1.2,1029,6.87,197.7,46.1,0.126,24.956,41,48,940
ETH/USDT,15m,0.3,0.03,0.025,6,1.2,1029,6.87,197.7,47.9,0.161,31.828,80,87,862
ETH/USDT,15m,0.3,0.03,0.025,8,1.2,1029,6.87,197.7,48.9,0.217,42.91,111,116,802
ETH/USDT,15m,0.3,0.03,0.025,12,1.2,1029,6.87,197.7,51.5,0.232,45.933,172,162,695
ETH/USDT,15m,0.3,0.03,0.025,16,1.2,1029,6.87,197.7,51.0,0.239,47.208,204,196,629
ETH/USDT,15m,0.3,0.03,0.025,20,1.2,1029,6.87,197.7,51.4,0.218,43.028,243,230,556
ETH/USDT,15m,0.3,0.03,0.025,24,1.2,1029,6.87,197.7,50.0,0.169,33.458,259,259,511
ETH/USDT,15m,0.3,0.03,0.025,36,1.2,1029,6.87,197.7,46.9,0.095,18.819,297,336,396
ETH/USDT,15m,0.3,0.03,0.025,48,1.2,1029,6.87,197.7,44.7,0.017,3.414,315,390,324
ETH/USDT,15m,0.3,0.04,0.008,4,5.0,1029,6.87,197.7,4.9,0.117,23.07,17,328,684
ETH/USDT,15m,0.3,0.04,0.008,6,5.0,1029,6.87,197.7,8.2,0.183,36.195,36,402,591
ETH/USDT,15m,0.3,0.04,0.008,8,5.0,1029,6.87,197.7,10.3,0.225,44.526,52,451,526
ETH/USDT,15m,0.3,0.04,0.008,12,5.0,1029,6.87,197.7,11.5,0.221,43.691,69,532,428
ETH/USDT,15m,0.3,0.04,0.008,16,5.0,1029,6.87,197.7,12.3,0.218,43.112,81,576,372
ETH/USDT,15m,0.3,0.04,0.008,20,5.0,1029,6.87,197.7,13.9,0.23,45.577,100,618,311
ETH/USDT,15m,0.3,0.04,0.008,24,5.0,1029,6.87,197.7,16.0,0.22,43.547,123,648,258
ETH/USDT,15m,0.3,0.04,0.008,36,5.0,1029,6.87,197.7,16.3,0.202,40.04,138,708,183
ETH/USDT,15m,0.3,0.04,0.008,48,5.0,1029,6.87,197.7,17.2,0.181,35.816,152,734,143
ETH/USDT,15m,0.3,0.04,0.01,4,4.0,1029,6.87,197.7,6.5,0.117,23.18,18,260,751
ETH/USDT,15m,0.3,0.04,0.01,6,4.0,1029,6.87,197.7,10.4,0.183,36.245,37,320,672
ETH/USDT,15m,0.3,0.04,0.01,8,4.0,1029,6.87,197.7,12.6,0.224,44.358,54,374,601
ETH/USDT,15m,0.3,0.04,0.01,12,4.0,1029,6.87,197.7,15.1,0.237,46.907,78,437,514
ETH/USDT,15m,0.3,0.04,0.01,16,4.0,1029,6.87,197.7,15.6,0.236,46.713,91,492,446
ETH/USDT,15m,0.3,0.04,0.01,20,4.0,1029,6.87,197.7,17.1,0.235,46.397,112,544,373
ETH/USDT,15m,0.3,0.04,0.01,24,4.0,1029,6.87,197.7,18.8,0.217,42.987,135,585,309
ETH/USDT,15m,0.3,0.04,0.01,36,4.0,1029,6.87,197.7,18.8,0.194,38.418,151,652,226
ETH/USDT,15m,0.3,0.04,0.01,48,4.0,1029,6.87,197.7,19.7,0.165,32.649,168,685,176
ETH/USDT,15m,0.3,0.04,0.015,4,2.7,1029,6.87,197.7,10.7,0.1,19.799,19,158,852
ETH/USDT,15m,0.3,0.04,0.015,6,2.7,1029,6.87,197.7,15.4,0.158,31.283,38,208,783
ETH/USDT,15m,0.3,0.04,0.015,8,2.7,1029,6.87,197.7,18.6,0.215,42.421,56,245,728
ETH/USDT,15m,0.3,0.04,0.015,12,2.7,1029,6.87,197.7,21.8,0.234,46.283,83,297,649
ETH/USDT,15m,0.3,0.04,0.015,16,2.7,1029,6.87,197.7,21.9,0.229,45.302,98,350,581
ETH/USDT,15m,0.3,0.04,0.015,20,2.7,1029,6.87,197.7,23.3,0.23,45.421,120,395,514
ETH/USDT,15m,0.3,0.04,0.015,24,2.7,1029,6.87,197.7,24.8,0.195,38.573,144,437,448
ETH/USDT,15m,0.3,0.04,0.015,36,2.7,1029,6.87,197.7,24.2,0.166,32.813,167,522,340
ETH/USDT,15m,0.3,0.04,0.015,48,2.7,1029,6.87,197.7,25.0,0.12,23.757,188,563,278
ETH/USDT,15m,0.3,0.04,0.02,4,2.0,1029,6.87,197.7,17.8,0.114,22.631,19,88,922
ETH/USDT,15m,0.3,0.04,0.02,6,2.0,1029,6.87,197.7,21.6,0.161,31.911,38,138,853
ETH/USDT,15m,0.3,0.04,0.02,8,2.0,1029,6.87,197.7,25.7,0.221,43.705,56,162,811
ETH/USDT,15m,0.3,0.04,0.02,12,2.0,1029,6.87,197.7,28.7,0.243,47.98,84,209,736
ETH/USDT,15m,0.3,0.04,0.02,16,2.0,1029,6.87,197.7,28.8,0.244,48.312,104,257,668
ETH/USDT,15m,0.3,0.04,0.02,20,2.0,1029,6.87,197.7,30.7,0.247,48.935,132,298,599
ETH/USDT,15m,0.3,0.04,0.02,24,2.0,1029,6.87,197.7,31.8,0.205,40.555,157,336,536
ETH/USDT,15m,0.3,0.04,0.02,36,2.0,1029,6.87,197.7,31.6,0.188,37.199,193,417,419
ETH/USDT,15m,0.3,0.04,0.02,48,2.0,1029,6.87,197.7,31.8,0.136,26.906,215,461,353
ETH/USDT,15m,0.3,0.04,0.025,4,1.6,1029,6.87,197.7,28.4,0.133,26.362,19,48,962
ETH/USDT,15m,0.3,0.04,0.025,6,1.6,1029,6.87,197.7,30.4,0.167,33.016,38,87,904
ETH/USDT,15m,0.3,0.04,0.025,8,1.6,1029,6.87,197.7,32.6,0.217,42.954,56,116,857
ETH/USDT,15m,0.3,0.04,0.025,12,1.6,1029,6.87,197.7,33.9,0.224,44.26,84,164,781
ETH/USDT,15m,0.3,0.04,0.025,16,1.6,1029,6.87,197.7,34.4,0.214,42.406,104,198,727
ETH/USDT,15m,0.3,0.04,0.025,20,1.6,1029,6.87,197.7,36.2,0.205,40.542,132,233,664
ETH/USDT,15m,0.3,0.04,0.025,24,1.6,1029,6.87,197.7,37.4,0.186,36.761,158,264,607
ETH/USDT,15m,0.3,0.04,0.025,36,1.6,1029,6.87,197.7,36.7,0.153,30.242,200,345,484
ETH/USDT,15m,0.3,0.04,0.025,48,1.6,1029,6.87,197.7,36.4,0.084,16.605,229,400,400
ETH/USDT,15m,0.3,0.05,0.008,4,6.2,1029,6.87,197.7,1.8,0.119,23.621,6,328,695
ETH/USDT,15m,0.3,0.05,0.008,6,6.2,1029,6.87,197.7,3.6,0.187,37.002,15,402,612
ETH/USDT,15m,0.3,0.05,0.008,8,6.2,1029,6.87,197.7,4.9,0.231,45.764,23,451,555
ETH/USDT,15m,0.3,0.05,0.008,12,6.2,1029,6.87,197.7,6.5,0.221,43.625,37,533,459
ETH/USDT,15m,0.3,0.05,0.008,16,6.2,1029,6.87,197.7,7.4,0.223,44.062,46,578,405
ETH/USDT,15m,0.3,0.05,0.008,20,6.2,1029,6.87,197.7,8.4,0.239,47.321,57,622,350
ETH/USDT,15m,0.3,0.05,0.008,24,6.2,1029,6.87,197.7,10.1,0.244,48.275,73,653,303
ETH/USDT,15m,0.3,0.05,0.008,36,6.2,1029,6.87,197.7,12.6,0.246,48.739,103,714,212
ETH/USDT,15m,0.3,0.05,0.008,48,6.2,1029,6.87,197.7,13.2,0.226,44.763,113,740,176
ETH/USDT,15m,0.3,0.05,0.01,4,5.0,1029,6.87,197.7,2.3,0.119,23.608,6,260,763
ETH/USDT,15m,0.3,0.05,0.01,6,5.0,1029,6.87,197.7,4.5,0.187,36.881,15,320,694
ETH/USDT,15m,0.3,0.05,0.01,8,5.0,1029,6.87,197.7,6.3,0.233,45.981,25,374,630
ETH/USDT,15m,0.3,0.05,0.01,12,5.0,1029,6.87,197.7,8.8,0.239,47.324,42,438,549
ETH/USDT,15m,0.3,0.05,0.01,16,5.0,1029,6.87,197.7,9.9,0.241,47.697,54,494,481
ETH/USDT,15m,0.3,0.05,0.01,20,5.0,1029,6.87,197.7,10.6,0.239,47.307,65,549,415
ETH/USDT,15m,0.3,0.05,0.01,24,5.0,1029,6.87,197.7,12.0,0.231,45.708,81,592,356
ETH/USDT,15m,0.3,0.05,0.01,36,5.0,1029,6.87,197.7,14.5,0.226,44.773,112,662,255
ETH/USDT,15m,0.3,0.05,0.01,48,5.0,1029,6.87,197.7,14.9,0.196,38.741,122,695,212
ETH/USDT,15m,0.3,0.05,0.015,4,3.3,1029,6.87,197.7,4.2,0.103,20.418,7,158,864
ETH/USDT,15m,0.3,0.05,0.015,6,3.3,1029,6.87,197.7,7.1,0.162,32.111,16,208,805
ETH/USDT,15m,0.3,0.05,0.015,8,3.3,1029,6.87,197.7,9.9,0.225,44.428,27,245,757
ETH/USDT,15m,0.3,0.05,0.015,12,3.3,1029,6.87,197.7,13.4,0.242,47.893,46,297,686
ETH/USDT,15m,0.3,0.05,0.015,16,3.3,1029,6.87,197.7,14.2,0.241,47.573,58,350,621
ETH/USDT,15m,0.3,0.05,0.015,20,3.3,1029,6.87,197.7,15.0,0.24,47.401,70,396,563
ETH/USDT,15m,0.3,0.05,0.015,24,3.3,1029,6.87,197.7,16.7,0.218,43.138,88,440,501
ETH/USDT,15m,0.3,0.05,0.015,36,3.3,1029,6.87,197.7,18.6,0.197,38.866,121,528,380
ETH/USDT,15m,0.3,0.05,0.015,48,3.3,1029,6.87,197.7,18.9,0.161,31.92,133,569,327
ETH/USDT,15m,0.3,0.05,0.02,4,2.5,1029,6.87,197.7,7.4,0.118,23.25,7,88,934
ETH/USDT,15m,0.3,0.05,0.02,6,2.5,1029,6.87,197.7,10.4,0.166,32.739,16,138,875
ETH/USDT,15m,0.3,0.05,0.02,8,2.5,1029,6.87,197.7,14.3,0.231,45.712,27,162,840
ETH/USDT,15m,0.3,0.05,0.02,12,2.5,1029,6.87,197.7,18.0,0.25,49.392,46,209,774
ETH/USDT,15m,0.3,0.05,0.02,16,2.5,1029,6.87,197.7,19.2,0.256,50.703,61,257,711
ETH/USDT,15m,0.3,0.05,0.02,20,2.5,1029,6.87,197.7,20.5,0.261,51.587,77,299,653
ETH/USDT,15m,0.3,0.05,0.02,24,2.5,1029,6.87,197.7,22.2,0.234,46.346,96,337,596
ETH/USDT,15m,0.3,0.05,0.02,36,2.5,1029,6.87,197.7,25.6,0.246,48.734,144,419,466
ETH/USDT,15m,0.3,0.05,0.02,48,2.5,1029,6.87,197.7,25.7,0.216,42.625,160,463,406
ETH/USDT,15m,0.3,0.05,0.025,4,2.0,1029,6.87,197.7,12.7,0.136,26.982,7,48,974
ETH/USDT,15m,0.3,0.05,0.025,6,2.0,1029,6.87,197.7,15.5,0.171,33.844,16,87,926
ETH/USDT,15m,0.3,0.05,0.025,8,2.0,1029,6.87,197.7,18.9,0.227,44.961,27,116,886
ETH/USDT,15m,0.3,0.05,0.025,12,2.0,1029,6.87,197.7,21.9,0.231,45.672,46,164,819
ETH/USDT,15m,0.3,0.05,0.025,16,2.0,1029,6.87,197.7,23.6,0.227,44.797,61,198,770
ETH/USDT,15m,0.3,0.05,0.025,20,2.0,1029,6.87,197.7,24.8,0.218,43.098,77,234,718
ETH/USDT,15m,0.3,0.05,0.025,24,2.0,1029,6.87,197.7,26.6,0.215,42.523,96,265,668
ETH/USDT,15m,0.3,0.05,0.025,36,2.0,1029,6.87,197.7,29.7,0.21,41.428,146,346,537
ETH/USDT,15m,0.3,0.05,0.025,48,2.0,1029,6.87,197.7,29.5,0.169,33.391,168,401,460
ETH/USDT,15m,0.3,0.075,0.008,4,9.4,1029,6.87,197.7,0.0,0.119,23.476,0,328,701
ETH/USDT,15m,0.3,0.075,0.008,6,9.4,1029,6.87,197.7,0.5,0.187,36.892,2,402,625
ETH/USDT,15m,0.3,0.075,0.008,8,9.4,1029,6.87,197.7,0.7,0.226,44.693,3,451,575
ETH/USDT,15m,0.3,0.075,0.008,12,9.4,1029,6.87,197.7,0.6,0.202,39.899,3,533,493
ETH/USDT,15m,0.3,0.075,0.008,16,9.4,1029,6.87,197.7,0.9,0.204,40.376,5,578,446
ETH/USDT,15m,0.3,0.075,0.008,20,9.4,1029,6.87,197.7,1.7,0.229,45.225,11,622,396
ETH/USDT,15m,0.3,0.075,0.008,24,9.4,1029,6.87,197.7,2.2,0.228,45.001,15,653,361
ETH/USDT,15m,0.3,0.075,0.008,36,9.4,1029,6.87,197.7,5.6,0.314,62.113,42,714,273
ETH/USDT,15m,0.3,0.075,0.008,48,9.4,1029,6.87,197.7,5.5,0.282,55.665,43,740,246
ETH/USDT,15m,0.3,0.075,0.01,4,7.5,1029,6.87,197.7,0.0,0.119,23.463,0,260,769
ETH/USDT,15m,0.3,0.075,0.01,6,7.5,1029,6.87,197.7,0.6,0.186,36.771,2,320,707
ETH/USDT,15m,0.3,0.075,0.01,8,7.5,1029,6.87,197.7,1.1,0.229,45.312,4,374,651
ETH/USDT,15m,0.3,0.075,0.01,12,7.5,1029,6.87,197.7,0.9,0.223,44.049,4,438,587
ETH/USDT,15m,0.3,0.075,0.01,16,7.5,1029,6.87,197.7,1.4,0.229,45.214,7,494,528
ETH/USDT,15m,0.3,0.075,0.01,20,7.5,1029,6.87,197.7,2.5,0.234,46.337,14,549,466
ETH/USDT,15m,0.3,0.075,0.01,24,7.5,1029,6.87,197.7,3.0,0.219,43.34,18,592,419
ETH/USDT,15m,0.3,0.075,0.01,36,7.5,1029,6.87,197.7,6.4,0.298,58.835,45,662,322
ETH/USDT,15m,0.3,0.075,0.01,48,7.5,1029,6.87,197.7,6.2,0.257,50.747,46,695,288
ETH/USDT,15m,0.3,0.075,0.015,4,5.0,1029,6.87,197.7,0.6,0.105,20.753,1,158,870
ETH/USDT,15m,0.3,0.075,0.015,6,5.0,1029,6.87,197.7,1.4,0.164,32.482,3,208,818
ETH/USDT,15m,0.3,0.075,0.015,8,5.0,1029,6.87,197.7,2.0,0.224,44.279,5,245,779
ETH/USDT,15m,0.3,0.075,0.015,12,5.0,1029,6.87,197.7,2.0,0.231,45.638,6,297,726
ETH/USDT,15m,0.3,0.075,0.015,16,5.0,1029,6.87,197.7,2.5,0.23,45.478,9,350,670
ETH/USDT,15m,0.3,0.075,0.015,20,5.0,1029,6.87,197.7,3.9,0.237,46.858,16,396,617
ETH/USDT,15m,0.3,0.075,0.015,24,5.0,1029,6.87,197.7,4.3,0.211,41.659,20,440,569
ETH/USDT,15m,0.3,0.075,0.015,36,5.0,1029,6.87,197.7,8.2,0.263,52.043,47,528,454
ETH/USDT,15m,0.3,0.075,0.015,48,5.0,1029,6.87,197.7,7.9,0.223,44.179,49,569,411
ETH/USDT,15m,0.3,0.075,0.02,4,3.8,1029,6.87,197.7,1.1,0.119,23.585,1,88,940
ETH/USDT,15m,0.3,0.075,0.02,6,3.8,1029,6.87,197.7,2.1,0.167,33.109,3,138,888
ETH/USDT,15m,0.3,0.075,0.02,8,3.8,1029,6.87,197.7,3.0,0.23,45.563,5,162,862
ETH/USDT,15m,0.3,0.075,0.02,12,3.8,1029,6.87,197.7,2.8,0.238,47.136,6,209,814
ETH/USDT,15m,0.3,0.075,0.02,16,3.8,1029,6.87,197.7,3.4,0.244,48.155,9,257,763
ETH/USDT,15m,0.3,0.075,0.02,20,3.8,1029,6.87,197.7,5.1,0.253,50.075,16,299,714
ETH/USDT,15m,0.3,0.075,0.02,24,3.8,1029,6.87,197.7,5.6,0.226,44.761,20,337,672
ETH/USDT,15m,0.3,0.075,0.02,36,3.8,1029,6.87,197.7,11.2,0.323,63.873,53,419,557
ETH/USDT,15m,0.3,0.075,0.02,48,3.8,1029,6.87,197.7,11.1,0.279,55.167,58,463,508
ETH/USDT,15m,0.3,0.075,0.025,4,3.0,1029,6.87,197.7,2.0,0.138,27.317,1,48,980
ETH/USDT,15m,0.3,0.075,0.025,6,3.0,1029,6.87,197.7,3.3,0.173,34.215,3,87,939
ETH/USDT,15m,0.3,0.075,0.025,8,3.0,1029,6.87,197.7,4.1,0.227,44.812,5,116,908
ETH/USDT,15m,0.3,0.075,0.025,12,3.0,1029,6.87,197.7,3.5,0.22,43.416,6,164,859
ETH/USDT,15m,0.3,0.075,0.025,16,3.0,1029,6.87,197.7,4.3,0.214,42.249,9,198,822
ETH/USDT,15m,0.3,0.075,0.025,20,3.0,1029,6.87,197.7,6.4,0.21,41.585,16,234,779
ETH/USDT,15m,0.3,0.075,0.025,24,3.0,1029,6.87,197.7,7.0,0.207,40.939,20,265,744
ETH/USDT,15m,0.3,0.075,0.025,36,3.0,1029,6.87,197.7,13.3,0.287,56.753,53,346,630
ETH/USDT,15m,0.3,0.075,0.025,48,3.0,1029,6.87,197.7,13.0,0.238,47.017,60,401,568
ETH/USDT,15m,0.3,0.1,0.008,4,12.5,1029,6.87,197.7,0.0,0.119,23.476,0,328,701
ETH/USDT,15m,0.3,0.1,0.008,6,12.5,1029,6.87,197.7,0.0,0.185,36.592,0,402,627
ETH/USDT,15m,0.3,0.1,0.008,8,12.5,1029,6.87,197.7,0.2,0.227,44.797,1,451,577
ETH/USDT,15m,0.3,0.1,0.008,12,12.5,1029,6.87,197.7,0.2,0.199,39.389,1,533,495
ETH/USDT,15m,0.3,0.1,0.008,16,12.5,1029,6.87,197.7,0.2,0.199,39.333,1,578,450
ETH/USDT,15m,0.3,0.1,0.008,20,12.5,1029,6.87,197.7,0.2,0.217,42.979,1,622,406
ETH/USDT,15m,0.3,0.1,0.008,24,12.5,1029,6.87,197.7,0.3,0.215,42.417,2,653,374
ETH/USDT,15m,0.3,0.1,0.008,36,12.5,1029,6.87,197.7,0.8,0.308,60.813,6,714,309
ETH/USDT,15m,0.3,0.1,0.008,48,12.5,1029,6.87,197.7,1.3,0.28,55.38,10,740,279
ETH/USDT,15m,0.3,0.1,0.01,4,10.0,1029,6.87,197.7,0.0,0.119,23.463,0,260,769
ETH/USDT,15m,0.3,0.1,0.01,6,10.0,1029,6.87,197.7,0.0,0.184,36.471,0,320,709
ETH/USDT,15m,0.3,0.1,0.01,8,10.0,1029,6.87,197.7,0.5,0.232,45.896,2,374,653
ETH/USDT,15m,0.3,0.1,0.01,12,10.0,1029,6.87,197.7,0.5,0.223,44.019,2,438,589
ETH/USDT,15m,0.3,0.1,0.01,16,10.0,1029,6.87,197.7,0.4,0.223,44.057,2,494,533
ETH/USDT,15m,0.3,0.1,0.01,20,10.0,1029,6.87,197.7,0.4,0.22,43.519,2,549,478
ETH/USDT,15m,0.3,0.1,0.01,24,10.0,1029,6.87,197.7,0.5,0.205,40.622,3,592,434
ETH/USDT,15m,0.3,0.1,0.01,36,10.0,1029,6.87,197.7,1.0,0.289,57.048,7,662,360
ETH/USDT,15m,0.3,0.1,0.01,48,10.0,1029,6.87,197.7,1.6,0.253,50.054,11,695,323
ETH/USDT,15m,0.3,0.1,0.015,4,6.7,1029,6.87,197.7,0.0,0.105,20.672,0,158,871
ETH/USDT,15m,0.3,0.1,0.015,6,6.7,1029,6.87,197.7,0.0,0.164,32.388,0,208,821
ETH/USDT,15m,0.3,0.1,0.015,8,6.7,1029,6.87,197.7,1.2,0.229,45.344,3,245,781
ETH/USDT,15m,0.3,0.1,0.015,12,6.7,1029,6.87,197.7,1.0,0.233,46.116,3,297,729
ETH/USDT,15m,0.3,0.1,0.015,16,6.7,1029,6.87,197.7,0.8,0.225,44.529,3,350,676
ETH/USDT,15m,0.3,0.1,0.015,20,6.7,1029,6.87,197.7,0.8,0.222,43.96,3,396,630
ETH/USDT,15m,0.3,0.1,0.015,24,6.7,1029,6.87,197.7,0.9,0.197,38.972,4,440,585
ETH/USDT,15m,0.3,0.1,0.015,36,6.7,1029,6.87,197.7,1.5,0.255,50.469,8,528,493
ETH/USDT,15m,0.3,0.1,0.015,48,6.7,1029,6.87,197.7,2.1,0.223,44.017,12,569,448
ETH/USDT,15m,0.3,0.1,0.02,4,5.0,1029,6.87,197.7,0.0,0.119,23.504,0,88,941
ETH/USDT,15m,0.3,0.1,0.02,6,5.0,1029,6.87,197.7,0.0,0.167,33.015,0,138,891
ETH/USDT,15m,0.3,0.1,0.02,8,5.0,1029,6.87,197.7,1.8,0.236,46.628,3,162,864
ETH/USDT,15m,0.3,0.1,0.02,12,5.0,1029,6.87,197.7,1.4,0.241,47.614,3,209,817
ETH/USDT,15m,0.3,0.1,0.02,16,5.0,1029,6.87,197.7,1.2,0.239,47.207,3,257,769
ETH/USDT,15m,0.3,0.1,0.02,20,5.0,1029,6.87,197.7,1.0,0.239,47.177,3,299,727
ETH/USDT,15m,0.3,0.1,0.02,24,5.0,1029,6.87,197.7,1.2,0.213,42.075,4,337,688
ETH/USDT,15m,0.3,0.1,0.02,36,5.0,1029,6.87,197.7,1.9,0.312,61.763,8,419,602
ETH/USDT,15m,0.3,0.1,0.02,48,5.0,1029,6.87,197.7,2.9,0.282,55.669,14,463,552
ETH/USDT,15m,0.3,0.1,0.025,4,4.0,1029,6.87,197.7,0.0,0.138,27.236,0,48,981
ETH/USDT,15m,0.3,0.1,0.025,6,4.0,1029,6.87,197.7,0.0,0.173,34.121,0,87,942
ETH/USDT,15m,0.3,0.1,0.025,8,4.0,1029,6.87,197.7,2.5,0.232,45.877,3,116,910
ETH/USDT,15m,0.3,0.1,0.025,12,4.0,1029,6.87,197.7,1.8,0.222,43.895,3,164,862
ETH/USDT,15m,0.3,0.1,0.025,16,4.0,1029,6.87,197.7,1.5,0.209,41.301,3,198,828
ETH/USDT,15m,0.3,0.1,0.025,20,4.0,1029,6.87,197.7,1.3,0.196,38.688,3,234,792
ETH/USDT,15m,0.3,0.1,0.025,24,4.0,1029,6.87,197.7,1.5,0.193,38.252,4,265,760
ETH/USDT,15m,0.3,0.1,0.025,36,4.0,1029,6.87,197.7,2.3,0.276,54.644,8,346,675
ETH/USDT,15m,0.3,0.1,0.025,48,4.0,1029,6.87,197.7,3.4,0.24,47.509,14,401,614
ETH/USDT,15m,0.35,0.01,0.008,4,1.2,734,4.9,141.1,50.1,0.085,11.963,244,243,247
ETH/USDT,15m,0.35,0.01,0.008,6,1.2,734,4.9,141.1,51.2,0.101,14.315,288,275,171
ETH/USDT,15m,0.35,0.01,0.008,8,1.2,734,4.9,141.1,51.6,0.113,15.988,312,293,129
ETH/USDT,15m,0.35,0.01,0.008,12,1.2,734,4.9,141.1,51.0,0.114,16.074,341,327,66
ETH/USDT,15m,0.35,0.01,0.008,16,1.2,734,4.9,141.1,51.1,0.111,15.624,350,335,49
ETH/USDT,15m,0.35,0.01,0.008,20,1.2,734,4.9,141.1,50.5,0.103,14.517,354,347,33
ETH/USDT,15m,0.35,0.01,0.008,24,1.2,734,4.9,141.1,50.2,0.098,13.851,357,354,23
ETH/USDT,15m,0.35,0.01,0.008,36,1.2,734,4.9,141.1,49.7,0.093,13.129,359,364,11
ETH/USDT,15m,0.35,0.01,0.008,48,1.2,734,4.9,141.1,49.6,0.091,12.879,360,366,8
ETH/USDT,15m,0.35,0.015,0.008,4,1.9,734,4.9,141.1,37.5,0.131,18.448,153,255,326
ETH/USDT,15m,0.35,0.015,0.008,6,1.9,734,4.9,141.1,40.6,0.166,23.413,200,293,241
ETH/USDT,15m,0.35,0.015,0.008,8,1.9,734,4.9,141.1,43.8,0.199,28.015,243,312,179
ETH/USDT,15m,0.35,0.015,0.008,12,1.9,734,4.9,141.1,43.4,0.211,29.724,271,353,110
ETH/USDT,15m,0.35,0.015,0.008,16,1.9,734,4.9,141.1,44.1,0.217,30.637,286,363,85
ETH/USDT,15m,0.35,0.015,0.008,20,1.9,734,4.9,141.1,43.8,0.205,28.891,294,378,62
ETH/USDT,15m,0.35,0.015,0.008,24,1.9,734,4.9,141.1,43.4,0.194,27.311,297,388,49
ETH/USDT,15m,0.35,0.015,0.008,36,1.9,734,4.9,141.1,43.0,0.192,27.082,305,405,24
ETH/USDT,15m,0.35,0.015,0.008,48,1.9,734,4.9,141.1,42.8,0.185,26.109,307,411,16
ETH/USDT,15m,0.35,0.015,0.01,4,1.5,734,4.9,141.1,43.4,0.131,18.494,160,209,365
ETH/USDT,15m,0.35,0.015,0.01,6,1.5,734,4.9,141.1,46.6,0.171,24.176,211,242,281
ETH/USDT,15m,0.35,0.015,0.01,8,1.5,734,4.9,141.1,49.5,0.206,29.034,260,265,209
ETH/USDT,15m,0.35,0.015,0.01,12,1.5,734,4.9,141.1,50.0,0.228,32.221,292,292,150
ETH/USDT,15m,0.35,0.015,0.01,16,1.5,734,4.9,141.1,50.4,0.236,33.314,311,306,117
ETH/USDT,15m,0.35,0.015,0.01,20,1.5,734,4.9,141.1,49.7,0.218,30.785,320,324,90
ETH/USDT,15m,0.35,0.015,0.01,24,1.5,734,4.9,141.1,48.9,0.204,28.705,325,339,70
ETH/USDT,15m,0.35,0.015,0.01,36,1.5,734,4.9,141.1,47.9,0.196,27.662,333,362,39
ETH/USDT,15m,0.35,0.015,0.01,48,1.5,734,4.9,141.1,47.7,0.19,26.805,337,370,27
ETH/USDT,15m,0.35,0.02,0.008,4,2.5,734,4.9,141.1,26.2,0.144,20.288,93,262,379
ETH/USDT,15m,0.35,0.02,0.008,6,2.5,734,4.9,141.1,31.8,0.198,27.989,141,303,290
ETH/USDT,15m,0.35,0.02,0.008,8,2.5,734,4.9,141.1,35.4,0.247,34.854,179,326,229
ETH/USDT,15m,0.35,0.02,0.008,12,2.5,734,4.9,141.1,36.3,0.263,37.046,213,373,148
ETH/USDT,15m,0.35,0.02,0.008,16,2.5,734,4.9,141.1,37.6,0.279,39.295,233,387,114
ETH/USDT,15m,0.35,0.02,0.008,20,2.5,734,4.9,141.1,37.5,0.276,38.922,242,403,89
ETH/USDT,15m,0.35,0.02,0.008,24,2.5,734,4.9,141.1,37.8,0.267,37.646,252,414,68
ETH/USDT,15m,0.35,0.02,0.008,36,2.5,734,4.9,141.1,37.2,0.255,36.033,260,438,36
ETH/USDT,15m,0.35,0.02,0.008,48,2.5,734,4.9,141.1,37.2,0.253,35.72,263,444,27
ETH/USDT,15m,0.35,0.02,0.01,4,2.0,734,4.9,141.1,31.3,0.146,20.6,98,215,421
ETH/USDT,15m,0.35,0.02,0.01,6,2.0,734,4.9,141.1,37.2,0.204,28.833,149,252,333
ETH/USDT,15m,0.35,0.02,0.01,8,2.0,734,4.9,141.1,40.3,0.253,35.647,188,279,267
ETH/USDT,15m,0.35,0.02,0.01,12,2.0,734,4.9,141.1,42.0,0.275,38.73,227,313,194
ETH/USDT,15m,0.35,0.02,0.01,16,2.0,734,4.9,141.1,43.2,0.295,41.642,251,330,153
ETH/USDT,15m,0.35,0.02,0.01,20,2.0,734,4.9,141.1,42.9,0.285,40.245,262,349,123
ETH/USDT,15m,0.35,0.02,0.01,24,2.0,734,4.9,141.1,42.7,0.275,38.789,274,367,93
ETH/USDT,15m,0.35,0.02,0.01,36,2.0,734,4.9,141.1,41.6,0.253,35.743,283,398,53
ETH/USDT,15m,0.35,0.02,0.01,48,2.0,734,4.9,141.1,41.4,0.25,35.284,288,407,39
ETH/USDT,15m,0.35,0.02,0.015,4,1.3,734,4.9,141.1,43.4,0.129,18.148,102,133,499
ETH/USDT,15m,0.35,0.02,0.015,6,1.3,734,4.9,141.1,47.8,0.18,25.37,154,168,412
ETH/USDT,15m,0.35,0.02,0.015,8,1.3,734,4.9,141.1,51.0,0.251,35.413,200,192,342
ETH/USDT,15m,0.35,0.02,0.015,12,1.3,734,4.9,141.1,52.9,0.281,39.63,245,218,271
ETH/USDT,15m,0.35,0.02,0.015,16,1.3,734,4.9,141.1,53.7,0.311,43.913,277,239,218
ETH/USDT,15m,0.35,0.02,0.015,20,1.3,734,4.9,141.1,53.3,0.31,43.717,294,258,182
ETH/USDT,15m,0.35,0.02,0.015,24,1.3,734,4.9,141.1,53.2,0.295,41.586,310,273,151
ETH/USDT,15m,0.35,0.02,0.015,36,1.3,734,4.9,141.1,50.8,0.259,36.558,329,319,86
ETH/USDT,15m,0.35,0.02,0.015,48,1.3,734,4.9,141.1,50.0,0.244,34.454,337,337,60
ETH/USDT,15m,0.35,0.025,0.008,4,3.1,734,4.9,141.1,18.1,0.15,21.211,58,263,413
ETH/USDT,15m,0.35,0.025,0.008,6,3.1,734,4.9,141.1,22.6,0.203,28.619,90,309,335
ETH/USDT,15m,0.35,0.025,0.008,8,3.1,734,4.9,141.1,25.7,0.264,37.286,116,336,282
ETH/USDT,15m,0.35,0.025,0.008,12,3.1,734,4.9,141.1,29.4,0.284,39.994,161,386,187
ETH/USDT,15m,0.35,0.025,0.008,16,3.1,734,4.9,141.1,30.5,0.306,43.159,176,401,157
ETH/USDT,15m,0.35,0.025,0.008,20,3.1,734,4.9,141.1,31.9,0.309,43.575,197,421,116
ETH/USDT,15m,0.35,0.025,0.008,24,3.1,734,4.9,141.1,31.8,0.292,41.234,203,435,96
ETH/USDT,15m,0.35,0.025,0.008,36,3.1,734,4.9,141.1,31.6,0.28,39.557,213,462,59
ETH/USDT,15m,0.35,0.025,0.008,48,3.1,734,4.9,141.1,31.6,0.274,38.608,218,471,45
ETH/USDT,15m,0.35,0.025,0.01,4,2.5,734,4.9,141.1,22.3,0.155,21.809,62,216,456
ETH/USDT,15m,0.35,0.025,0.01,6,2.5,734,4.9,141.1,27.5,0.213,30.107,97,256,381
ETH/USDT,15m,0.35,0.025,0.01,8,2.5,734,4.9,141.1,30.1,0.271,38.254,124,288,322
ETH/USDT,15m,0.35,0.025,0.01,12,2.5,734,4.9,141.1,34.5,0.294,41.536,172,326,236
ETH/USDT,15m,0.35,0.025,0.01,16,2.5,734,4.9,141.1,35.6,0.321,45.32,191,345,198
ETH/USDT,15m,0.35,0.025,0.01,20,2.5,734,4.9,141.1,36.8,0.317,44.783,215,369,150
ETH/USDT,15m,0.35,0.025,0.01,24,2.5,734,4.9,141.1,36.4,0.3,42.353,223,389,122
ETH/USDT,15m,0.35,0.025,0.01,36,2.5,734,4.9,141.1,35.6,0.278,39.21,234,424,76
ETH/USDT,15m,0.35,0.025,0.01,48,2.5,734,4.9,141.1,35.6,0.271,38.183,240,435,59
ETH/USDT,15m,0.35,0.025,0.015,4,1.7,734,4.9,141.1,32.7,0.137,19.36,65,134,535
ETH/USDT,15m,0.35,0.025,0.015,6,1.7,734,4.9,141.1,37.1,0.19,26.781,101,171,462
ETH/USDT,15m,0.35,0.025,0.015,8,1.7,734,4.9,141.1,39.6,0.269,37.946,130,198,406
ETH/USDT,15m,0.35,0.025,0.015,12,1.7,734,4.9,141.1,44.7,0.297,41.961,186,230,318
ETH/USDT,15m,0.35,0.025,0.015,16,1.7,734,4.9,141.1,45.4,0.332,46.898,211,254,269
ETH/USDT,15m,0.35,0.025,0.015,20,1.7,734,4.9,141.1,46.8,0.342,48.279,243,276,215
ETH/USDT,15m,0.35,0.025,0.015,24,1.7,734,4.9,141.1,46.4,0.323,45.615,254,293,187
ETH/USDT,15m,0.35,0.025,0.015,36,1.7,734,4.9,141.1,44.4,0.297,41.836,274,343,117
ETH/USDT,15m,0.35,0.025,0.015,48,1.7,734,4.9,141.1,44.1,0.284,40.11,285,361,88
ETH/USDT,15m,0.35,0.025,0.02,4,1.2,734,4.9,141.1,46.8,0.158,22.286,66,75,593
ETH/USDT,15m,0.35,0.025,0.02,6,1.2,734,4.9,141.1,47.7,0.211,29.701,105,115,514
ETH/USDT,15m,0.35,0.025,0.02,8,1.2,734,4.9,141.1,50.5,0.299,42.129,138,135,461
ETH/USDT,15m,0.35,0.025,0.02,12,1.2,734,4.9,141.1,54.2,0.319,45.044,199,168,367
ETH/USDT,15m,0.35,0.025,0.02,16,1.2,734,4.9,141.1,53.8,0.359,50.63,225,193,316
ETH/USDT,15m,0.35,0.025,0.02,20,1.2,734,4.9,141.1,54.8,0.367,51.717,261,215,258
ETH/USDT,15m,0.35,0.025,0.02,24,1.2,734,4.9,141.1,54.2,0.333,47.001,275,232,227
ETH/USDT,15m,0.35,0.025,0.02,36,1.2,734,4.9,141.1,51.6,0.297,41.885,299,280,155
ETH/USDT,15m,0.35,0.025,0.02,48,1.2,734,4.9,141.1,50.9,0.281,39.647,311,300,123
ETH/USDT,15m,0.35,0.03,0.008,4,3.8,734,4.9,141.1,10.5,0.143,20.192,31,263,440
ETH/USDT,15m,0.35,0.03,0.008,6,3.8,734,4.9,141.1,16.7,0.215,30.394,62,309,363
ETH/USDT,15m,0.35,0.03,0.008,8,3.8,734,4.9,141.1,20.4,0.281,39.565,87,339,308
ETH/USDT,15m,0.35,0.03,0.008,12,3.8,734,4.9,141.1,24.7,0.312,44.02,128,391,215
ETH/USDT,15m,0.35,0.03,0.008,16,3.8,734,4.9,141.1,25.7,0.325,45.862,142,411,181
ETH/USDT,15m,0.35,0.03,0.008,20,3.8,734,4.9,141.1,27.3,0.331,46.672,164,436,134
ETH/USDT,15m,0.35,0.03,0.008,24,3.8,734,4.9,141.1,27.4,0.312,43.953,171,452,111
ETH/USDT,15m,0.35,0.03,0.008,36,3.8,734,4.9,141.1,27.2,0.294,41.406,180,481,73
ETH/USDT,15m,0.35,0.03,0.008,48,3.8,734,4.9,141.1,27.0,0.274,38.657,182,493,59
ETH/USDT,15m,0.35,0.03,0.01,4,3.0,734,4.9,141.1,12.9,0.146,20.541,32,216,486
ETH/USDT,15m,0.35,0.03,0.01,6,3.0,734,4.9,141.1,20.2,0.22,31.005,65,256,413
ETH/USDT,15m,0.35,0.03,0.01,8,3.0,734,4.9,141.1,23.6,0.28,39.523,90,291,353
ETH/USDT,15m,0.35,0.03,0.01,12,3.0,734,4.9,141.1,29.2,0.322,45.489,136,330,268
ETH/USDT,15m,0.35,0.03,0.01,16,3.0,734,4.9,141.1,29.9,0.338,47.662,151,354,229
ETH/USDT,15m,0.35,0.03,0.01,20,3.0,734,4.9,141.1,31.4,0.336,47.409,176,384,174
ETH/USDT,15m,0.35,0.03,0.01,24,3.0,734,4.9,141.1,31.2,0.311,43.868,184,405,145
ETH/USDT,15m,0.35,0.03,0.01,36,3.0,734,4.9,141.1,30.7,0.295,41.552,195,441,98
ETH/USDT,15m,0.35,0.03,0.01,48,3.0,734,4.9,141.1,30.4,0.268,37.845,199,456,79
ETH/USDT,15m,0.35,0.03,0.015,4,2.0,734,4.9,141.1,20.2,0.13,18.279,34,134,566
ETH/USDT,15m,0.35,0.03,0.015,6,2.0,734,4.9,141.1,28.5,0.196,27.592,68,171,495
ETH/USDT,15m,0.35,0.03,0.015,8,2.0,734,4.9,141.1,32.1,0.278,39.19,94,199,441
ETH/USDT,15m,0.35,0.03,0.015,12,2.0,734,4.9,141.1,37.6,0.314,44.254,141,234,359
ETH/USDT,15m,0.35,0.03,0.015,16,2.0,734,4.9,141.1,37.6,0.328,46.286,158,262,314
ETH/USDT,15m,0.35,0.03,0.015,20,2.0,734,4.9,141.1,38.9,0.326,45.97,184,289,261
ETH/USDT,15m,0.35,0.03,0.015,24,2.0,734,4.9,141.1,38.2,0.279,39.349,193,312,229
ETH/USDT,15m,0.35,0.03,0.015,36,2.0,734,4.9,141.1,36.6,0.255,35.953,212,368,154
ETH/USDT,15m,0.35,0.03,0.015,48,2.0,734,4.9,141.1,36.0,0.204,28.77,219,389,126
ETH/USDT,15m,0.35,0.03,0.02,4,1.5,734,4.9,141.1,31.2,0.15,21.201,34,75,625
ETH/USDT,15m,0.35,0.03,0.02,6,1.5,734,4.9,141.1,37.8,0.212,29.918,70,115,549
ETH/USDT,15m,0.35,0.03,0.02,8,1.5,734,4.9,141.1,41.5,0.3,42.308,97,137,500
ETH/USDT,15m,0.35,0.03,0.02,12,1.5,734,4.9,141.1,46.3,0.331,46.633,149,173,412
ETH/USDT,15m,0.35,0.03,0.02,16,1.5,734,4.9,141.1,46.1,0.354,49.928,171,200,363
ETH/USDT,15m,0.35,0.03,0.02,20,1.5,734,4.9,141.1,46.9,0.352,49.706,200,226,308
ETH/USDT,15m,0.35,0.03,0.02,24,1.5,734,4.9,141.1,46.1,0.287,40.448,211,247,276
ETH/USDT,15m,0.35,0.03,0.02,36,1.5,734,4.9,141.1,43.5,0.245,34.602,235,305,194
ETH/USDT,15m,0.35,0.03,0.02,48,1.5,734,4.9,141.1,42.6,0.191,26.982,243,327,164
ETH/USDT,15m,0.35,0.03,0.025,4,1.2,734,4.9,141.1,45.5,0.18,25.332,35,42,657
ETH/USDT,15m,0.35,0.03,0.025,6,1.2,734,4.9,141.1,49.7,0.226,31.879,71,72,591
ETH/USDT,15m,0.35,0.03,0.025,8,1.2,734,4.9,141.1,50.8,0.303,42.681,100,97,537
ETH/USDT,15m,0.35,0.03,0.025,12,1.2,734,4.9,141.1,52.8,0.315,44.432,152,136,446
ETH/USDT,15m,0.35,0.03,0.025,16,1.2,734,4.9,141.1,51.5,0.325,45.866,174,164,396
ETH/USDT,15m,0.35,0.03,0.025,20,1.2,734,4.9,141.1,52.5,0.306,43.164,203,184,347
ETH/USDT,15m,0.35,0.03,0.025,24,1.2,734,4.9,141.1,51.2,0.246,34.687,214,204,316
ETH/USDT,15m,0.35,0.03,0.025,36,1.2,734,4.9,141.1,47.9,0.158,22.23,241,262,231
ETH/USDT,15m,0.35,0.03,0.025,48,1.2,734,4.9,141.1,46.0,0.076,10.778,250,294,190
ETH/USDT,15m,0.35,0.04,0.008,4,5.0,734,4.9,141.1,5.1,0.15,21.197,14,263,457
ETH/USDT,15m,0.35,0.04,0.008,6,5.0,734,4.9,141.1,9.1,0.226,31.936,31,309,394
ETH/USDT,15m,0.35,0.04,0.008,8,5.0,734,4.9,141.1,11.7,0.288,40.571,45,340,349
ETH/USDT,15m,0.35,0.04,0.008,12,5.0,734,4.9,141.1,13.1,0.29,40.97,60,398,276
ETH/USDT,15m,0.35,0.04,0.008,16,5.0,734,4.9,141.1,14.1,0.292,41.23,69,422,243
ETH/USDT,15m,0.35,0.04,0.008,20,5.0,734,4.9,141.1,16.0,0.303,42.685,86,453,195
ETH/USDT,15m,0.35,0.04,0.008,24,5.0,734,4.9,141.1,18.2,0.297,41.95,105,472,157
ETH/USDT,15m,0.35,0.04,0.008,36,5.0,734,4.9,141.1,18.9,0.292,41.142,117,502,115
ETH/USDT,15m,0.35,0.04,0.008,48,5.0,734,4.9,141.1,19.4,0.27,38.126,124,516,94
ETH/USDT,15m,0.35,0.04,0.01,4,4.0,734,4.9,141.1,6.5,0.154,21.738,15,216,503
ETH/USDT,15m,0.35,0.04,0.01,6,4.0,734,4.9,141.1,11.1,0.231,32.628,32,256,446
ETH/USDT,15m,0.35,0.04,0.01,8,4.0,734,4.9,141.1,13.9,0.29,40.855,47,292,395
ETH/USDT,15m,0.35,0.04,0.01,12,4.0,734,4.9,141.1,16.8,0.31,43.707,68,337,329
ETH/USDT,15m,0.35,0.04,0.01,16,4.0,734,4.9,141.1,17.4,0.313,44.084,77,365,292
ETH/USDT,15m,0.35,0.04,0.01,20,4.0,734,4.9,141.1,19.4,0.316,44.594,96,400,238
ETH/USDT,15m,0.35,0.04,0.01,24,4.0,734,4.9,141.1,21.3,0.301,42.509,115,425,194
ETH/USDT,15m,0.35,0.04,0.01,36,4.0,734,4.9,141.1,21.7,0.297,41.942,128,462,144
ETH/USDT,15m,0.35,0.04,0.01,48,4.0,734,4.9,141.1,22.4,0.276,38.914,138,479,117
ETH/USDT,15m,0.35,0.04,0.015,4,2.7,734,4.9,141.1,10.7,0.137,19.383,16,134,584
ETH/USDT,15m,0.35,0.04,0.015,6,2.7,734,4.9,141.1,16.2,0.205,28.98,33,171,530
ETH/USDT,15m,0.35,0.04,0.015,8,2.7,734,4.9,141.1,19.7,0.286,40.328,49,200,485
ETH/USDT,15m,0.35,0.04,0.015,12,2.7,734,4.9,141.1,23.4,0.306,43.207,72,236,426
ETH/USDT,15m,0.35,0.04,0.015,16,2.7,734,4.9,141.1,22.9,0.3,42.304,81,272,381
ETH/USDT,15m,0.35,0.04,0.015,20,2.7,734,4.9,141.1,25.0,0.306,43.092,101,303,330
ETH/USDT,15m,0.35,0.04,0.015,24,2.7,734,4.9,141.1,26.7,0.267,37.624,120,329,285
ETH/USDT,15m,0.35,0.04,0.015,36,2.7,734,4.9,141.1,26.5,0.257,36.19,140,389,205
ETH/USDT,15m,0.35,0.04,0.015,48,2.7,734,4.9,141.1,27.0,0.207,29.225,152,411,171
ETH/USDT,15m,0.35,0.04,0.02,4,2.0,734,4.9,141.1,17.6,0.158,22.305,16,75,643
ETH/USDT,15m,0.35,0.04,0.02,6,2.0,734,4.9,141.1,22.3,0.219,30.837,33,115,586
ETH/USDT,15m,0.35,0.04,0.02,8,2.0,734,4.9,141.1,26.3,0.3,42.331,49,137,548
ETH/USDT,15m,0.35,0.04,0.02,12,2.0,734,4.9,141.1,29.4,0.316,44.582,73,175,486
ETH/USDT,15m,0.35,0.04,0.02,16,2.0,734,4.9,141.1,29.5,0.325,45.849,87,208,439
ETH/USDT,15m,0.35,0.04,0.02,20,2.0,734,4.9,141.1,31.8,0.327,46.155,110,236,388
ETH/USDT,15m,0.35,0.04,0.02,24,2.0,734,4.9,141.1,33.3,0.272,38.343,130,260,344
ETH/USDT,15m,0.35,0.04,0.02,36,2.0,734,4.9,141.1,33.2,0.27,38.125,160,322,252
ETH/USDT,15m,0.35,0.04,0.02,48,2.0,734,4.9,141.1,33.4,0.219,30.91,173,345,216
ETH/USDT,15m,0.35,0.04,0.025,4,1.6,734,4.9,141.1,27.6,0.186,26.305,16,42,676
ETH/USDT,15m,0.35,0.04,0.025,6,1.6,734,4.9,141.1,31.4,0.231,32.518,33,72,629
ETH/USDT,15m,0.35,0.04,0.025,8,1.6,734,4.9,141.1,33.6,0.3,42.307,49,97,588
ETH/USDT,15m,0.35,0.04,0.025,12,1.6,734,4.9,141.1,34.6,0.296,41.783,73,138,523
ETH/USDT,15m,0.35,0.04,0.025,16,1.6,734,4.9,141.1,34.4,0.289,40.79,87,166,481
ETH/USDT,15m,0.35,0.04,0.025,20,1.6,734,4.9,141.1,37.0,0.285,40.166,110,187,437
ETH/USDT,15m,0.35,0.04,0.025,24,1.6,734,4.9,141.1,38.5,0.257,36.256,131,209,394
ETH/USDT,15m,0.35,0.04,0.025,36,1.6,734,4.9,141.1,38.1,0.222,31.33,167,271,296
ETH/USDT,15m,0.35,0.04,0.025,48,1.6,734,4.9,141.1,37.8,0.152,21.379,184,303,247
ETH/USDT,15m,0.35,0.05,0.008,4,6.2,734,4.9,141.1,1.9,0.154,21.745,5,263,466
ETH/USDT,15m,0.35,0.05,0.008,6,6.2,734,4.9,141.1,4.3,0.231,32.627,14,309,411
ETH/USDT,15m,0.35,0.05,0.008,8,6.2,734,4.9,141.1,5.6,0.294,41.434,20,340,374
ETH/USDT,15m,0.35,0.05,0.008,12,6.2,734,4.9,141.1,7.2,0.284,40.019,31,399,304
ETH/USDT,15m,0.35,0.05,0.008,16,6.2,734,4.9,141.1,8.4,0.292,41.134,39,424,271
ETH/USDT,15m,0.35,0.05,0.008,20,6.2,734,4.9,141.1,9.7,0.307,43.349,49,457,228
ETH/USDT,15m,0.35,0.05,0.008,24,6.2,734,4.9,141.1,11.8,0.325,45.828,64,477,193
ETH/USDT,15m,0.35,0.05,0.008,36,6.2,734,4.9,141.1,14.9,0.344,48.564,89,508,137
ETH/USDT,15m,0.35,0.05,0.008,48,6.2,734,4.9,141.1,15.3,0.321,45.343,94,522,118
ETH/USDT,15m,0.35,0.05,0.01,4,5.0,734,4.9,141.1,2.3,0.157,22.162,5,216,513
ETH/USDT,15m,0.35,0.05,0.01,6,5.0,734,4.9,141.1,5.2,0.235,33.147,14,256,464
ETH/USDT,15m,0.35,0.05,0.01,8,5.0,734,4.9,141.1,7.0,0.298,42.102,22,292,420
ETH/USDT,15m,0.35,0.05,0.01,12,5.0,734,4.9,141.1,9.4,0.305,43.047,35,338,361
ETH/USDT,15m,0.35,0.05,0.01,16,5.0,734,4.9,141.1,10.9,0.309,43.637,45,367,322
ETH/USDT,15m,0.35,0.05,0.01,20,5.0,734,4.9,141.1,12.0,0.312,44.041,55,405,274
ETH/USDT,15m,0.35,0.05,0.01,24,5.0,734,4.9,141.1,13.9,0.312,43.995,70,432,232
ETH/USDT,15m,0.35,0.05,0.01,36,5.0,734,4.9,141.1,16.9,0.331,46.634,96,472,166
ETH/USDT,15m,0.35,0.05,0.01,48,5.0,734,4.9,141.1,17.1,0.304,42.892,101,489,144
ETH/USDT,15m,0.35,0.05,0.015,4,3.3,734,4.9,141.1,4.3,0.142,19.999,6,134,594
ETH/USDT,15m,0.35,0.05,0.015,6,3.3,734,4.9,141.1,8.1,0.211,29.691,15,171,548
ETH/USDT,15m,0.35,0.05,0.015,8,3.3,734,4.9,141.1,10.7,0.297,41.959,24,200,510
ETH/USDT,15m,0.35,0.05,0.015,12,3.3,734,4.9,141.1,13.9,0.309,43.548,38,236,460
ETH/USDT,15m,0.35,0.05,0.015,16,3.3,734,4.9,141.1,15.0,0.306,43.184,48,272,414
ETH/USDT,15m,0.35,0.05,0.015,20,3.3,734,4.9,141.1,16.3,0.309,43.636,59,304,371
ETH/USDT,15m,0.35,0.05,0.015,24,3.3,734,4.9,141.1,18.4,0.293,41.261,75,332,327
ETH/USDT,15m,0.35,0.05,0.015,36,3.3,734,4.9,141.1,20.7,0.291,41.086,103,395,236
ETH/USDT,15m,0.35,0.05,0.015,48,3.3,734,4.9,141.1,20.9,0.256,36.15,110,417,207
ETH/USDT,15m,0.35,0.05,0.02,4,2.5,734,4.9,141.1,7.4,0.163,22.921,6,75,653
ETH/USDT,15m,0.35,0.05,0.02,6,2.5,734,4.9,141.1,11.5,0.224,31.549,15,115,604
ETH/USDT,15m,0.35,0.05,0.02,8,2.5,734,4.9,141.1,14.9,0.312,43.962,24,137,573
ETH/USDT,15m,0.35,0.05,0.02,12,2.5,734,4.9,141.1,17.8,0.317,44.724,38,175,521
ETH/USDT,15m,0.35,0.05,0.02,16,2.5,734,4.9,141.1,19.7,0.332,46.849,51,208,475
ETH/USDT,15m,0.35,0.05,0.02,20,2.5,734,4.9,141.1,21.5,0.335,47.218,65,237,432
ETH/USDT,15m,0.35,0.05,0.02,24,2.5,734,4.9,141.1,23.7,0.304,42.94,81,261,392
ETH/USDT,15m,0.35,0.05,0.02,36,2.5,734,4.9,141.1,27.2,0.336,47.459,121,324,289
ETH/USDT,15m,0.35,0.05,0.02,48,2.5,734,4.9,141.1,27.4,0.314,44.24,131,347,256
ETH/USDT,15m,0.35,0.05,0.025,4,2.0,734,4.9,141.1,12.5,0.191,26.921,6,42,686
ETH/USDT,15m,0.35,0.05,0.025,6,2.0,734,4.9,141.1,17.2,0.236,33.229,15,72,647
ETH/USDT,15m,0.35,0.05,0.025,8,2.0,734,4.9,141.1,19.8,0.312,43.939,24,97,613
ETH/USDT,15m,0.35,0.05,0.025,12,2.0,734,4.9,141.1,21.6,0.297,41.925,38,138,558
ETH/USDT,15m,0.35,0.05,0.025,16,2.0,734,4.9,141.1,23.5,0.296,41.789,51,166,517
ETH/USDT,15m,0.35,0.05,0.025,20,2.0,734,4.9,141.1,25.7,0.292,41.133,65,188,481
ETH/USDT,15m,0.35,0.05,0.025,24,2.0,734,4.9,141.1,27.8,0.289,40.825,81,210,443
ETH/USDT,15m,0.35,0.05,0.025,36,2.0,734,4.9,141.1,31.1,0.286,40.316,123,272,339
ETH/USDT,15m,0.35,0.05,0.025,48,2.0,734,4.9,141.1,31.2,0.253,35.628,138,304,292
ETH/USDT,15m,0.35,0.075,0.008,4,9.4,734,4.9,141.1,0.0,0.153,21.577,0,263,471
ETH/USDT,15m,0.35,0.075,0.008,6,9.4,734,4.9,141.1,0.6,0.232,32.763,2,309,423
ETH/USDT,15m,0.35,0.075,0.008,8,9.4,734,4.9,141.1,0.9,0.286,40.323,3,340,391
ETH/USDT,15m,0.35,0.075,0.008,12,9.4,734,4.9,141.1,0.7,0.261,36.75,3,399,332
ETH/USDT,15m,0.35,0.075,0.008,16,9.4,734,4.9,141.1,0.9,0.266,37.487,4,424,306
ETH/USDT,15m,0.35,0.075,0.008,20,9.4,734,4.9,141.1,2.1,0.292,41.197,10,457,267
ETH/USDT,15m,0.35,0.075,0.008,24,9.4,734,4.9,141.1,2.9,0.301,42.473,14,477,243
ETH/USDT,15m,0.35,0.075,0.008,36,9.4,734,4.9,141.1,7.1,0.432,60.954,39,508,187
ETH/USDT,15m,0.35,0.075,0.008,48,9.4,734,4.9,141.1,7.0,0.396,55.926,39,522,173
ETH/USDT,15m,0.35,0.075,0.01,4,7.5,734,4.9,141.1,0.0,0.156,21.994,0,216,518
ETH/USDT,15m,0.35,0.075,0.01,6,7.5,734,4.9,141.1,0.8,0.236,33.284,2,256,476
ETH/USDT,15m,0.35,0.075,0.01,8,7.5,734,4.9,141.1,1.4,0.293,41.393,4,292,438
ETH/USDT,15m,0.35,0.075,0.01,12,7.5,734,4.9,141.1,1.2,0.283,39.969,4,338,392
ETH/USDT,15m,0.35,0.075,0.01,16,7.5,734,4.9,141.1,1.3,0.286,40.283,5,367,362
ETH/USDT,15m,0.35,0.075,0.01,20,7.5,734,4.9,141.1,2.6,0.298,42.054,11,405,318
ETH/USDT,15m,0.35,0.075,0.01,24,7.5,734,4.9,141.1,3.4,0.288,40.585,15,432,287
ETH/USDT,15m,0.35,0.075,0.01,36,7.5,734,4.9,141.1,7.8,0.417,58.752,40,472,222
ETH/USDT,15m,0.35,0.075,0.01,48,7.5,734,4.9,141.1,7.6,0.38,53.618,40,489,205
ETH/USDT,15m,0.35,0.075,0.015,4,5.0,734,4.9,141.1,0.7,0.144,20.311,1,134,599
ETH/USDT,15m,0.35,0.075,0.015,6,5.0,734,4.9,141.1,1.7,0.215,30.309,3,171,560
ETH/USDT,15m,0.35,0.075,0.015,8,5.0,734,4.9,141.1,2.4,0.296,41.771,5,200,529
ETH/USDT,15m,0.35,0.075,0.015,12,5.0,734,4.9,141.1,2.5,0.293,41.381,6,236,492
ETH/USDT,15m,0.35,0.075,0.015,16,5.0,734,4.9,141.1,2.5,0.287,40.506,7,272,455
ETH/USDT,15m,0.35,0.075,0.015,20,5.0,734,4.9,141.1,4.1,0.299,42.131,13,304,417
ETH/USDT,15m,0.35,0.075,0.015,24,5.0,734,4.9,141.1,4.9,0.273,38.497,17,332,385
ETH/USDT,15m,0.35,0.075,0.015,36,5.0,734,4.9,141.1,9.6,0.374,52.706,42,395,297
ETH/USDT,15m,0.35,0.075,0.015,48,5.0,734,4.9,141.1,9.3,0.334,47.113,43,417,274
ETH/USDT,15m,0.35,0.075,0.02,4,3.8,734,4.9,141.1,1.3,0.165,23.233,1,75,658
ETH/USDT,15m,0.35,0.075,0.02,6,3.8,734,4.9,141.1,2.5,0.228,32.166,3,115,616
ETH/USDT,15m,0.35,0.075,0.02,8,3.8,734,4.9,141.1,3.5,0.31,43.774,5,137,592
ETH/USDT,15m,0.35,0.075,0.02,12,3.8,734,4.9,141.1,3.3,0.302,42.557,6,175,553
ETH/USDT,15m,0.35,0.075,0.02,16,3.8,734,4.9,141.1,3.3,0.31,43.719,7,208,519
ETH/USDT,15m,0.35,0.075,0.02,20,3.8,734,4.9,141.1,5.2,0.317,44.768,13,237,484
ETH/USDT,15m,0.35,0.075,0.02,24,3.8,734,4.9,141.1,6.1,0.282,39.847,17,261,456
ETH/USDT,15m,0.35,0.075,0.02,36,3.8,734,4.9,141.1,12.9,0.436,61.483,48,324,362
ETH/USDT,15m,0.35,0.075,0.02,48,3.8,734,4.9,141.1,13.0,0.4,56.451,52,347,335
ETH/USDT,15m,0.35,0.075,0.025,4,3.0,734,4.9,141.1,2.3,0.193,27.233,1,42,691
ETH/USDT,15m,0.35,0.075,0.025,6,3.0,734,4.9,141.1,4.0,0.24,33.846,3,72,659
ETH/USDT,15m,0.35,0.075,0.025,8,3.0,734,4.9,141.1,4.9,0.31,43.75,5,97,632
ETH/USDT,15m,0.35,0.075,0.025,12,3.0,734,4.9,141.1,4.2,0.282,39.758,6,138,590
ETH/USDT,15m,0.35,0.075,0.025,16,3.0,734,4.9,141.1,4.0,0.274,38.659,7,166,561
ETH/USDT,15m,0.35,0.075,0.025,20,3.0,734,4.9,141.1,6.5,0.274,38.683,13,188,533
ETH/USDT,15m,0.35,0.075,0.025,24,3.0,734,4.9,141.1,7.5,0.268,37.731,17,210,507
ETH/USDT,15m,0.35,0.075,0.025,36,3.0,734,4.9,141.1,15.0,0.387,54.525,48,272,414
ETH/USDT,15m,0.35,0.075,0.025,48,3.0,734,4.9,141.1,15.1,0.349,49.248,54,304,376
ETH/USDT,15m,0.35,0.1,0.008,4,12.5,734,4.9,141.1,0.0,0.153,21.577,0,263,471
ETH/USDT,15m,0.35,0.1,0.008,6,12.5,734,4.9,141.1,0.0,0.23,32.464,0,309,425
ETH/USDT,15m,0.35,0.1,0.008,8,12.5,734,4.9,141.1,0.3,0.287,40.427,1,340,393
ETH/USDT,15m,0.35,0.1,0.008,12,12.5,734,4.9,141.1,0.2,0.257,36.24,1,399,334
ETH/USDT,15m,0.35,0.1,0.008,16,12.5,734,4.9,141.1,0.2,0.26,36.734,1,424,309
ETH/USDT,15m,0.35,0.1,0.008,20,12.5,734,4.9,141.1,0.2,0.278,39.277,1,457,276
ETH/USDT,15m,0.35,0.1,0.008,24,12.5,734,4.9,141.1,0.4,0.285,40.233,2,477,255
ETH/USDT,15m,0.35,0.1,0.008,36,12.5,734,4.9,141.1,1.2,0.423,59.727,6,508,220
ETH/USDT,15m,0.35,0.1,0.008,48,12.5,734,4.9,141.1,1.7,0.394,55.507,9,522,203
ETH/USDT,15m,0.35,0.1,0.01,4,10.0,734,4.9,141.1,0.0,0.156,21.994,0,216,518
ETH/USDT,15m,0.35,0.1,0.01,6,10.0,734,4.9,141.1,0.0,0.234,32.984,0,256,478
ETH/USDT,15m,0.35,0.1,0.01,8,10.0,734,4.9,141.1,0.7,0.298,41.977,2,292,440
ETH/USDT,15m,0.35,0.1,0.01,12,10.0,734,4.9,141.1,0.6,0.283,39.939,2,338,394
ETH/USDT,15m,0.35,0.1,0.01,16,10.0,734,4.9,141.1,0.5,0.284,40.01,2,367,365
ETH/USDT,15m,0.35,0.1,0.01,20,10.0,734,4.9,141.1,0.5,0.288,40.615,2,405,327
ETH/USDT,15m,0.35,0.1,0.01,24,10.0,734,4.9,141.1,0.7,0.275,38.826,3,432,299
ETH/USDT,15m,0.35,0.1,0.01,36,10.0,734,4.9,141.1,1.5,0.411,58.005,7,472,255
ETH/USDT,15m,0.35,0.1,0.01,48,10.0,734,4.9,141.1,2.0,0.381,53.68,10,489,235
ETH/USDT,15m,0.35,0.1,0.015,4,6.7,734,4.9,141.1,0.0,0.143,20.229,0,134,600
ETH/USDT,15m,0.35,0.1,0.015,6,6.7,734,4.9,141.1,0.0,0.214,30.215,0,171,563
ETH/USDT,15m,0.35,0.1,0.015,8,6.7,734,4.9,141.1,1.5,0.304,42.835,3,200,531
ETH/USDT,15m,0.35,0.1,0.015,12,6.7,734,4.9,141.1,1.3,0.297,41.859,3,236,495
ETH/USDT,15m,0.35,0.1,0.015,16,6.7,734,4.9,141.1,1.1,0.287,40.442,3,272,459
ETH/USDT,15m,0.35,0.1,0.015,20,6.7,734,4.9,141.1,1.0,0.288,40.612,3,304,427
ETH/USDT,15m,0.35,0.1,0.015,24,6.7,734,4.9,141.1,1.2,0.261,36.769,4,332,398
ETH/USDT,15m,0.35,0.1,0.015,36,6.7,734,4.9,141.1,2.0,0.37,52.172,8,395,331
ETH/USDT,15m,0.35,0.1,0.015,48,6.7,734,4.9,141.1,2.6,0.338,47.706,11,417,306
ETH/USDT,15m,0.35,0.1,0.02,4,5.0,734,4.9,141.1,0.0,0.164,23.151,0,75,659
ETH/USDT,15m,0.35,0.1,0.02,6,5.0,734,4.9,141.1,0.0,0.227,32.072,0,115,619
ETH/USDT,15m,0.35,0.1,0.02,8,5.0,734,4.9,141.1,2.1,0.318,44.838,3,137,594
ETH/USDT,15m,0.35,0.1,0.02,12,5.0,734,4.9,141.1,1.7,0.305,43.035,3,175,556
ETH/USDT,15m,0.35,0.1,0.02,16,5.0,734,4.9,141.1,1.4,0.309,43.655,3,208,523
ETH/USDT,15m,0.35,0.1,0.02,20,5.0,734,4.9,141.1,1.2,0.307,43.249,3,237,494
ETH/USDT,15m,0.35,0.1,0.02,24,5.0,734,4.9,141.1,1.5,0.27,38.118,4,261,469
ETH/USDT,15m,0.35,0.1,0.02,36,5.0,734,4.9,141.1,2.4,0.428,60.413,8,324,402
ETH/USDT,15m,0.35,0.1,0.02,48,5.0,734,4.9,141.1,3.6,0.409,57.708,13,347,374
ETH/USDT,15m,0.35,0.1,0.025,4,4.0,734,4.9,141.1,0.0,0.192,27.151,0,42,692
ETH/USDT,15m,0.35,0.1,0.025,6,4.0,734,4.9,141.1,0.0,0.239,33.753,0,72,662
ETH/USDT,15m,0.35,0.1,0.025,8,4.0,734,4.9,141.1,3.0,0.318,44.814,3,97,634
ETH/USDT,15m,0.35,0.1,0.025,12,4.0,734,4.9,141.1,2.1,0.285,40.236,3,138,593
ETH/USDT,15m,0.35,0.1,0.025,16,4.0,734,4.9,141.1,1.8,0.274,38.596,3,166,565
ETH/USDT,15m,0.35,0.1,0.025,20,4.0,734,4.9,141.1,1.6,0.263,37.164,3,188,543
ETH/USDT,15m,0.35,0.1,0.025,24,4.0,734,4.9,141.1,1.9,0.255,36.003,4,210,520
ETH/USDT,15m,0.35,0.1,0.025,36,4.0,734,4.9,141.1,2.9,0.379,53.455,8,272,454
ETH/USDT,15m,0.35,0.1,0.025,48,4.0,734,4.9,141.1,4.1,0.358,50.494,13,304,417
ETH/USDT,15m,0.4,0.01,0.008,4,1.2,555,3.7,106.7,49.0,0.084,8.916,193,201,161
ETH/USDT,15m,0.4,0.01,0.008,6,1.2,555,3.7,106.7,51.4,0.111,11.891,231,218,106
ETH/USDT,15m,0.4,0.01,0.008,8,1.2,555,3.7,106.7,52.2,0.127,13.586,251,230,74
ETH/USDT,15m,0.4,0.01,0.008,12,1.2,555,3.7,106.7,51.7,0.126,13.471,270,252,33
ETH/USDT,15m,0.4,0.01,0.008,16,1.2,555,3.7,106.7,51.7,0.128,13.65,275,257,23
ETH/USDT,15m,0.4,0.01,0.008,20,1.2,555,3.7,106.7,51.7,0.125,13.286,278,260,17
ETH/USDT,15m,0.4,0.01,0.008,24,1.2,555,3.7,106.7,51.5,0.12,12.842,279,263,13
ETH/USDT,15m,0.4,0.01,0.008,36,1.2,555,3.7,106.7,51.3,0.122,12.978,280,266,9
ETH/USDT,15m,0.4,0.01,0.008,48,1.2,555,3.7,106.7,51.3,0.121,12.889,281,267,7
ETH/USDT,15m,0.4,0.015,0.008,4,1.9,555,3.7,106.7,37.5,0.139,14.789,128,213,214
ETH/USDT,15m,0.4,0.015,0.008,6,1.9,555,3.7,106.7,41.6,0.193,20.541,167,234,154
ETH/USDT,15m,0.4,0.015,0.008,8,1.9,555,3.7,106.7,45.0,0.234,24.979,201,246,108
ETH/USDT,15m,0.4,0.015,0.008,12,1.9,555,3.7,106.7,45.1,0.243,25.909,223,272,60
ETH/USDT,15m,0.4,0.015,0.008,16,1.9,555,3.7,106.7,45.9,0.261,27.802,235,277,43
ETH/USDT,15m,0.4,0.015,0.008,20,1.9,555,3.7,106.7,45.9,0.252,26.876,239,282,34
ETH/USDT,15m,0.4,0.015,0.008,24,1.9,555,3.7,106.7,45.6,0.245,26.126,241,287,27
ETH/USDT,15m,0.4,0.015,0.008,36,1.9,555,3.7,106.7,45.5,0.246,26.221,245,294,16
ETH/USDT,15m,0.4,0.015,0.008,48,1.9,555,3.7,106.7,45.4,0.244,26.038,246,296,13
ETH/USDT,15m,0.4,0.015,0.01,4,1.5,555,3.7,106.7,43.4,0.145,15.425,135,176,244
ETH/USDT,15m,0.4,0.015,0.01,6,1.5,555,3.7,106.7,47.3,0.206,21.943,178,198,179
ETH/USDT,15m,0.4,0.015,0.01,8,1.5,555,3.7,106.7,50.5,0.249,26.506,217,213,125
ETH/USDT,15m,0.4,0.015,0.01,12,1.5,555,3.7,106.7,51.8,0.267,28.479,243,226,86
ETH/USDT,15m,0.4,0.015,0.01,16,1.5,555,3.7,106.7,52.2,0.284,30.337,257,235,63
ETH/USDT,15m,0.4,0.015,0.01,20,1.5,555,3.7,106.7,51.4,0.268,28.555,261,247,47
ETH/USDT,15m,0.4,0.015,0.01,24,1.5,555,3.7,106.7,51.1,0.258,27.552,264,253,38
ETH/USDT,15m,0.4,0.015,0.01,36,1.5,555,3.7,106.7,50.6,0.259,27.581,268,262,25
ETH/USDT,15m,0.4,0.015,0.01,48,1.5,555,3.7,106.7,50.5,0.258,27.496,270,265,20
ETH/USDT,15m,0.4,0.02,0.008,4,2.5,555,3.7,106.7,26.0,0.151,16.099,77,219,259
ETH/USDT,15m,0.4,0.02,0.008,6,2.5,555,3.7,106.7,32.7,0.23,24.573,118,243,194
ETH/USDT,15m,0.4,0.02,0.008,8,2.5,555,3.7,106.7,36.8,0.29,30.921,151,259,145
ETH/USDT,15m,0.4,0.02,0.008,12,2.5,555,3.7,106.7,38.1,0.307,32.782,178,289,88
ETH/USDT,15m,0.4,0.02,0.008,16,2.5,555,3.7,106.7,39.8,0.341,36.392,196,296,63
ETH/USDT,15m,0.4,0.02,0.008,20,2.5,555,3.7,106.7,40.3,0.345,36.753,203,301,51
ETH/USDT,15m,0.4,0.02,0.008,24,2.5,555,3.7,106.7,40.5,0.337,35.89,209,307,39
ETH/USDT,15m,0.4,0.02,0.008,36,2.5,555,3.7,106.7,40.1,0.324,34.526,214,320,21
ETH/USDT,15m,0.4,0.02,0.008,48,2.5,555,3.7,106.7,40.1,0.324,34.584,216,322,17
ETH/USDT,15m,0.4,0.02,0.01,4,2.0,555,3.7,106.7,31.2,0.16,17.04,82,181,292
ETH/USDT,15m,0.4,0.02,0.01,6,2.0,555,3.7,106.7,37.8,0.245,26.095,126,207,222
ETH/USDT,15m,0.4,0.02,0.01,8,2.0,555,3.7,106.7,41.5,0.304,32.47,160,226,169
ETH/USDT,15m,0.4,0.02,0.01,12,2.0,555,3.7,106.7,44.1,0.329,35.133,192,243,120
ETH/USDT,15m,0.4,0.02,0.01,16,2.0,555,3.7,106.7,45.7,0.368,39.294,213,253,89
ETH/USDT,15m,0.4,0.02,0.01,20,2.0,555,3.7,106.7,45.4,0.361,38.449,221,266,68
ETH/USDT,15m,0.4,0.02,0.01,24,2.0,555,3.7,106.7,45.5,0.354,37.752,229,274,52
ETH/USDT,15m,0.4,0.02,0.01,36,2.0,555,3.7,106.7,44.8,0.337,35.944,235,290,30
ETH/USDT,15m,0.4,0.02,0.01,48,2.0,555,3.7,106.7,44.8,0.339,36.196,238,293,24
ETH/USDT,15m,0.4,0.02,0.015,4,1.3,555,3.7,106.7,42.8,0.148,15.738,86,115,354
ETH/USDT,15m,0.4,0.02,0.015,6,1.3,555,3.7,106.7,48.3,0.229,24.437,131,140,284
ETH/USDT,15m,0.4,0.02,0.015,8,1.3,555,3.7,106.7,52.3,0.315,33.605,172,157,226
ETH/USDT,15m,0.4,0.02,0.015,12,1.3,555,3.7,106.7,55.1,0.359,38.243,210,171,174
ETH/USDT,15m,0.4,0.02,0.015,16,1.3,555,3.7,106.7,56.5,0.405,43.16,239,184,132
ETH/USDT,15m,0.4,0.02,0.015,20,1.3,555,3.7,106.7,56.2,0.408,43.516,251,196,108
ETH/USDT,15m,0.4,0.02,0.015,24,1.3,555,3.7,106.7,56.0,0.402,42.856,262,206,87
ETH/USDT,15m,0.4,0.02,0.015,36,1.3,555,3.7,106.7,54.0,0.366,39.069,274,233,48
ETH/USDT,15m,0.4,0.02,0.015,48,1.3,555,3.7,106.7,53.7,0.357,38.087,278,240,37
ETH/USDT,15m,0.4,0.025,0.008,4,3.1,555,3.7,106.7,17.9,0.157,16.713,48,220,287
ETH/USDT,15m,0.4,0.025,0.008,6,3.1,555,3.7,106.7,22.7,0.228,24.324,73,249,233
ETH/USDT,15m,0.4,0.025,0.008,8,3.1,555,3.7,106.7,26.7,0.303,32.346,98,269,188
ETH/USDT,15m,0.4,0.025,0.008,12,3.1,555,3.7,106.7,31.3,0.333,35.566,137,301,117
ETH/USDT,15m,0.4,0.025,0.008,16,3.1,555,3.7,106.7,32.9,0.38,40.515,151,308,96
ETH/USDT,15m,0.4,0.025,0.008,20,3.1,555,3.7,106.7,34.8,0.391,41.741,168,315,72
ETH/USDT,15m,0.4,0.025,0.008,24,3.1,555,3.7,106.7,34.7,0.379,40.422,172,323,60
ETH/USDT,15m,0.4,0.025,0.008,36,3.1,555,3.7,106.7,34.4,0.359,38.27,178,339,38
ETH/USDT,15m,0.4,0.025,0.008,48,3.1,555,3.7,106.7,34.7,0.357,38.067,182,343,30
ETH/USDT,15m,0.4,0.025,0.01,4,2.5,555,3.7,106.7,22.2,0.168,17.939,52,182,321
ETH/USDT,15m,0.4,0.025,0.01,6,2.5,555,3.7,106.7,27.5,0.248,26.491,80,211,264
ETH/USDT,15m,0.4,0.025,0.01,8,2.5,555,3.7,106.7,31.1,0.319,34.07,106,235,214
ETH/USDT,15m,0.4,0.025,0.01,12,2.5,555,3.7,106.7,36.7,0.355,37.815,148,255,152
ETH/USDT,15m,0.4,0.025,0.01,16,2.5,555,3.7,106.7,38.4,0.406,43.271,166,266,123
ETH/USDT,15m,0.4,0.025,0.01,20,2.5,555,3.7,106.7,39.5,0.406,43.284,184,282,89
ETH/USDT,15m,0.4,0.025,0.01,24,2.5,555,3.7,106.7,39.5,0.396,42.261,190,291,74
ETH/USDT,15m,0.4,0.025,0.01,36,2.5,555,3.7,106.7,38.8,0.372,39.63,197,311,47
ETH/USDT,15m,0.4,0.025,0.01,48,2.5,555,3.7,106.7,39.0,0.372,39.632,201,315,39
ETH/USDT,15m,0.4,0.025,0.015,4,1.7,555,3.7,106.7,32.2,0.156,16.64,55,116,384
ETH/USDT,15m,0.4,0.025,0.015,6,1.7,555,3.7,106.7,37.0,0.234,24.969,84,143,328
ETH/USDT,15m,0.4,0.025,0.015,8,1.7,555,3.7,106.7,40.7,0.329,35.13,112,163,280
ETH/USDT,15m,0.4,0.025,0.015,12,1.7,555,3.7,106.7,47.1,0.38,40.546,162,182,211
ETH/USDT,15m,0.4,0.025,0.015,16,1.7,555,3.7,106.7,48.6,0.437,46.635,186,197,172
ETH/USDT,15m,0.4,0.025,0.015,20,1.7,555,3.7,106.7,49.9,0.454,48.429,210,211,134
ETH/USDT,15m,0.4,0.025,0.015,24,1.7,555,3.7,106.7,49.5,0.447,47.658,218,222,115
ETH/USDT,15m,0.4,0.025,0.015,36,1.7,555,3.7,106.7,47.7,0.411,43.884,231,253,71
ETH/USDT,15m,0.4,0.025,0.015,48,1.7,555,3.7,106.7,47.8,0.406,43.256,238,260,57
ETH/USDT,15m,0.4,0.025,0.02,4,1.2,555,3.7,106.7,47.5,0.193,20.549,56,62,437
ETH/USDT,15m,0.4,0.025,0.02,6,1.2,555,3.7,106.7,48.1,0.272,29.03,88,95,372
ETH/USDT,15m,0.4,0.025,0.02,8,1.2,555,3.7,106.7,52.6,0.383,40.802,120,108,327
ETH/USDT,15m,0.4,0.025,0.02,12,1.2,555,3.7,106.7,55.9,0.409,43.626,174,137,244
ETH/USDT,15m,0.4,0.025,0.02,16,1.2,555,3.7,106.7,56.4,0.468,49.879,199,154,202
ETH/USDT,15m,0.4,0.025,0.02,20,1.2,555,3.7,106.7,57.7,0.489,52.187,226,166,163
ETH/USDT,15m,0.4,0.025,0.02,24,1.2,555,3.7,106.7,57.2,0.468,49.888,237,177,141
ETH/USDT,15m,0.4,0.025,0.02,36,1.2,555,3.7,106.7,54.7,0.413,44.054,251,208,96
ETH/USDT,15m,0.4,0.025,0.02,48,1.2,555,3.7,106.7,54.3,0.403,43.029,259,218,78
ETH/USDT,15m,0.4,0.03,0.008,4,3.8,555,3.7,106.7,10.9,0.153,16.34,27,220,308
ETH/USDT,15m,0.4,0.03,0.008,6,3.8,555,3.7,106.7,16.7,0.241,25.73,50,249,256
ETH/USDT,15m,0.4,0.03,0.008,8,3.8,555,3.7,106.7,21.4,0.322,34.345,74,272,209
ETH/USDT,15m,0.4,0.03,0.008,12,3.8,555,3.7,106.7,26.7,0.371,39.608,111,305,139
ETH/USDT,15m,0.4,0.03,0.008,16,3.8,555,3.7,106.7,28.3,0.414,44.146,125,316,114
ETH/USDT,15m,0.4,0.03,0.008,20,3.8,555,3.7,106.7,30.3,0.424,45.226,142,327,86
ETH/USDT,15m,0.4,0.03,0.008,24,3.8,555,3.7,106.7,30.6,0.415,44.232,148,336,71
ETH/USDT,15m,0.4,0.03,0.008,36,3.8,555,3.7,106.7,30.2,0.388,41.338,153,353,49
ETH/USDT,15m,0.4,0.03,0.008,48,3.8,555,3.7,106.7,30.0,0.372,39.645,154,359,42
ETH/USDT,15m,0.4,0.03,0.01,4,3.0,555,3.7,106.7,13.3,0.162,17.317,28,182,345
ETH/USDT,15m,0.4,0.03,0.01,6,3.0,555,3.7,106.7,20.1,0.253,27.019,53,211,291
ETH/USDT,15m,0.4,0.03,0.01,8,3.0,555,3.7,106.7,24.4,0.329,35.059,77,238,240
ETH/USDT,15m,0.4,0.03,0.01,12,3.0,555,3.7,106.7,31.5,0.389,41.478,119,259,177
ETH/USDT,15m,0.4,0.03,0.01,16,3.0,555,3.7,106.7,32.8,0.433,46.211,134,274,147
ETH/USDT,15m,0.4,0.03,0.01,20,3.0,555,3.7,106.7,34.0,0.429,45.756,152,295,108
ETH/USDT,15m,0.4,0.03,0.01,24,3.0,555,3.7,106.7,34.3,0.417,44.422,159,305,91
ETH/USDT,15m,0.4,0.03,0.01,36,3.0,555,3.7,106.7,33.8,0.399,42.599,166,325,64
ETH/USDT,15m,0.4,0.03,0.01,48,3.0,555,3.7,106.7,33.7,0.378,40.283,168,331,56
ETH/USDT,15m,0.4,0.03,0.015,4,2.0,555,3.7,106.7,20.5,0.152,16.205,30,116,409
ETH/USDT,15m,0.4,0.03,0.015,6,2.0,555,3.7,106.7,28.1,0.238,25.411,56,143,356
ETH/USDT,15m,0.4,0.03,0.015,8,2.0,555,3.7,106.7,33.1,0.338,36.095,81,164,310
ETH/USDT,15m,0.4,0.03,0.015,12,2.0,555,3.7,106.7,40.0,0.399,42.549,124,186,245
ETH/USDT,15m,0.4,0.03,0.015,16,2.0,555,3.7,106.7,40.9,0.438,46.717,141,204,210
ETH/USDT,15m,0.4,0.03,0.015,20,2.0,555,3.7,106.7,41.9,0.438,46.743,160,222,173
ETH/USDT,15m,0.4,0.03,0.015,24,2.0,555,3.7,106.7,41.3,0.403,42.932,168,239,148
ETH/USDT,15m,0.4,0.03,0.015,36,2.0,555,3.7,106.7,39.9,0.377,40.204,182,274,99
ETH/USDT,15m,0.4,0.03,0.015,48,2.0,555,3.7,106.7,39.9,0.336,35.838,187,282,86
ETH/USDT,15m,0.4,0.03,0.02,4,1.5,555,3.7,106.7,32.6,0.189,20.109,30,62,463
ETH/USDT,15m,0.4,0.03,0.02,6,1.5,555,3.7,106.7,37.9,0.271,28.877,58,95,402
ETH/USDT,15m,0.4,0.03,0.02,8,1.5,555,3.7,106.7,43.3,0.382,40.702,84,110,361
ETH/USDT,15m,0.4,0.03,0.02,12,1.5,555,3.7,106.7,48.0,0.42,44.83,131,142,282
ETH/USDT,15m,0.4,0.03,0.02,16,1.5,555,3.7,106.7,48.9,0.468,49.871,153,160,242
ETH/USDT,15m,0.4,0.03,0.02,20,1.5,555,3.7,106.7,50.0,0.48,51.225,175,175,205
ETH/USDT,15m,0.4,0.03,0.02,24,1.5,555,3.7,106.7,49.3,0.424,45.253,185,190,180
ETH/USDT,15m,0.4,0.03,0.02,36,1.5,555,3.7,106.7,46.7,0.371,39.554,201,229,125
ETH/USDT,15m,0.4,0.03,0.02,48,1.5,555,3.7,106.7,46.3,0.326,34.747,207,240,108
ETH/USDT,15m,0.4,0.03,0.025,4,1.2,555,3.7,106.7,46.3,0.22,23.478,31,36,488
ETH/USDT,15m,0.4,0.03,0.025,6,1.2,555,3.7,106.7,50.0,0.288,30.714,59,59,437
ETH/USDT,15m,0.4,0.03,0.025,8,1.2,555,3.7,106.7,52.1,0.387,41.323,87,80,388
ETH/USDT,15m,0.4,0.03,0.025,12,1.2,555,3.7,106.7,54.5,0.408,43.48,134,112,309
ETH/USDT,15m,0.4,0.03,0.025,16,1.2,555,3.7,106.7,53.8,0.435,46.423,156,134,265
ETH/USDT,15m,0.4,0.03,0.025,20,1.2,555,3.7,106.7,55.1,0.433,46.18,178,145,232
ETH/USDT,15m,0.4,0.03,0.025,24,1.2,555,3.7,106.7,54.0,0.379,40.37,188,160,207
ETH/USDT,15m,0.4,0.03,0.025,36,1.2,555,3.7,106.7,50.9,0.278,29.596,206,199,150
ETH/USDT,15m,0.4,0.03,0.025,48,1.2,555,3.7,106.7,49.2,0.207,22.104,212,219,124
ETH/USDT,15m,0.4,0.04,0.008,4,5.0,555,3.7,106.7,4.8,0.158,16.859,11,220,324
ETH/USDT,15m,0.4,0.04,0.008,6,5.0,555,3.7,106.7,9.5,0.249,26.605,26,249,280
ETH/USDT,15m,0.4,0.04,0.008,8,5.0,555,3.7,106.7,11.9,0.321,34.201,37,273,245
ETH/USDT,15m,0.4,0.04,0.008,12,5.0,555,3.7,106.7,13.8,0.333,35.512,50,312,193
ETH/USDT,15m,0.4,0.04,0.008,16,5.0,555,3.7,106.7,15.3,0.364,38.865,59,327,169
ETH/USDT,15m,0.4,0.04,0.008,20,5.0,555,3.7,106.7,17.9,0.377,40.187,75,344,136
ETH/USDT,15m,0.4,0.04,0.008,24,5.0,555,3.7,106.7,20.5,0.389,41.443,92,356,107
ETH/USDT,15m,0.4,0.04,0.008,36,5.0,555,3.7,106.7,20.9,0.374,39.89,99,374,82
ETH/USDT,15m,0.4,0.04,0.008,48,5.0,555,3.7,106.7,21.6,0.351,37.445,105,382,68
ETH/USDT,15m,0.4,0.04,0.01,4,4.0,555,3.7,106.7,6.2,0.169,18.028,12,182,361
ETH/USDT,15m,0.4,0.04,0.01,6,4.0,555,3.7,106.7,11.3,0.262,27.974,27,211,317
ETH/USDT,15m,0.4,0.04,0.01,8,4.0,555,3.7,106.7,14.0,0.33,35.241,39,239,277
ETH/USDT,15m,0.4,0.04,0.01,12,4.0,555,3.7,106.7,17.9,0.362,38.65,58,266,231
ETH/USDT,15m,0.4,0.04,0.01,16,4.0,555,3.7,106.7,19.0,0.394,41.984,67,285,203
ETH/USDT,15m,0.4,0.04,0.01,20,4.0,555,3.7,106.7,21.3,0.392,41.775,84,311,160
ETH/USDT,15m,0.4,0.04,0.01,24,4.0,555,3.7,106.7,23.7,0.396,42.276,101,325,129
ETH/USDT,15m,0.4,0.04,0.01,36,4.0,555,3.7,106.7,24.0,0.392,41.779,109,346,100
ETH/USDT,15m,0.4,0.04,0.01,48,4.0,555,3.7,106.7,24.8,0.369,39.327,117,354,84
ETH/USDT,15m,0.4,0.04,0.015,4,2.7,555,3.7,106.7,10.1,0.158,16.823,13,116,426
ETH/USDT,15m,0.4,0.04,0.015,6,2.7,555,3.7,106.7,16.4,0.245,26.131,28,143,384
ETH/USDT,15m,0.4,0.04,0.015,8,2.7,555,3.7,106.7,19.9,0.338,36.082,41,165,349
ETH/USDT,15m,0.4,0.04,0.015,12,2.7,555,3.7,106.7,24.8,0.379,40.456,62,188,305
ETH/USDT,15m,0.4,0.04,0.015,16,2.7,555,3.7,106.7,24.9,0.395,42.087,71,214,270
ETH/USDT,15m,0.4,0.04,0.015,20,2.7,555,3.7,106.7,27.4,0.4,42.699,89,236,230
ETH/USDT,15m,0.4,0.04,0.015,24,2.7,555,3.7,106.7,29.3,0.379,40.42,106,256,193
ETH/USDT,15m,0.4,0.04,0.015,36,2.7,555,3.7,106.7,28.9,0.366,39.038,120,295,140
ETH/USDT,15m,0.4,0.04,0.015,48,2.7,555,3.7,106.7,30.0,0.319,34.075,130,304,121
ETH/USDT,15m,0.4,0.04,0.02,4,2.0,555,3.7,106.7,17.3,0.194,20.727,13,62,480
ETH/USDT,15m,0.4,0.04,0.02,6,2.0,555,3.7,106.7,22.8,0.273,29.129,28,95,432
ETH/USDT,15m,0.4,0.04,0.02,8,2.0,555,3.7,106.7,27.2,0.371,39.574,41,110,404
ETH/USDT,15m,0.4,0.04,0.02,12,2.0,555,3.7,106.7,30.4,0.392,41.819,63,144,348
ETH/USDT,15m,0.4,0.04,0.02,16,2.0,555,3.7,106.7,31.4,0.423,45.089,77,168,310
ETH/USDT,15m,0.4,0.04,0.02,20,2.0,555,3.7,106.7,34.6,0.437,46.601,98,185,272
ETH/USDT,15m,0.4,0.04,0.02,24,2.0,555,3.7,106.7,36.4,0.4,42.709,116,203,236
ETH/USDT,15m,0.4,0.04,0.02,36,2.0,555,3.7,106.7,35.8,0.389,41.477,137,246,172
ETH/USDT,15m,0.4,0.04,0.02,48,2.0,555,3.7,106.7,36.5,0.339,36.145,148,258,149
ETH/USDT,15m,0.4,0.04,0.025,4,1.6,555,3.7,106.7,26.5,0.225,23.964,13,36,506
ETH/USDT,15m,0.4,0.04,0.025,6,1.6,555,3.7,106.7,32.2,0.288,30.685,28,59,468
ETH/USDT,15m,0.4,0.04,0.025,8,1.6,555,3.7,106.7,33.9,0.373,39.798,41,80,434
ETH/USDT,15m,0.4,0.04,0.025,12,1.6,555,3.7,106.7,35.6,0.374,39.871,63,114,378
ETH/USDT,15m,0.4,0.04,0.025,16,1.6,555,3.7,106.7,36.2,0.381,40.644,77,136,342
ETH/USDT,15m,0.4,0.04,0.025,20,1.6,555,3.7,106.7,39.8,0.395,42.109,98,148,309
ETH/USDT,15m,0.4,0.04,0.025,24,1.6,555,3.7,106.7,41.5,0.389,41.499,117,165,273
ETH/USDT,15m,0.4,0.04,0.025,36,1.6,555,3.7,106.7,40.7,0.346,36.904,143,208,204
ETH/USDT,15m,0.4,0.04,0.025,48,1.6,555,3.7,106.7,40.8,0.279,29.791,157,228,170
ETH/USDT,15m,0.4,0.05,0.008,4,6.2,555,3.7,106.7,1.8,0.164,17.469,4,220,331
ETH/USDT,15m,0.4,0.05,0.008,6,6.2,555,3.7,106.7,5.0,0.26,27.746,13,249,293
ETH/USDT,15m,0.4,0.05,0.008,8,6.2,555,3.7,106.7,6.2,0.333,35.511,18,273,264
ETH/USDT,15m,0.4,0.05,0.008,12,6.2,555,3.7,106.7,8.0,0.328,35.003,27,312,216
ETH/USDT,15m,0.4,0.05,0.008,16,6.2,555,3.7,106.7,9.4,0.368,39.202,34,328,193
ETH/USDT,15m,0.4,0.05,0.008,20,6.2,555,3.7,106.7,11.0,0.384,41.006,43,347,165
ETH/USDT,15m,0.4,0.05,0.008,24,6.2,555,3.7,106.7,13.7,0.427,45.525,57,360,138
ETH/USDT,15m,0.4,0.05,0.008,36,6.2,555,3.7,106.7,16.9,0.436,46.453,77,379,99
ETH/USDT,15m,0.4,0.05,0.008,48,6.2,555,3.7,106.7,17.1,0.406,43.301,80,387,88
ETH/USDT,15m,0.4,0.05,0.01,4,5.0,555,3.7,106.7,2.2,0.174,18.515,4,182,369
ETH/USDT,15m,0.4,0.05,0.01,6,5.0,555,3.7,106.7,5.8,0.271,28.944,13,211,331
ETH/USDT,15m,0.4,0.05,0.01,8,5.0,555,3.7,106.7,7.7,0.346,36.935,20,239,296
ETH/USDT,15m,0.4,0.05,0.01,12,5.0,555,3.7,106.7,10.4,0.361,38.47,31,266,258
ETH/USDT,15m,0.4,0.05,0.01,16,5.0,555,3.7,106.7,12.3,0.394,42.009,40,286,229
ETH/USDT,15m,0.4,0.05,0.01,20,5.0,555,3.7,106.7,13.5,0.391,41.738,49,315,191
ETH/USDT,15m,0.4,0.05,0.01,24,5.0,555,3.7,106.7,16.0,0.419,44.708,63,331,161
ETH/USDT,15m,0.4,0.05,0.01,36,5.0,555,3.7,106.7,19.2,0.437,46.612,84,354,117
ETH/USDT,15m,0.4,0.05,0.01,48,5.0,555,3.7,106.7,19.4,0.403,43.01,87,362,106
ETH/USDT,15m,0.4,0.05,0.015,4,3.3,555,3.7,106.7,4.1,0.164,17.502,5,116,434
ETH/USDT,15m,0.4,0.05,0.015,6,3.3,555,3.7,106.7,8.9,0.256,27.293,14,143,398
ETH/USDT,15m,0.4,0.05,0.015,8,3.3,555,3.7,106.7,11.8,0.358,38.16,22,165,368
ETH/USDT,15m,0.4,0.05,0.015,12,3.3,555,3.7,106.7,15.3,0.382,40.726,34,188,333
ETH/USDT,15m,0.4,0.05,0.015,16,3.3,555,3.7,106.7,16.7,0.401,42.755,43,214,298
ETH/USDT,15m,0.4,0.05,0.015,20,3.3,555,3.7,106.7,18.3,0.403,42.976,53,237,265
ETH/USDT,15m,0.4,0.05,0.015,24,3.3,555,3.7,106.7,20.6,0.411,43.85,67,259,229
ETH/USDT,15m,0.4,0.05,0.015,36,3.3,555,3.7,106.7,23.1,0.409,43.62,90,300,165
ETH/USDT,15m,0.4,0.05,0.015,48,3.3,555,3.7,106.7,23.5,0.373,39.815,95,309,151
ETH/USDT,15m,0.4,0.05,0.02,4,2.5,555,3.7,106.7,7.5,0.201,21.406,5,62,488
ETH/USDT,15m,0.4,0.05,0.02,6,2.5,555,3.7,106.7,12.8,0.284,30.29,14,95,446
ETH/USDT,15m,0.4,0.05,0.02,8,2.5,555,3.7,106.7,16.7,0.391,41.652,22,110,423
ETH/USDT,15m,0.4,0.05,0.02,12,2.5,555,3.7,106.7,19.1,0.393,41.89,34,144,377
ETH/USDT,15m,0.4,0.05,0.02,16,2.5,555,3.7,106.7,21.5,0.43,45.877,46,168,341
ETH/USDT,15m,0.4,0.05,0.02,20,2.5,555,3.7,106.7,24.1,0.444,47.397,59,186,310
ETH/USDT,15m,0.4,0.05,0.02,24,2.5,555,3.7,106.7,26.4,0.442,47.099,73,204,278
ETH/USDT,15m,0.4,0.05,0.02,36,2.5,555,3.7,106.7,29.9,0.47,50.082,106,248,201
ETH/USDT,15m,0.4,0.05,0.02,48,2.5,555,3.7,106.7,30.5,0.444,47.339,114,260,181
ETH/USDT,15m,0.4,0.05,0.025,4,2.0,555,3.7,106.7,12.2,0.231,24.643,5,36,514
ETH/USDT,15m,0.4,0.05,0.025,6,2.0,555,3.7,106.7,19.2,0.299,31.847,14,59,482
ETH/USDT,15m,0.4,0.05,0.025,8,2.0,555,3.7,106.7,21.6,0.393,41.877,22,80,453
ETH/USDT,15m,0.4,0.05,0.025,12,2.0,555,3.7,106.7,23.0,0.375,39.943,34,114,407
ETH/USDT,15m,0.4,0.05,0.025,16,2.0,555,3.7,106.7,25.3,0.388,41.431,46,136,373
ETH/USDT,15m,0.4,0.05,0.025,20,2.0,555,3.7,106.7,28.4,0.401,42.809,59,149,347
ETH/USDT,15m,0.4,0.05,0.025,24,2.0,555,3.7,106.7,30.5,0.43,45.861,73,166,316
ETH/USDT,15m,0.4,0.05,0.025,36,2.0,555,3.7,106.7,33.9,0.422,44.969,107,209,239
ETH/USDT,15m,0.4,0.05,0.025,48,2.0,555,3.7,106.7,34.2,0.389,41.519,119,229,207
ETH/USDT,15m,0.4,0.075,0.008,4,9.4,555,3.7,106.7,0.0,0.165,17.575,0,220,335
ETH/USDT,15m,0.4,0.075,0.008,6,9.4,555,3.7,106.7,0.8,0.263,28.077,2,249,304
ETH/USDT,15m,0.4,0.075,0.008,8,9.4,555,3.7,106.7,1.1,0.324,34.603,3,273,279
ETH/USDT,15m,0.4,0.075,0.008,12,9.4,555,3.7,106.7,1.0,0.304,32.463,3,312,240
ETH/USDT,15m,0.4,0.075,0.008,16,9.4,555,3.7,106.7,1.2,0.341,36.41,4,328,223
ETH/USDT,15m,0.4,0.075,0.008,20,9.4,555,3.7,106.7,2.8,0.372,39.72,10,347,198
ETH/USDT,15m,0.4,0.075,0.008,24,9.4,555,3.7,106.7,3.5,0.399,42.551,13,360,182
ETH/USDT,15m,0.4,0.075,0.008,36,9.4,555,3.7,106.7,8.5,0.537,57.244,35,379,141
ETH/USDT,15m,0.4,0.075,0.008,48,9.4,555,3.7,106.7,8.3,0.503,53.596,35,387,133
ETH/USDT,15m,0.4,0.075,0.01,4,7.5,555,3.7,106.7,0.0,0.175,18.62,0,182,373
ETH/USDT,15m,0.4,0.075,0.01,6,7.5,555,3.7,106.7,0.9,0.274,29.275,2,211,342
ETH/USDT,15m,0.4,0.075,0.01,8,7.5,555,3.7,106.7,1.6,0.342,36.43,4,239,312
ETH/USDT,15m,0.4,0.075,0.01,12,7.5,555,3.7,106.7,1.5,0.339,36.12,4,266,285
ETH/USDT,15m,0.4,0.075,0.01,16,7.5,555,3.7,106.7,1.7,0.37,39.51,5,286,264
ETH/USDT,15m,0.4,0.075,0.01,20,7.5,555,3.7,106.7,3.4,0.381,40.618,11,315,229
ETH/USDT,15m,0.4,0.075,0.01,24,7.5,555,3.7,106.7,4.1,0.391,41.679,14,331,210
ETH/USDT,15m,0.4,0.075,0.01,36,7.5,555,3.7,106.7,9.2,0.536,57.13,36,354,165
ETH/USDT,15m,0.4,0.075,0.01,48,7.5,555,3.7,106.7,9.0,0.501,53.448,36,362,157
ETH/USDT,15m,0.4,0.075,0.015,4,5.0,555,3.7,106.7,0.9,0.17,18.087,1,116,438
ETH/USDT,15m,0.4,0.075,0.015,6,5.0,555,3.7,106.7,2.1,0.264,28.105,3,143,409
ETH/USDT,15m,0.4,0.075,0.015,8,5.0,555,3.7,106.7,2.9,0.358,38.175,5,165,385
ETH/USDT,15m,0.4,0.075,0.015,12,5.0,555,3.7,106.7,3.1,0.368,39.288,6,188,361
ETH/USDT,15m,0.4,0.075,0.015,16,5.0,555,3.7,106.7,3.2,0.384,40.931,7,214,334
ETH/USDT,15m,0.4,0.075,0.015,20,5.0,555,3.7,106.7,5.2,0.397,42.337,13,237,305
ETH/USDT,15m,0.4,0.075,0.015,24,5.0,555,3.7,106.7,5.8,0.389,41.456,16,259,280
ETH/USDT,15m,0.4,0.075,0.015,36,5.0,555,3.7,106.7,11.2,0.502,53.541,38,300,217
ETH/USDT,15m,0.4,0.075,0.015,48,5.0,555,3.7,106.7,11.0,0.469,50.009,38,309,208
ETH/USDT,15m,0.4,0.075,0.02,4,3.8,555,3.7,106.7,1.6,0.206,21.992,1,62,492
ETH/USDT,15m,0.4,0.075,0.02,6,3.8,555,3.7,106.7,3.1,0.292,31.102,3,95,457
ETH/USDT,15m,0.4,0.075,0.02,8,3.8,555,3.7,106.7,4.3,0.391,41.667,5,110,440
ETH/USDT,15m,0.4,0.075,0.02,12,3.8,555,3.7,106.7,4.0,0.379,40.452,6,144,405
ETH/USDT,15m,0.4,0.075,0.02,16,3.8,555,3.7,106.7,4.0,0.409,43.601,7,168,380
ETH/USDT,15m,0.4,0.075,0.02,20,3.8,555,3.7,106.7,6.5,0.43,45.813,13,186,356
ETH/USDT,15m,0.4,0.075,0.02,24,3.8,555,3.7,106.7,7.3,0.416,44.375,16,204,335
ETH/USDT,15m,0.4,0.075,0.02,36,3.8,555,3.7,106.7,15.1,0.586,62.534,44,248,263
ETH/USDT,15m,0.4,0.075,0.02,48,3.8,555,3.7,106.7,15.3,0.554,59.07,47,260,248
ETH/USDT,15m,0.4,0.075,0.025,4,3.0,555,3.7,106.7,2.7,0.237,25.229,1,36,518
ETH/USDT,15m,0.4,0.075,0.025,6,3.0,555,3.7,106.7,4.8,0.306,32.659,3,59,493
ETH/USDT,15m,0.4,0.075,0.025,8,3.0,555,3.7,106.7,5.9,0.393,41.892,5,80,470
ETH/USDT,15m,0.4,0.075,0.025,12,3.0,555,3.7,106.7,5.0,0.361,38.504,6,114,435
ETH/USDT,15m,0.4,0.075,0.025,16,3.0,555,3.7,106.7,4.9,0.367,39.156,7,136,412
ETH/USDT,15m,0.4,0.075,0.025,20,3.0,555,3.7,106.7,8.0,0.387,41.225,13,149,393
ETH/USDT,15m,0.4,0.075,0.025,24,3.0,555,3.7,106.7,8.8,0.404,43.137,16,166,373
ETH/USDT,15m,0.4,0.075,0.025,36,3.0,555,3.7,106.7,17.4,0.542,57.756,44,209,302
ETH/USDT,15m,0.4,0.075,0.025,48,3.0,555,3.7,106.7,17.6,0.517,55.102,49,229,277
ETH/USDT,15m,0.4,0.1,0.008,4,12.5,555,3.7,106.7,0.0,0.165,17.575,0,220,335
ETH/USDT,15m,0.4,0.1,0.008,6,12.5,555,3.7,106.7,0.0,0.26,27.777,0,249,306
ETH/USDT,15m,0.4,0.1,0.008,8,12.5,555,3.7,106.7,0.4,0.325,34.707,1,273,281
ETH/USDT,15m,0.4,0.1,0.008,12,12.5,555,3.7,106.7,0.3,0.3,31.953,1,312,242
ETH/USDT,15m,0.4,0.1,0.008,16,12.5,555,3.7,106.7,0.3,0.334,35.657,1,328,226
ETH/USDT,15m,0.4,0.1,0.008,20,12.5,555,3.7,106.7,0.3,0.354,37.8,1,347,207
ETH/USDT,15m,0.4,0.1,0.008,24,12.5,555,3.7,106.7,0.6,0.377,40.239,2,360,193
ETH/USDT,15m,0.4,0.1,0.008,36,12.5,555,3.7,106.7,1.6,0.527,56.237,6,379,170
ETH/USDT,15m,0.4,0.1,0.008,48,12.5,555,3.7,106.7,2.0,0.499,53.192,8,387,160
ETH/USDT,15m,0.4,0.1,0.01,4,10.0,555,3.7,106.7,0.0,0.175,18.62,0,182,373
ETH/USDT,15m,0.4,0.1,0.01,6,10.0,555,3.7,106.7,0.0,0.272,28.976,0,211,344
ETH/USDT,15m,0.4,0.1,0.01,8,10.0,555,3.7,106.7,0.8,0.347,37.014,2,239,314
ETH/USDT,15m,0.4,0.1,0.01,12,10.0,555,3.7,106.7,0.7,0.338,36.091,2,266,287
ETH/USDT,15m,0.4,0.1,0.01,16,10.0,555,3.7,106.7,0.7,0.368,39.237,2,286,267
ETH/USDT,15m,0.4,0.1,0.01,20,10.0,555,3.7,106.7,0.6,0.367,39.178,2,315,238
ETH/USDT,15m,0.4,0.1,0.01,24,10.0,555,3.7,106.7,0.9,0.374,39.847,3,331,221
ETH/USDT,15m,0.4,0.1,0.01,36,10.0,555,3.7,106.7,1.9,0.531,56.604,7,354,194
ETH/USDT,15m,0.4,0.1,0.01,48,10.0,555,3.7,106.7,2.4,0.502,53.524,9,362,184
ETH/USDT,15m,0.4,0.1,0.015,4,6.7,555,3.7,106.7,0.0,0.169,18.006,0,116,439
ETH/USDT,15m,0.4,0.1,0.015,6,6.7,555,3.7,106.7,0.0,0.263,28.011,0,143,412
ETH/USDT,15m,0.4,0.1,0.015,8,6.7,555,3.7,106.7,1.8,0.368,39.24,3,165,387
ETH/USDT,15m,0.4,0.1,0.015,12,6.7,555,3.7,106.7,1.6,0.373,39.766,3,188,364
ETH/USDT,15m,0.4,0.1,0.015,16,6.7,555,3.7,106.7,1.4,0.383,40.867,3,214,338
ETH/USDT,15m,0.4,0.1,0.015,20,6.7,555,3.7,106.7,1.2,0.383,40.817,3,237,315
ETH/USDT,15m,0.4,0.1,0.015,24,6.7,555,3.7,106.7,1.5,0.372,39.655,4,259,292
ETH/USDT,15m,0.4,0.1,0.015,36,6.7,555,3.7,106.7,2.6,0.499,53.227,8,300,247
ETH/USDT,15m,0.4,0.1,0.015,48,6.7,555,3.7,106.7,3.1,0.472,50.32,10,309,236
ETH/USDT,15m,0.4,0.1,0.02,4,5.0,555,3.7,106.7,0.0,0.205,21.91,0,62,493
ETH/USDT,15m,0.4,0.1,0.02,6,5.0,555,3.7,106.7,0.0,0.291,31.008,0,95,460
ETH/USDT,15m,0.4,0.1,0.02,8,5.0,555,3.7,106.7,2.7,0.401,42.732,3,110,442
ETH/USDT,15m,0.4,0.1,0.02,12,5.0,555,3.7,106.7,2.0,0.384,40.93,3,144,408
ETH/USDT,15m,0.4,0.1,0.02,16,5.0,555,3.7,106.7,1.8,0.408,43.537,3,168,384
ETH/USDT,15m,0.4,0.1,0.02,20,5.0,555,3.7,106.7,1.6,0.415,44.294,3,186,366
ETH/USDT,15m,0.4,0.1,0.02,24,5.0,555,3.7,106.7,1.9,0.399,42.574,4,204,347
ETH/USDT,15m,0.4,0.1,0.02,36,5.0,555,3.7,106.7,3.1,0.578,61.685,8,248,299
ETH/USDT,15m,0.4,0.1,0.02,48,5.0,555,3.7,106.7,4.4,0.563,60.044,12,260,283
ETH/USDT,15m,0.4,0.1,0.025,4,4.0,555,3.7,106.7,0.0,0.236,25.148,0,36,519
ETH/USDT,15m,0.4,0.1,0.025,6,4.0,555,3.7,106.7,0.0,0.305,32.565,0,59,496
ETH/USDT,15m,0.4,0.1,0.025,8,4.0,555,3.7,106.7,3.6,0.403,42.956,3,80,472
ETH/USDT,15m,0.4,0.1,0.025,12,4.0,555,3.7,106.7,2.6,0.366,38.983,3,114,438
ETH/USDT,15m,0.4,0.1,0.025,16,4.0,555,3.7,106.7,2.2,0.367,39.092,3,136,416
ETH/USDT,15m,0.4,0.1,0.025,20,4.0,555,3.7,106.7,2.0,0.372,39.706,3,149,403
ETH/USDT,15m,0.4,0.1,0.025,24,4.0,555,3.7,106.7,2.4,0.388,41.337,4,166,385
ETH/USDT,15m,0.4,0.1,0.025,36,4.0,555,3.7,106.7,3.7,0.534,56.906,8,209,338
ETH/USDT,15m,0.4,0.1,0.025,48,4.0,555,3.7,106.7,5.0,0.526,56.066,12,229,314
ETH/USDT,15m,0.45,0.01,0.008,4,1.2,433,2.89,83.2,49.8,0.102,8.449,163,164,106
ETH/USDT,15m,0.45,0.01,0.008,6,1.2,433,2.89,83.2,52.9,0.135,11.192,192,171,70
ETH/USDT,15m,0.45,0.01,0.008,8,1.2,433,2.89,83.2,53.8,0.153,12.726,206,177,50
ETH/USDT,15m,0.45,0.01,0.008,12,1.2,433,2.89,83.2,53.3,0.157,13.031,219,192,22
ETH/USDT,15m,0.45,0.01,0.008,16,1.2,433,2.89,83.2,53.3,0.158,13.106,223,195,15
ETH/USDT,15m,0.45,0.01,0.008,20,1.2,433,2.89,83.2,53.2,0.153,12.769,224,197,12
ETH/USDT,15m,0.45,0.01,0.008,24,1.2,433,2.89,83.2,53.1,0.151,12.551,225,199,9
ETH/USDT,15m,0.45,0.01,0.008,36,1.2,433,2.89,83.2,52.9,0.154,12.786,226,201,6
ETH/USDT,15m,0.45,0.01,0.008,48,1.2,433,2.89,83.2,53.0,0.153,12.753,227,201,5
ETH/USDT,15m,0.45,0.015,0.008,4,1.9,433,2.89,83.2,39.3,0.164,13.656,114,176,143
ETH/USDT,15m,0.45,0.015,0.008,6,1.9,433,2.89,83.2,44.1,0.232,19.345,146,185,102
ETH/USDT,15m,0.45,0.015,0.008,8,1.9,433,2.89,83.2,47.8,0.281,23.377,175,191,67
ETH/USDT,15m,0.45,0.015,0.008,12,1.9,433,2.89,83.2,47.2,0.29,24.106,185,207,41
ETH/USDT,15m,0.45,0.015,0.008,16,1.9,433,2.89,83.2,47.9,0.302,25.139,193,210,30
ETH/USDT,15m,0.45,0.015,0.008,20,1.9,433,2.89,83.2,47.8,0.295,24.528,196,214,23
ETH/USDT,15m,0.45,0.015,0.008,24,1.9,433,2.89,83.2,47.6,0.287,23.867,197,217,19
ETH/USDT,15m,0.45,0.015,0.008,36,1.9,433,2.89,83.2,47.4,0.293,24.407,200,222,11
ETH/USDT,15m,0.45,0.015,0.008,48,1.9,433,2.89,83.2,47.4,0.291,24.215,201,223,9
ETH/USDT,15m,0.45,0.015,0.01,4,1.5,433,2.89,83.2,45.5,0.18,14.942,121,145,167
ETH/USDT,15m,0.45,0.015,0.01,6,1.5,433,2.89,83.2,50.2,0.26,21.621,157,156,120
ETH/USDT,15m,0.45,0.015,0.01,8,1.5,433,2.89,83.2,53.7,0.31,25.759,191,165,77
ETH/USDT,15m,0.45,0.015,0.01,12,1.5,433,2.89,83.2,54.1,0.328,27.286,204,173,56
ETH/USDT,15m,0.45,0.015,0.01,16,1.5,433,2.89,83.2,54.5,0.338,28.129,213,178,42
ETH/USDT,15m,0.45,0.015,0.01,20,1.5,433,2.89,83.2,53.6,0.321,26.732,216,187,30
ETH/USDT,15m,0.45,0.015,0.01,24,1.5,433,2.89,83.2,53.2,0.31,25.825,217,191,25
ETH/USDT,15m,0.45,0.015,0.01,36,1.5,433,2.89,83.2,52.8,0.317,26.391,220,197,16
ETH/USDT,15m,0.45,0.015,0.01,48,1.5,433,2.89,83.2,52.6,0.312,25.984,221,199,13
ETH/USDT,15m,0.45,0.02,0.008,4,2.5,433,2.89,83.2,27.3,0.18,14.998,68,181,184
ETH/USDT,15m,0.45,0.02,0.008,6,2.5,433,2.89,83.2,35.2,0.282,23.481,105,193,135
ETH/USDT,15m,0.45,0.02,0.008,8,2.5,433,2.89,83.2,40.2,0.354,29.475,135,201,97
ETH/USDT,15m,0.45,0.02,0.008,12,2.5,433,2.89,83.2,41.1,0.371,30.834,154,221,58
ETH/USDT,15m,0.45,0.02,0.008,16,2.5,433,2.89,83.2,42.3,0.398,33.141,165,225,43
ETH/USDT,15m,0.45,0.02,0.008,20,2.5,433,2.89,83.2,42.8,0.403,33.515,171,229,33
ETH/USDT,15m,0.45,0.02,0.008,24,2.5,433,2.89,83.2,42.8,0.393,32.737,174,233,26
ETH/USDT,15m,0.45,0.02,0.008,36,2.5,433,2.89,83.2,42.1,0.384,31.945,176,242,15
ETH/USDT,15m,0.45,0.02,0.008,48,2.5,433,2.89,83.2,42.3,0.385,31.996,178,243,12
ETH/USDT,15m,0.45,0.02,0.01,4,2.0,433,2.89,83.2,32.7,0.197,16.38,73,150,210
ETH/USDT,15m,0.45,0.02,0.01,6,2.0,433,2.89,83.2,40.6,0.308,25.652,113,165,155
ETH/USDT,15m,0.45,0.02,0.01,8,2.0,433,2.89,83.2,45.0,0.381,31.704,144,176,113
ETH/USDT,15m,0.45,0.02,0.01,12,2.0,433,2.89,83.2,47.2,0.406,33.815,167,187,79
ETH/USDT,15m,0.45,0.02,0.01,16,2.0,433,2.89,83.2,48.3,0.435,36.155,180,193,60
ETH/USDT,15m,0.45,0.02,0.01,20,2.0,433,2.89,83.2,47.9,0.426,35.476,187,203,43
ETH/USDT,15m,0.45,0.02,0.01,24,2.0,433,2.89,83.2,47.8,0.415,34.542,191,209,33
ETH/USDT,15m,0.45,0.02,0.01,36,2.0,433,2.89,83.2,46.7,0.401,33.352,193,220,20
ETH/USDT,15m,0.45,0.02,0.01,48,2.0,433,2.89,83.2,46.8,0.399,33.189,195,222,16
ETH/USDT,15m,0.45,0.02,0.015,4,1.3,433,2.89,83.2,44.5,0.196,16.331,77,96,260
ETH/USDT,15m,0.45,0.02,0.015,6,1.3,433,2.89,83.2,50.6,0.303,25.229,118,115,200
ETH/USDT,15m,0.45,0.02,0.015,8,1.3,433,2.89,83.2,55.1,0.406,33.789,156,127,150
ETH/USDT,15m,0.45,0.02,0.015,12,1.3,433,2.89,83.2,57.7,0.453,37.699,184,135,114
ETH/USDT,15m,0.45,0.02,0.015,16,1.3,433,2.89,83.2,58.7,0.487,40.495,203,143,87
ETH/USDT,15m,0.45,0.02,0.015,20,1.3,433,2.89,83.2,58.4,0.482,40.111,213,152,68
ETH/USDT,15m,0.45,0.02,0.015,24,1.3,433,2.89,83.2,57.8,0.471,39.202,219,160,54
ETH/USDT,15m,0.45,0.02,0.015,36,1.3,433,2.89,83.2,55.7,0.434,36.133,224,178,31
ETH/USDT,15m,0.45,0.02,0.015,48,1.3,433,2.89,83.2,55.6,0.427,35.52,227,181,25
ETH/USDT,15m,0.45,0.025,0.008,4,3.1,433,2.89,83.2,19.1,0.189,15.727,43,182,208
ETH/USDT,15m,0.45,0.025,0.008,6,3.1,433,2.89,83.2,24.3,0.285,23.674,64,199,170
ETH/USDT,15m,0.45,0.025,0.008,8,3.1,433,2.89,83.2,29.4,0.377,31.345,87,209,137
ETH/USDT,15m,0.45,0.025,0.008,12,3.1,433,2.89,83.2,34.2,0.406,33.749,120,231,82
ETH/USDT,15m,0.45,0.025,0.008,16,3.1,433,2.89,83.2,35.6,0.452,37.569,130,235,68
ETH/USDT,15m,0.45,0.025,0.008,20,3.1,433,2.89,83.2,37.2,0.463,38.51,142,240,51
ETH/USDT,15m,0.45,0.025,0.008,24,3.1,433,2.89,83.2,36.9,0.444,36.939,143,245,45
ETH/USDT,15m,0.45,0.025,0.008,36,3.1,433,2.89,83.2,36.2,0.425,35.356,146,257,30
ETH/USDT,15m,0.45,0.025,0.008,48,3.1,433,2.89,83.2,36.7,0.424,35.321,150,259,24
ETH/USDT,15m,0.45,0.025,0.01,4,2.5,433,2.89,83.2,23.7,0.209,17.394,47,151,235
ETH/USDT,15m,0.45,0.025,0.01,6,2.5,433,2.89,83.2,29.6,0.318,26.49,71,169,193
ETH/USDT,15m,0.45,0.025,0.01,8,2.5,433,2.89,83.2,34.1,0.406,33.774,95,184,154
ETH/USDT,15m,0.45,0.025,0.01,12,2.5,433,2.89,83.2,39.9,0.441,36.724,131,197,105
ETH/USDT,15m,0.45,0.025,0.01,16,2.5,433,2.89,83.2,41.2,0.485,40.321,143,204,86
ETH/USDT,15m,0.45,0.025,0.01,20,2.5,433,2.89,83.2,41.9,0.484,40.241,156,216,61
ETH/USDT,15m,0.45,0.025,0.01,24,2.5,433,2.89,83.2,41.6,0.464,38.587,158,222,53
ETH/USDT,15m,0.45,0.025,0.01,36,2.5,433,2.89,83.2,40.5,0.438,36.475,161,237,35
ETH/USDT,15m,0.45,0.025,0.01,48,2.5,433,2.89,83.2,40.8,0.437,36.404,165,239,29
ETH/USDT,15m,0.45,0.025,0.015,4,1.7,433,2.89,83.2,34.0,0.208,17.348,50,97,286
ETH/USDT,15m,0.45,0.025,0.015,6,1.7,433,2.89,83.2,38.9,0.315,26.203,75,118,240
ETH/USDT,15m,0.45,0.025,0.015,8,1.7,433,2.89,83.2,43.2,0.428,35.58,101,133,199
ETH/USDT,15m,0.45,0.025,0.015,12,1.7,433,2.89,83.2,49.8,0.477,39.727,144,145,144
ETH/USDT,15m,0.45,0.025,0.015,16,1.7,433,2.89,83.2,50.9,0.524,43.579,161,155,117
ETH/USDT,15m,0.45,0.025,0.015,20,1.7,433,2.89,83.2,51.7,0.533,44.329,178,166,89
ETH/USDT,15m,0.45,0.025,0.015,24,1.7,433,2.89,83.2,50.8,0.512,42.583,181,175,77
ETH/USDT,15m,0.45,0.025,0.015,36,1.7,433,2.89,83.2,48.8,0.462,38.472,188,197,48
ETH/USDT,15m,0.45,0.025,0.015,48,1.7,433,2.89,83.2,49.1,0.457,38.027,193,200,40
ETH/USDT,15m,0.45,0.025,0.02,4,1.2,433,2.89,83.2,48.1,0.251,20.872,51,55,327
ETH/USDT,15m,0.45,0.025,0.02,6,1.2,433,2.89,83.2,49.1,0.362,30.124,79,82,272
ETH/USDT,15m,0.45,0.025,0.02,8,1.2,433,2.89,83.2,54.5,0.498,41.474,109,91,233
ETH/USDT,15m,0.45,0.025,0.02,12,1.2,433,2.89,83.2,58.6,0.529,44.024,156,110,167
ETH/USDT,15m,0.45,0.025,0.02,16,1.2,433,2.89,83.2,58.6,0.574,47.777,174,123,136
ETH/USDT,15m,0.45,0.025,0.02,20,1.2,433,2.89,83.2,59.3,0.579,48.202,192,132,109
ETH/USDT,15m,0.45,0.025,0.02,24,1.2,433,2.89,83.2,58.6,0.554,46.096,198,140,95
ETH/USDT,15m,0.45,0.025,0.02,36,1.2,433,2.89,83.2,56.3,0.489,40.72,206,160,67
ETH/USDT,15m,0.45,0.025,0.02,48,1.2,433,2.89,83.2,56.0,0.475,39.497,211,166,56
ETH/USDT,15m,0.45,0.03,0.008,4,3.8,433,2.89,83.2,11.7,0.185,15.414,24,182,227
ETH/USDT,15m,0.45,0.03,0.008,6,3.8,433,2.89,83.2,18.1,0.305,25.364,44,199,190
ETH/USDT,15m,0.45,0.03,0.008,8,3.8,433,2.89,83.2,24.1,0.407,33.843,67,211,155
ETH/USDT,15m,0.45,0.03,0.008,12,3.8,433,2.89,83.2,29.3,0.453,37.676,97,234,102
ETH/USDT,15m,0.45,0.03,0.008,16,3.8,433,2.89,83.2,30.7,0.493,41.003,107,241,85
ETH/USDT,15m,0.45,0.03,0.008,20,3.8,433,2.89,83.2,32.2,0.499,41.482,119,250,64
ETH/USDT,15m,0.45,0.03,0.008,24,3.8,433,2.89,83.2,32.5,0.479,39.844,123,256,54
ETH/USDT,15m,0.45,0.03,0.008,36,3.8,433,2.89,83.2,31.9,0.452,37.614,126,269,38
ETH/USDT,15m,0.45,0.03,0.008,48,3.8,433,2.89,83.2,31.8,0.436,36.314,127,273,33
ETH/USDT,15m,0.45,0.03,0.01,4,3.0,433,2.89,83.2,14.2,0.202,16.832,25,151,257
ETH/USDT,15m,0.45,0.03,0.01,6,3.0,433,2.89,83.2,21.8,0.328,27.303,47,169,217
ETH/USDT,15m,0.45,0.03,0.01,8,3.0,433,2.89,83.2,27.3,0.424,35.301,70,186,177
ETH/USDT,15m,0.45,0.03,0.01,12,3.0,433,2.89,83.2,34.4,0.484,40.311,105,200,128
ETH/USDT,15m,0.45,0.03,0.01,16,3.0,433,2.89,83.2,35.6,0.523,43.51,116,210,107
ETH/USDT,15m,0.45,0.03,0.01,20,3.0,433,2.89,83.2,36.2,0.513,42.671,129,227,77
ETH/USDT,15m,0.45,0.03,0.01,24,3.0,433,2.89,83.2,36.2,0.487,40.482,133,234,66
ETH/USDT,15m,0.45,0.03,0.01,36,3.0,433,2.89,83.2,35.3,0.461,38.361,136,249,48
ETH/USDT,15m,0.45,0.03,0.01,48,3.0,433,2.89,83.2,35.1,0.435,36.162,137,253,43
ETH/USDT,15m,0.45,0.03,0.015,4,2.0,433,2.89,83.2,21.8,0.204,16.973,27,97,309
ETH/USDT,15m,0.45,0.03,0.015,6,2.0,433,2.89,83.2,29.8,0.324,26.929,50,118,265
ETH/USDT,15m,0.45,0.03,0.015,8,2.0,433,2.89,83.2,35.6,0.444,36.916,74,134,225
ETH/USDT,15m,0.45,0.03,0.015,12,2.0,433,2.89,83.2,42.5,0.502,41.754,110,149,174
ETH/USDT,15m,0.45,0.03,0.015,16,2.0,433,2.89,83.2,43.5,0.533,44.327,123,160,150
ETH/USDT,15m,0.45,0.03,0.015,20,2.0,433,2.89,83.2,43.7,0.516,42.938,136,175,122
ETH/USDT,15m,0.45,0.03,0.015,24,2.0,433,2.89,83.2,42.6,0.46,38.299,141,190,102
ETH/USDT,15m,0.45,0.03,0.015,36,2.0,433,2.89,83.2,40.8,0.408,33.945,149,216,68
ETH/USDT,15m,0.45,0.03,0.015,48,2.0,433,2.89,83.2,40.7,0.364,30.29,151,220,62
ETH/USDT,15m,0.45,0.03,0.02,4,1.5,433,2.89,83.2,32.9,0.246,20.492,27,55,351
ETH/USDT,15m,0.45,0.03,0.02,6,1.5,433,2.89,83.2,38.8,0.364,30.256,52,82,299
ETH/USDT,15m,0.45,0.03,0.02,8,1.5,433,2.89,83.2,45.3,0.502,41.744,77,93,263
ETH/USDT,15m,0.45,0.03,0.02,12,1.5,433,2.89,83.2,50.4,0.544,45.251,117,115,201
ETH/USDT,15m,0.45,0.03,0.02,16,1.5,433,2.89,83.2,51.1,0.581,48.334,135,129,169
ETH/USDT,15m,0.45,0.03,0.02,20,1.5,433,2.89,83.2,51.4,0.562,46.768,149,141,143
ETH/USDT,15m,0.45,0.03,0.02,24,1.5,433,2.89,83.2,50.6,0.499,41.538,156,152,125
ETH/USDT,15m,0.45,0.03,0.02,36,1.5,433,2.89,83.2,48.0,0.422,35.137,166,180,87
ETH/USDT,15m,0.45,0.03,0.02,48,1.5,433,2.89,83.2,47.5,0.37,30.801,168,186,79
ETH/USDT,15m,0.45,0.03,0.025,4,1.2,433,2.89,83.2,45.9,0.283,23.574,28,33,372
ETH/USDT,15m,0.45,0.03,0.025,6,1.2,433,2.89,83.2,50.5,0.382,31.774,53,52,328
ETH/USDT,15m,0.45,0.03,0.025,8,1.2,433,2.89,83.2,53.7,0.506,42.086,80,69,284
ETH/USDT,15m,0.45,0.03,0.025,12,1.2,433,2.89,83.2,56.1,0.53,44.06,120,94,219
ETH/USDT,15m,0.45,0.03,0.025,16,1.2,433,2.89,83.2,55.9,0.545,45.357,138,109,186
ETH/USDT,15m,0.45,0.03,0.025,20,1.2,433,2.89,83.2,56.5,0.515,42.875,152,117,164
ETH/USDT,15m,0.45,0.03,0.025,24,1.2,433,2.89,83.2,55.6,0.459,38.23,159,127,147
ETH/USDT,15m,0.45,0.03,0.025,36,1.2,433,2.89,83.2,51.8,0.326,27.107,171,159,103
ETH/USDT,15m,0.45,0.03,0.025,48,1.2,433,2.89,83.2,50.3,0.254,21.099,173,171,89
ETH/USDT,15m,0.45,0.04,0.008,4,5.0,433,2.89,83.2,5.2,0.189,15.691,10,182,241
ETH/USDT,15m,0.45,0.04,0.008,6,5.0,433,2.89,83.2,10.0,0.308,25.627,22,199,212
ETH/USDT,15m,0.45,0.04,0.008,8,5.0,433,2.89,83.2,12.8,0.395,32.898,31,212,190
ETH/USDT,15m,0.45,0.04,0.008,12,5.0,433,2.89,83.2,14.8,0.396,32.981,42,241,150
ETH/USDT,15m,0.45,0.04,0.008,16,5.0,433,2.89,83.2,16.3,0.422,35.095,49,252,132
ETH/USDT,15m,0.45,0.04,0.008,20,5.0,433,2.89,83.2,18.8,0.429,35.656,62,267,104
ETH/USDT,15m,0.45,0.04,0.008,24,5.0,433,2.89,83.2,21.9,0.437,36.331,77,275,81
ETH/USDT,15m,0.45,0.04,0.008,36,5.0,433,2.89,83.2,21.7,0.41,34.152,80,289,64
ETH/USDT,15m,0.45,0.04,0.008,48,5.0,433,2.89,83.2,22.2,0.38,31.648,84,295,54
ETH/USDT,15m,0.45,0.04,0.01,4,4.0,433,2.89,83.2,6.8,0.208,17.302,11,151,271
ETH/USDT,15m,0.45,0.04,0.01,6,4.0,433,2.89,83.2,12.0,0.332,27.646,23,169,241
ETH/USDT,15m,0.45,0.04,0.01,8,4.0,433,2.89,83.2,15.0,0.417,34.683,33,187,213
ETH/USDT,15m,0.45,0.04,0.01,12,4.0,433,2.89,83.2,19.5,0.443,36.885,50,207,176
ETH/USDT,15m,0.45,0.04,0.01,16,4.0,433,2.89,83.2,20.5,0.465,38.656,57,221,155
ETH/USDT,15m,0.45,0.04,0.01,20,4.0,433,2.89,83.2,22.6,0.456,37.902,71,243,119
ETH/USDT,15m,0.45,0.04,0.01,24,4.0,433,2.89,83.2,25.4,0.454,37.751,86,253,94
ETH/USDT,15m,0.45,0.04,0.01,36,4.0,433,2.89,83.2,24.9,0.429,35.716,89,269,75
ETH/USDT,15m,0.45,0.04,0.01,48,4.0,433,2.89,83.2,25.3,0.386,32.155,93,275,65
ETH/USDT,15m,0.45,0.04,0.015,4,2.7,433,2.89,83.2,11.0,0.209,17.349,12,97,324
ETH/USDT,15m,0.45,0.04,0.015,6,2.7,433,2.89,83.2,16.9,0.325,27.038,24,118,291
ETH/USDT,15m,0.45,0.04,0.015,8,2.7,433,2.89,83.2,20.6,0.434,36.102,35,135,263
ETH/USDT,15m,0.45,0.04,0.015,12,2.7,433,2.89,83.2,26.3,0.469,39.063,54,151,228
ETH/USDT,15m,0.45,0.04,0.015,16,2.7,433,2.89,83.2,26.4,0.47,39.07,61,170,202
ETH/USDT,15m,0.45,0.04,0.015,20,2.7,433,2.89,83.2,28.7,0.458,38.111,76,189,168
ETH/USDT,15m,0.45,0.04,0.015,24,2.7,433,2.89,83.2,30.6,0.424,35.3,91,206,136
ETH/USDT,15m,0.45,0.04,0.015,36,2.7,433,2.89,83.2,29.6,0.371,30.905,99,236,98
ETH/USDT,15m,0.45,0.04,0.015,48,2.7,433,2.89,83.2,29.9,0.305,25.38,103,241,89
ETH/USDT,15m,0.45,0.04,0.02,4,2.0,433,2.89,83.2,17.9,0.251,20.868,12,55,366
ETH/USDT,15m,0.45,0.04,0.02,6,2.0,433,2.89,83.2,22.6,0.359,29.896,24,82,327
ETH/USDT,15m,0.45,0.04,0.02,8,2.0,433,2.89,83.2,27.3,0.479,39.816,35,93,305
ETH/USDT,15m,0.45,0.04,0.02,12,2.0,433,2.89,83.2,32.0,0.5,41.642,55,117,261
ETH/USDT,15m,0.45,0.04,0.02,16,2.0,433,2.89,83.2,32.8,0.516,42.926,67,137,229
ETH/USDT,15m,0.45,0.04,0.02,20,2.0,433,2.89,83.2,35.7,0.496,41.253,84,151,198
ETH/USDT,15m,0.45,0.04,0.02,24,2.0,433,2.89,83.2,37.6,0.459,38.218,99,164,170
ETH/USDT,15m,0.45,0.04,0.02,36,2.0,433,2.89,83.2,36.8,0.419,34.898,114,196,123
ETH/USDT,15m,0.45,0.04,0.02,48,2.0,433,2.89,83.2,37.0,0.346,28.82,119,203,111
ETH/USDT,15m,0.45,0.04,0.025,4,1.6,433,2.89,83.2,26.7,0.286,23.819,12,33,388
ETH/USDT,15m,0.45,0.04,0.025,6,1.6,433,2.89,83.2,31.6,0.374,31.133,24,52,357
ETH/USDT,15m,0.45,0.04,0.025,8,1.6,433,2.89,83.2,33.7,0.478,39.761,35,69,329
ETH/USDT,15m,0.45,0.04,0.025,12,1.6,433,2.89,83.2,36.4,0.479,39.854,55,96,282
ETH/USDT,15m,0.45,0.04,0.025,16,1.6,433,2.89,83.2,37.6,0.468,38.951,67,111,255
ETH/USDT,15m,0.45,0.04,0.025,20,1.6,433,2.89,83.2,41.2,0.456,37.914,84,120,229
ETH/USDT,15m,0.45,0.04,0.025,24,1.6,433,2.89,83.2,43.3,0.465,38.681,100,131,202
ETH/USDT,15m,0.45,0.04,0.025,36,1.6,433,2.89,83.2,41.8,0.389,32.349,120,167,146
ETH/USDT,15m,0.45,0.04,0.025,48,1.6,433,2.89,83.2,41.7,0.306,25.502,128,179,126
ETH/USDT,15m,0.45,0.05,0.008,4,6.2,433,2.89,83.2,2.2,0.196,16.325,4,182,247
ETH/USDT,15m,0.45,0.05,0.008,6,6.2,433,2.89,83.2,5.2,0.317,26.405,11,199,223
ETH/USDT,15m,0.45,0.05,0.008,8,6.2,433,2.89,83.2,7.0,0.41,34.152,16,212,205
ETH/USDT,15m,0.45,0.05,0.008,12,6.2,433,2.89,83.2,9.4,0.395,32.847,25,241,167
ETH/USDT,15m,0.45,0.05,0.008,16,6.2,433,2.89,83.2,10.6,0.427,35.495,30,253,150
ETH/USDT,15m,0.45,0.05,0.008,20,6.2,433,2.89,83.2,12.3,0.445,37.003,38,270,125
ETH/USDT,15m,0.45,0.05,0.008,24,6.2,433,2.89,83.2,15.5,0.484,40.257,51,279,103
ETH/USDT,15m,0.45,0.05,0.008,36,6.2,433,2.89,83.2,17.9,0.475,39.542,64,293,76
ETH/USDT,15m,0.45,0.05,0.008,48,6.2,433,2.89,83.2,18.1,0.442,36.775,66,299,68
ETH/USDT,15m,0.45,0.05,0.01,4,5.0,433,2.89,83.2,2.6,0.214,17.812,4,151,278
ETH/USDT,15m,0.45,0.05,0.01,6,5.0,433,2.89,83.2,6.1,0.34,28.253,11,169,253
ETH/USDT,15m,0.45,0.05,0.01,8,5.0,433,2.89,83.2,8.8,0.437,36.321,18,187,228
ETH/USDT,15m,0.45,0.05,0.01,12,5.0,433,2.89,83.2,12.3,0.446,37.08,29,207,197
ETH/USDT,15m,0.45,0.05,0.01,16,5.0,433,2.89,83.2,14.0,0.466,38.744,36,222,175
ETH/USDT,15m,0.45,0.05,0.01,20,5.0,433,2.89,83.2,15.1,0.461,38.394,44,247,142
ETH/USDT,15m,0.45,0.05,0.01,24,5.0,433,2.89,83.2,18.0,0.481,40.028,57,259,117
ETH/USDT,15m,0.45,0.05,0.01,36,5.0,433,2.89,83.2,20.2,0.471,39.223,70,276,87
ETH/USDT,15m,0.45,0.05,0.01,48,5.0,433,2.89,83.2,20.3,0.425,35.398,72,282,79
ETH/USDT,15m,0.45,0.05,0.015,4,3.3,433,2.89,83.2,4.9,0.217,18.051,5,97,331
ETH/USDT,15m,0.45,0.05,0.015,6,3.3,433,2.89,83.2,9.2,0.335,27.837,12,118,303
ETH/USDT,15m,0.45,0.05,0.015,8,3.3,433,2.89,83.2,12.9,0.458,38.125,20,135,278
ETH/USDT,15m,0.45,0.05,0.015,12,3.3,433,2.89,83.2,17.5,0.477,39.707,32,151,250
ETH/USDT,15m,0.45,0.05,0.015,16,3.3,433,2.89,83.2,18.7,0.478,39.801,39,170,224
ETH/USDT,15m,0.45,0.05,0.015,20,3.3,433,2.89,83.2,20.2,0.468,38.918,48,190,195
ETH/USDT,15m,0.45,0.05,0.015,24,3.3,433,2.89,83.2,22.6,0.464,38.574,61,209,163
ETH/USDT,15m,0.45,0.05,0.015,36,3.3,433,2.89,83.2,24.0,0.416,34.632,76,241,116
ETH/USDT,15m,0.45,0.05,0.015,48,3.3,433,2.89,83.2,24.5,0.374,31.1,80,246,107
ETH/USDT,15m,0.45,0.05,0.02,4,2.5,433,2.89,83.2,8.3,0.259,21.57,5,55,373
ETH/USDT,15m,0.45,0.05,0.02,6,2.5,433,2.89,83.2,12.8,0.369,30.695,12,82,339
ETH/USDT,15m,0.45,0.05,0.02,8,2.5,433,2.89,83.2,17.7,0.503,41.838,20,93,320
ETH/USDT,15m,0.45,0.05,0.02,12,2.5,433,2.89,83.2,21.5,0.506,42.088,32,117,284
ETH/USDT,15m,0.45,0.05,0.02,16,2.5,433,2.89,83.2,23.5,0.526,43.775,42,137,254
ETH/USDT,15m,0.45,0.05,0.02,20,2.5,433,2.89,83.2,25.9,0.509,42.387,53,152,228
ETH/USDT,15m,0.45,0.05,0.02,24,2.5,433,2.89,83.2,28.6,0.509,42.362,66,165,202
ETH/USDT,15m,0.45,0.05,0.02,36,2.5,433,2.89,83.2,31.2,0.508,42.264,90,198,145
ETH/USDT,15m,0.45,0.05,0.02,48,2.5,433,2.89,83.2,32.1,0.476,39.609,97,205,131
ETH/USDT,15m,0.45,0.05,0.025,4,2.0,433,2.89,83.2,13.2,0.295,24.521,5,33,395
ETH/USDT,15m,0.45,0.05,0.025,6,2.0,433,2.89,83.2,18.8,0.384,31.933,12,52,369
ETH/USDT,15m,0.45,0.05,0.025,8,2.0,433,2.89,83.2,22.5,0.502,41.783,20,69,344
ETH/USDT,15m,0.45,0.05,0.025,12,2.0,433,2.89,83.2,25.0,0.484,40.3,32,96,305
ETH/USDT,15m,0.45,0.05,0.025,16,2.0,433,2.89,83.2,27.5,0.478,39.801,42,111,280
ETH/USDT,15m,0.45,0.05,0.025,20,2.0,433,2.89,83.2,30.5,0.468,38.951,53,121,259
ETH/USDT,15m,0.45,0.05,0.025,24,2.0,433,2.89,83.2,33.3,0.514,42.797,66,132,235
ETH/USDT,15m,0.45,0.05,0.025,36,2.0,433,2.89,83.2,35.1,0.471,39.174,91,168,174
ETH/USDT,15m,0.45,0.05,0.025,48,2.0,433,2.89,83.2,36.2,0.443,36.827,102,180,151
ETH/USDT,15m,0.45,0.075,0.008,4,9.4,433,2.89,83.2,0.0,0.197,16.43,0,182,251
ETH/USDT,15m,0.45,0.075,0.008,6,9.4,433,2.89,83.2,1.0,0.326,27.13,2,199,232
ETH/USDT,15m,0.45,0.075,0.008,8,9.4,433,2.89,83.2,1.4,0.404,33.6,3,212,218
ETH/USDT,15m,0.45,0.075,0.008,12,9.4,433,2.89,83.2,1.2,0.369,30.74,3,241,189
ETH/USDT,15m,0.45,0.075,0.008,16,9.4,433,2.89,83.2,1.2,0.392,32.614,3,253,177
ETH/USDT,15m,0.45,0.075,0.008,20,9.4,433,2.89,83.2,3.2,0.427,35.503,9,270,154
ETH/USDT,15m,0.45,0.075,0.008,24,9.4,433,2.89,83.2,3.8,0.439,36.487,11,279,143
ETH/USDT,15m,0.45,0.075,0.008,36,9.4,433,2.89,83.2,8.4,0.564,46.954,27,293,113
ETH/USDT,15m,0.45,0.075,0.008,48,9.4,433,2.89,83.2,8.3,0.527,43.851,27,299,107
ETH/USDT,15m,0.45,0.075,0.01,4,7.5,433,2.89,83.2,0.0,0.215,17.917,0,151,282
ETH/USDT,15m,0.45,0.075,0.01,6,7.5,433,2.89,83.2,1.2,0.348,28.978,2,169,262
ETH/USDT,15m,0.45,0.075,0.01,8,7.5,433,2.89,83.2,2.1,0.435,36.171,4,187,242
ETH/USDT,15m,0.45,0.075,0.01,12,7.5,433,2.89,83.2,1.9,0.423,35.163,4,207,222
ETH/USDT,15m,0.45,0.075,0.01,16,7.5,433,2.89,83.2,1.8,0.435,36.155,4,222,207
ETH/USDT,15m,0.45,0.075,0.01,20,7.5,433,2.89,83.2,3.9,0.445,37.059,10,247,176
ETH/USDT,15m,0.45,0.075,0.01,24,7.5,433,2.89,83.2,4.4,0.435,36.202,12,259,162
ETH/USDT,15m,0.45,0.075,0.01,36,7.5,433,2.89,83.2,9.2,0.564,46.921,28,276,129
ETH/USDT,15m,0.45,0.075,0.01,48,7.5,433,2.89,83.2,9.0,0.514,42.757,28,282,123
ETH/USDT,15m,0.45,0.075,0.015,4,5.0,433,2.89,83.2,1.0,0.224,18.637,1,97,335
ETH/USDT,15m,0.45,0.075,0.015,6,5.0,433,2.89,83.2,2.5,0.349,29.042,3,118,312
ETH/USDT,15m,0.45,0.075,0.015,8,5.0,433,2.89,83.2,3.6,0.463,38.495,5,135,293
ETH/USDT,15m,0.45,0.075,0.015,12,5.0,433,2.89,83.2,3.8,0.465,38.702,6,151,276
ETH/USDT,15m,0.45,0.075,0.015,16,5.0,433,2.89,83.2,3.4,0.455,37.888,6,170,257
ETH/USDT,15m,0.45,0.075,0.015,20,5.0,433,2.89,83.2,5.9,0.457,38.063,12,190,231
ETH/USDT,15m,0.45,0.075,0.015,24,5.0,433,2.89,83.2,6.3,0.425,35.384,14,209,210
ETH/USDT,15m,0.45,0.075,0.015,36,5.0,433,2.89,83.2,11.1,0.502,41.734,30,241,162
ETH/USDT,15m,0.45,0.075,0.015,48,5.0,433,2.89,83.2,10.9,0.459,38.214,30,246,157
ETH/USDT,15m,0.45,0.075,0.02,4,3.8,433,2.89,83.2,1.8,0.266,22.156,1,55,377
ETH/USDT,15m,0.45,0.075,0.02,6,3.8,433,2.89,83.2,3.5,0.383,31.9,3,82,348
ETH/USDT,15m,0.45,0.075,0.02,8,3.8,433,2.89,83.2,5.1,0.507,42.209,5,93,335
ETH/USDT,15m,0.45,0.075,0.02,12,3.8,433,2.89,83.2,4.9,0.494,41.083,6,117,310
ETH/USDT,15m,0.45,0.075,0.02,16,3.8,433,2.89,83.2,4.2,0.498,41.411,6,137,290
ETH/USDT,15m,0.45,0.075,0.02,20,3.8,433,2.89,83.2,7.3,0.486,40.454,12,152,269
ETH/USDT,15m,0.45,0.075,0.02,24,3.8,433,2.89,83.2,7.8,0.463,38.539,14,165,254
ETH/USDT,15m,0.45,0.075,0.02,36,3.8,433,2.89,83.2,15.4,0.625,52.027,36,198,199
ETH/USDT,15m,0.45,0.075,0.02,48,3.8,433,2.89,83.2,16.0,0.584,48.571,39,205,189
ETH/USDT,15m,0.45,0.075,0.025,4,3.0,433,2.89,83.2,2.9,0.302,25.107,1,33,399
ETH/USDT,15m,0.45,0.075,0.025,6,3.0,433,2.89,83.2,5.5,0.398,33.138,3,52,378
ETH/USDT,15m,0.45,0.075,0.025,8,3.0,433,2.89,83.2,6.8,0.507,42.154,5,69,359
ETH/USDT,15m,0.45,0.075,0.025,12,3.0,433,2.89,83.2,5.9,0.472,39.295,6,96,331
ETH/USDT,15m,0.45,0.075,0.025,16,3.0,433,2.89,83.2,5.1,0.45,37.436,6,111,316
ETH/USDT,15m,0.45,0.075,0.025,20,3.0,433,2.89,83.2,9.0,0.445,37.019,12,121,300
ETH/USDT,15m,0.45,0.075,0.025,24,3.0,433,2.89,83.2,9.6,0.468,38.974,14,132,287
ETH/USDT,15m,0.45,0.075,0.025,36,3.0,433,2.89,83.2,17.6,0.592,49.272,36,168,229
ETH/USDT,15m,0.45,0.075,0.025,48,3.0,433,2.89,83.2,18.6,0.573,47.641,41,180,212
ETH/USDT,15m,0.45,0.1,0.008,4,12.5,433,2.89,83.2,0.0,0.197,16.43,0,182,251
ETH/USDT,15m,0.45,0.1,0.008,6,12.5,433,2.89,83.2,0.0,0.322,26.83,0,199,234
ETH/USDT,15m,0.45,0.1,0.008,8,12.5,433,2.89,83.2,0.5,0.405,33.704,1,212,220
ETH/USDT,15m,0.45,0.1,0.008,12,12.5,433,2.89,83.2,0.4,0.363,30.23,1,241,191
ETH/USDT,15m,0.45,0.1,0.008,16,12.5,433,2.89,83.2,0.4,0.385,32.052,1,253,179
ETH/USDT,15m,0.45,0.1,0.008,20,12.5,433,2.89,83.2,0.4,0.412,34.271,1,270,162
ETH/USDT,15m,0.45,0.1,0.008,24,12.5,433,2.89,83.2,0.7,0.418,34.783,2,279,152
ETH/USDT,15m,0.45,0.1,0.008,36,12.5,433,2.89,83.2,2.0,0.567,47.158,6,293,134
ETH/USDT,15m,0.45,0.1,0.008,48,12.5,433,2.89,83.2,2.3,0.529,44.026,7,299,127
ETH/USDT,15m,0.45,0.1,0.01,4,10.0,433,2.89,83.2,0.0,0.215,17.917,0,151,282
ETH/USDT,15m,0.45,0.1,0.01,6,10.0,433,2.89,83.2,0.0,0.345,28.678,0,169,264
ETH/USDT,15m,0.45,0.1,0.01,8,10.0,433,2.89,83.2,1.1,0.442,36.755,2,187,244
ETH/USDT,15m,0.45,0.1,0.01,12,10.0,433,2.89,83.2,1.0,0.422,35.134,2,207,224
ETH/USDT,15m,0.45,0.1,0.01,16,10.0,433,2.89,83.2,0.9,0.434,36.074,2,222,209
ETH/USDT,15m,0.45,0.1,0.01,20,10.0,433,2.89,83.2,0.8,0.436,36.308,2,247,184
ETH/USDT,15m,0.45,0.1,0.01,24,10.0,433,2.89,83.2,1.1,0.42,34.979,3,259,171
ETH/USDT,15m,0.45,0.1,0.01,36,10.0,433,2.89,83.2,2.5,0.572,47.605,7,276,150
ETH/USDT,15m,0.45,0.1,0.01,48,10.0,433,2.89,83.2,2.8,0.522,43.412,8,282,143
ETH/USDT,15m,0.45,0.1,0.015,4,6.7,433,2.89,83.2,0.0,0.223,18.555,0,97,336
ETH/USDT,15m,0.45,0.1,0.015,6,6.7,433,2.89,83.2,0.0,0.348,28.949,0,118,315
ETH/USDT,15m,0.45,0.1,0.015,8,6.7,433,2.89,83.2,2.2,0.475,39.56,3,135,295
ETH/USDT,15m,0.45,0.1,0.015,12,6.7,433,2.89,83.2,1.9,0.471,39.18,3,151,279
ETH/USDT,15m,0.45,0.1,0.015,16,6.7,433,2.89,83.2,1.7,0.457,38.015,3,170,260
ETH/USDT,15m,0.45,0.1,0.015,20,6.7,433,2.89,83.2,1.6,0.447,37.232,3,190,240
ETH/USDT,15m,0.45,0.1,0.015,24,6.7,433,2.89,83.2,1.9,0.411,34.192,4,209,220
ETH/USDT,15m,0.45,0.1,0.015,36,6.7,433,2.89,83.2,3.2,0.512,42.63,8,241,184
ETH/USDT,15m,0.45,0.1,0.015,48,6.7,433,2.89,83.2,3.5,0.47,39.104,9,246,178
ETH/USDT,15m,0.45,0.1,0.02,4,5.0,433,2.89,83.2,0.0,0.265,22.074,0,55,378
ETH/USDT,15m,0.45,0.1,0.02,6,5.0,433,2.89,83.2,0.0,0.382,31.806,0,82,351
ETH/USDT,15m,0.45,0.1,0.02,8,5.0,433,2.89,83.2,3.1,0.52,43.273,3,93,337
ETH/USDT,15m,0.45,0.1,0.02,12,5.0,433,2.89,83.2,2.5,0.499,41.561,3,117,313
ETH/USDT,15m,0.45,0.1,0.02,16,5.0,433,2.89,83.2,2.1,0.499,41.538,3,137,293
ETH/USDT,15m,0.45,0.1,0.02,20,5.0,433,2.89,83.2,1.9,0.476,39.624,3,152,278
ETH/USDT,15m,0.45,0.1,0.02,24,5.0,433,2.89,83.2,2.4,0.449,37.347,4,165,264
ETH/USDT,15m,0.45,0.1,0.02,36,5.0,433,2.89,83.2,3.9,0.63,52.388,8,198,227
ETH/USDT,15m,0.45,0.1,0.02,48,5.0,433,2.89,83.2,5.1,0.602,50.125,11,205,217
ETH/USDT,15m,0.45,0.1,0.025,4,4.0,433,2.89,83.2,0.0,0.301,25.025,0,33,400
ETH/USDT,15m,0.45,0.1,0.025,6,4.0,433,2.89,83.2,0.0,0.397,33.044,0,52,381
ETH/USDT,15m,0.45,0.1,0.025,8,4.0,433,2.89,83.2,4.2,0.519,43.218,3,69,361
ETH/USDT,15m,0.45,0.1,0.025,12,4.0,433,2.89,83.2,3.0,0.478,39.773,3,96,334
ETH/USDT,15m,0.45,0.1,0.025,16,4.0,433,2.89,83.2,2.6,0.451,37.564,3,111,319
ETH/USDT,15m,0.45,0.1,0.025,20,4.0,433,2.89,83.2,2.4,0.435,36.188,3,121,309
ETH/USDT,15m,0.45,0.1,0.025,24,4.0,433,2.89,83.2,2.9,0.454,37.781,4,132,297
ETH/USDT,15m,0.45,0.1,0.025,36,4.0,433,2.89,83.2,4.5,0.596,49.633,8,168,257
ETH/USDT,15m,0.45,0.1,0.025,48,4.0,433,2.89,83.2,5.8,0.591,49.184,11,180,242
ETH/USDT,15m,0.5,0.01,0.008,4,1.2,329,2.2,63.2,50.2,0.112,7.084,131,130,68
ETH/USDT,15m,0.5,0.01,0.008,6,1.2,329,2.2,63.2,54.0,0.156,9.839,154,131,44
ETH/USDT,15m,0.5,0.01,0.008,8,1.2,329,2.2,63.2,54.7,0.172,10.874,164,136,29
ETH/USDT,15m,0.5,0.01,0.008,12,1.2,329,2.2,63.2,54.4,0.177,11.2,172,144,13
ETH/USDT,15m,0.5,0.01,0.008,16,1.2,329,2.2,63.2,54.3,0.173,10.94,175,147,7
ETH/USDT,15m,0.5,0.01,0.008,20,1.2,329,2.2,63.2,54.0,0.17,10.739,175,149,5
ETH/USDT,15m,0.5,0.01,0.008,24,1.2,329,2.2,63.2,54.0,0.17,10.761,176,150,3
ETH/USDT,15m,0.5,0.01,0.008,36,1.2,329,2.2,63.2,54.0,0.171,10.842,176,150,3
ETH/USDT,15m,0.5,0.01,0.008,48,1.2,329,2.2,63.2,54.0,0.169,10.708,176,150,3
ETH/USDT,15m,0.5,0.015,0.008,4,1.9,329,2.2,63.2,40.1,0.186,11.756,93,139,97
ETH/USDT,15m,0.5,0.015,0.008,6,1.9,329,2.2,63.2,45.8,0.272,17.201,119,141,69
ETH/USDT,15m,0.5,0.015,0.008,8,1.9,329,2.2,63.2,49.5,0.321,20.324,143,146,40
ETH/USDT,15m,0.5,0.015,0.008,12,1.9,329,2.2,63.2,49.7,0.342,21.644,152,154,23
ETH/USDT,15m,0.5,0.015,0.008,16,1.9,329,2.2,63.2,50.0,0.348,22.024,157,157,15
ETH/USDT,15m,0.5,0.015,0.008,20,1.9,329,2.2,63.2,50.0,0.348,21.978,159,159,11
ETH/USDT,15m,0.5,0.015,0.008,24,1.9,329,2.2,63.2,49.8,0.343,21.684,160,161,8
ETH/USDT,15m,0.5,0.015,0.008,36,1.9,329,2.2,63.2,50.0,0.35,22.139,162,162,5
ETH/USDT,15m,0.5,0.015,0.008,48,1.9,329,2.2,63.2,49.8,0.345,21.837,162,163,4
ETH/USDT,15m,0.5,0.015,0.01,4,1.5,329,2.2,63.2,46.7,0.21,13.269,99,113,117
ETH/USDT,15m,0.5,0.015,0.01,6,1.5,329,2.2,63.2,52.0,0.31,19.583,129,119,81
ETH/USDT,15m,0.5,0.015,0.01,8,1.5,329,2.2,63.2,55.4,0.359,22.709,158,127,44
ETH/USDT,15m,0.5,0.015,0.01,12,1.5,329,2.2,63.2,56.0,0.384,24.305,168,132,29
ETH/USDT,15m,0.5,0.015,0.01,16,1.5,329,2.2,63.2,56.4,0.39,24.681,173,134,22
ETH/USDT,15m,0.5,0.015,0.01,20,1.5,329,2.2,63.2,55.7,0.379,23.988,175,139,15
ETH/USDT,15m,0.5,0.015,0.01,24,1.5,329,2.2,63.2,55.5,0.373,23.564,176,141,12
ETH/USDT,15m,0.5,0.015,0.01,36,1.5,329,2.2,63.2,55.5,0.38,24.045,178,143,8
ETH/USDT,15m,0.5,0.015,0.01,48,1.5,329,2.2,63.2,55.3,0.375,23.703,178,144,7
ETH/USDT,15m,0.5,0.02,0.008,4,2.5,329,2.2,63.2,28.1,0.21,13.303,56,143,130
ETH/USDT,15m,0.5,0.02,0.008,6,2.5,329,2.2,63.2,37.0,0.326,20.626,87,148,94
ETH/USDT,15m,0.5,0.02,0.008,8,2.5,329,2.2,63.2,42.1,0.409,25.874,112,154,63
ETH/USDT,15m,0.5,0.02,0.008,12,2.5,329,2.2,63.2,43.3,0.431,27.276,127,166,36
ETH/USDT,15m,0.5,0.02,0.008,16,2.5,329,2.2,63.2,44.4,0.453,28.648,136,170,23
ETH/USDT,15m,0.5,0.02,0.008,20,2.5,329,2.2,63.2,44.7,0.457,28.868,139,172,18
ETH/USDT,15m,0.5,0.02,0.008,24,2.5,329,2.2,63.2,44.8,0.456,28.805,141,174,14
ETH/USDT,15m,0.5,0.02,0.008,36,2.5,329,2.2,63.2,44.4,0.446,28.178,142,178,9
ETH/USDT,15m,0.5,0.02,0.008,48,2.5,329,2.2,63.2,44.4,0.443,28.023,143,179,7
ETH/USDT,15m,0.5,0.02,0.01,4,2.0,329,2.2,63.2,34.3,0.236,14.911,61,117,151
ETH/USDT,15m,0.5,0.02,0.01,6,2.0,329,2.2,63.2,42.5,0.361,22.846,94,127,108
ETH/USDT,15m,0.5,0.02,0.01,8,2.0,329,2.2,63.2,46.9,0.444,28.086,120,136,73
ETH/USDT,15m,0.5,0.02,0.01,12,2.0,329,2.2,63.2,49.1,0.472,29.844,139,144,46
ETH/USDT,15m,0.5,0.02,0.01,16,2.0,329,2.2,63.2,50.3,0.498,31.468,149,147,33
ETH/USDT,15m,0.5,0.02,0.01,20,2.0,329,2.2,63.2,50.0,0.492,31.118,153,153,23
ETH/USDT,15m,0.5,0.02,0.01,24,2.0,329,2.2,63.2,50.0,0.488,30.84,155,155,19
ETH/USDT,15m,0.5,0.02,0.01,36,2.0,329,2.2,63.2,49.2,0.472,29.854,156,161,12
ETH/USDT,15m,0.5,0.02,0.01,48,2.0,329,2.2,63.2,49.2,0.469,29.658,157,162,10
ETH/USDT,15m,0.5,0.02,0.015,4,1.3,329,2.2,63.2,44.8,0.238,15.032,65,80,184
ETH/USDT,15m,0.5,0.02,0.015,6,1.3,329,2.2,63.2,51.8,0.36,22.735,99,92,138
ETH/USDT,15m,0.5,0.02,0.015,8,1.3,329,2.2,63.2,56.4,0.475,30.009,132,102,95
ETH/USDT,15m,0.5,0.02,0.015,12,1.3,329,2.2,63.2,59.2,0.528,33.36,155,107,67
ETH/USDT,15m,0.5,0.02,0.015,16,1.3,329,2.2,63.2,60.2,0.574,36.276,171,113,45
ETH/USDT,15m,0.5,0.02,0.015,20,1.3,329,2.2,63.2,60.4,0.566,35.768,177,116,36
ETH/USDT,15m,0.5,0.02,0.015,24,1.3,329,2.2,63.2,59.9,0.555,35.09,179,120,30
ETH/USDT,15m,0.5,0.02,0.015,36,1.3,329,2.2,63.2,58.5,0.531,33.561,182,129,18
ETH/USDT,15m,0.5,0.02,0.015,48,1.3,329,2.2,63.2,58.6,0.528,33.369,184,130,15
ETH/USDT,15m,0.5,0.025,0.008,4,3.1,329,2.2,63.2,19.2,0.223,14.099,34,143,152
ETH/USDT,15m,0.5,0.025,0.008,6,3.1,329,2.2,63.2,25.9,0.336,21.253,53,152,124
ETH/USDT,15m,0.5,0.025,0.008,8,3.1,329,2.2,63.2,31.3,0.436,27.582,73,160,96
ETH/USDT,15m,0.5,0.025,0.008,12,3.1,329,2.2,63.2,36.5,0.475,30.002,100,174,55
ETH/USDT,15m,0.5,0.025,0.008,16,3.1,329,2.2,63.2,37.8,0.512,32.386,108,178,43
ETH/USDT,15m,0.5,0.025,0.008,20,3.1,329,2.2,63.2,39.1,0.516,32.652,116,181,32
ETH/USDT,15m,0.5,0.025,0.008,24,3.1,329,2.2,63.2,38.9,0.51,32.23,117,184,28
ETH/USDT,15m,0.5,0.025,0.008,36,3.1,329,2.2,63.2,38.4,0.486,30.697,119,191,19
ETH/USDT,15m,0.5,0.025,0.008,48,3.1,329,2.2,63.2,38.5,0.484,30.588,121,193,15
ETH/USDT,15m,0.5,0.025,0.01,4,2.5,329,2.2,63.2,24.5,0.254,16.03,38,117,174
ETH/USDT,15m,0.5,0.025,0.01,6,2.5,329,2.2,63.2,31.4,0.381,24.099,59,129,141
ETH/USDT,15m,0.5,0.025,0.01,8,2.5,329,2.2,63.2,36.0,0.474,29.976,80,142,107
ETH/USDT,15m,0.5,0.025,0.01,12,2.5,329,2.2,63.2,42.0,0.515,32.546,110,152,67
ETH/USDT,15m,0.5,0.025,0.01,16,2.5,329,2.2,63.2,43.3,0.551,34.829,119,156,54
ETH/USDT,15m,0.5,0.025,0.01,20,2.5,329,2.2,63.2,43.8,0.547,34.556,128,164,37
ETH/USDT,15m,0.5,0.025,0.01,24,2.5,329,2.2,63.2,43.7,0.536,33.895,129,166,34
ETH/USDT,15m,0.5,0.025,0.01,36,2.5,329,2.2,63.2,42.7,0.504,31.873,131,176,22
ETH/USDT,15m,0.5,0.025,0.01,48,2.5,329,2.2,63.2,42.9,0.505,31.902,133,177,19
ETH/USDT,15m,0.5,0.025,0.015,4,1.7,329,2.2,63.2,33.9,0.257,16.25,41,80,208
ETH/USDT,15m,0.5,0.025,0.015,6,1.7,329,2.2,63.2,40.1,0.382,24.141,63,94,172
ETH/USDT,15m,0.5,0.025,0.015,8,1.7,329,2.2,63.2,44.8,0.503,31.812,86,106,137
ETH/USDT,15m,0.5,0.025,0.015,12,1.7,329,2.2,63.2,51.5,0.558,35.277,122,115,92
ETH/USDT,15m,0.5,0.025,0.015,16,1.7,329,2.2,63.2,52.5,0.611,38.651,136,123,70
ETH/USDT,15m,0.5,0.025,0.015,20,1.7,329,2.2,63.2,53.6,0.611,38.659,148,128,53
ETH/USDT,15m,0.5,0.025,0.015,24,1.7,329,2.2,63.2,52.8,0.591,37.374,149,133,47
ETH/USDT,15m,0.5,0.025,0.015,36,1.7,329,2.2,63.2,51.3,0.546,34.522,154,146,29
ETH/USDT,15m,0.5,0.025,0.015,48,1.7,329,2.2,63.2,51.5,0.548,34.617,156,147,26
ETH/USDT,15m,0.5,0.025,0.02,4,1.2,329,2.2,63.2,49.4,0.313,19.805,42,43,244
ETH/USDT,15m,0.5,0.025,0.02,6,1.2,329,2.2,63.2,51.6,0.453,28.661,66,62,201
ETH/USDT,15m,0.5,0.025,0.02,8,1.2,329,2.2,63.2,56.7,0.599,37.847,93,71,165
ETH/USDT,15m,0.5,0.025,0.02,12,1.2,329,2.2,63.2,60.3,0.62,39.223,132,87,110
ETH/USDT,15m,0.5,0.025,0.02,16,1.2,329,2.2,63.2,59.8,0.666,42.129,146,98,85
ETH/USDT,15m,0.5,0.025,0.02,20,1.2,329,2.2,63.2,60.5,0.657,41.518,158,103,68
ETH/USDT,15m,0.5,0.025,0.02,24,1.2,329,2.2,63.2,60.0,0.63,39.81,162,108,59
ETH/USDT,15m,0.5,0.025,0.02,36,1.2,329,2.2,63.2,57.3,0.55,34.758,168,125,36
ETH/USDT,15m,0.5,0.025,0.02,48,1.2,329,2.2,63.2,57.0,0.538,33.996,170,128,31
ETH/USDT,15m,0.5,0.03,0.008,4,3.8,329,2.2,63.2,12.3,0.224,14.143,20,143,166
ETH/USDT,15m,0.5,0.03,0.008,6,3.8,329,2.2,63.2,20.0,0.365,23.062,38,152,139
ETH/USDT,15m,0.5,0.03,0.008,8,3.8,329,2.2,63.2,26.4,0.477,30.166,58,162,109
ETH/USDT,15m,0.5,0.03,0.008,12,3.8,329,2.2,63.2,31.8,0.537,33.953,82,176,71
ETH/USDT,15m,0.5,0.03,0.008,16,3.8,329,2.2,63.2,33.3,0.575,36.346,91,182,56
ETH/USDT,15m,0.5,0.03,0.008,20,3.8,329,2.2,63.2,34.4,0.575,36.338,98,187,44
ETH/USDT,15m,0.5,0.03,0.008,24,3.8,329,2.2,63.2,34.8,0.568,35.913,102,191,36
ETH/USDT,15m,0.5,0.03,0.008,36,3.8,329,2.2,63.2,34.3,0.532,33.618,104,199,26
ETH/USDT,15m,0.5,0.03,0.008,48,3.8,329,2.2,63.2,34.0,0.519,32.793,104,202,23
ETH/USDT,15m,0.5,0.03,0.01,4,3.0,329,2.2,63.2,15.2,0.25,15.826,21,117,191
ETH/USDT,15m,0.5,0.03,0.01,6,3.0,329,2.2,63.2,24.1,0.402,25.395,41,129,159
ETH/USDT,15m,0.5,0.03,0.01,8,3.0,329,2.2,63.2,29.8,0.502,31.714,61,144,124
ETH/USDT,15m,0.5,0.03,0.01,12,3.0,329,2.2,63.2,36.5,0.567,35.846,89,155,85
ETH/USDT,15m,0.5,0.03,0.01,16,3.0,329,2.2,63.2,37.9,0.6,37.961,99,162,68
ETH/USDT,15m,0.5,0.03,0.01,20,3.0,329,2.2,63.2,38.1,0.588,37.202,106,172,51
ETH/USDT,15m,0.5,0.03,0.01,24,3.0,329,2.2,63.2,38.6,0.575,36.347,110,175,44
ETH/USDT,15m,0.5,0.03,0.01,36,3.0,329,2.2,63.2,37.7,0.538,33.991,112,185,32
ETH/USDT,15m,0.5,0.03,0.01,48,3.0,329,2.2,63.2,37.5,0.518,32.72,112,187,30
ETH/USDT,15m,0.5,0.03,0.015,4,2.0,329,2.2,63.2,22.3,0.257,16.232,23,80,226
ETH/USDT,15m,0.5,0.03,0.015,6,2.0,329,2.2,63.2,31.9,0.401,25.351,44,94,191
ETH/USDT,15m,0.5,0.03,0.015,8,2.0,329,2.2,63.2,37.8,0.528,33.359,65,107,157
ETH/USDT,15m,0.5,0.03,0.015,12,2.0,329,2.2,63.2,44.1,0.588,37.201,94,119,116
ETH/USDT,15m,0.5,0.03,0.015,16,2.0,329,2.2,63.2,45.3,0.629,39.781,106,128,95
ETH/USDT,15m,0.5,0.03,0.015,20,2.0,329,2.2,63.2,45.4,0.6,37.903,113,136,80
ETH/USDT,15m,0.5,0.03,0.015,24,2.0,329,2.2,63.2,44.8,0.552,34.869,117,144,68
ETH/USDT,15m,0.5,0.03,0.015,36,2.0,329,2.2,63.2,43.3,0.495,31.308,123,161,45
ETH/USDT,15m,0.5,0.03,0.015,48,2.0,329,2.2,63.2,43.2,0.46,29.084,123,162,44
ETH/USDT,15m,0.5,0.03,0.02,4,1.5,329,2.2,63.2,34.8,0.313,19.784,23,43,263
ETH/USDT,15m,0.5,0.03,0.02,6,1.5,329,2.2,63.2,42.1,0.462,29.181,45,62,222
ETH/USDT,15m,0.5,0.03,0.02,8,1.5,329,2.2,63.2,47.9,0.605,38.233,67,73,189
ETH/USDT,15m,0.5,0.03,0.02,12,1.5,329,2.2,63.2,51.8,0.635,40.156,99,92,138
ETH/USDT,15m,0.5,0.03,0.02,16,1.5,329,2.2,63.2,52.5,0.677,42.779,115,104,110
ETH/USDT,15m,0.5,0.03,0.02,20,1.5,329,2.2,63.2,52.4,0.64,40.431,122,111,96
ETH/USDT,15m,0.5,0.03,0.02,24,1.5,329,2.2,63.2,52.2,0.583,36.852,128,117,84
ETH/USDT,15m,0.5,0.03,0.02,36,1.5,329,2.2,63.2,49.1,0.482,30.487,136,141,52
ETH/USDT,15m,0.5,0.03,0.02,48,1.5,329,2.2,63.2,48.6,0.433,27.406,136,144,49
ETH/USDT,15m,0.5,0.03,0.025,4,1.2,329,2.2,63.2,49.0,0.362,22.876,24,25,280
ETH/USDT,15m,0.5,0.03,0.025,6,1.2,329,2.2,63.2,53.5,0.494,31.262,46,40,243
ETH/USDT,15m,0.5,0.03,0.025,8,1.2,329,2.2,63.2,56.9,0.624,39.426,70,53,206
ETH/USDT,15m,0.5,0.03,0.025,12,1.2,329,2.2,63.2,58.0,0.637,40.265,102,74,153
ETH/USDT,15m,0.5,0.03,0.025,16,1.2,329,2.2,63.2,57.3,0.648,40.973,118,88,123
ETH/USDT,15m,0.5,0.03,0.025,20,1.2,329,2.2,63.2,57.1,0.602,38.047,125,94,110
ETH/USDT,15m,0.5,0.03,0.025,24,1.2,329,2.2,63.2,57.2,0.559,35.321,131,98,100
ETH/USDT,15m,0.5,0.03,0.025,36,1.2,329,2.2,63.2,53.2,0.405,25.58,141,124,64
ETH/USDT,15m,0.5,0.03,0.025,48,1.2,329,2.2,63.2,51.6,0.332,20.977,141,132,56
ETH/USDT,15m,0.5,0.04,0.008,4,5.0,329,2.2,63.2,5.9,0.228,14.441,9,143,177
ETH/USDT,15m,0.5,0.04,0.008,6,5.0,329,2.2,63.2,11.1,0.372,23.543,19,152,158
ETH/USDT,15m,0.5,0.04,0.008,8,5.0,329,2.2,63.2,13.8,0.465,29.391,26,163,140
ETH/USDT,15m,0.5,0.04,0.008,12,5.0,329,2.2,63.2,16.5,0.472,29.843,36,182,111
ETH/USDT,15m,0.5,0.04,0.008,16,5.0,329,2.2,63.2,18.1,0.512,32.372,42,190,97
ETH/USDT,15m,0.5,0.04,0.008,20,5.0,329,2.2,63.2,20.6,0.503,31.771,52,201,76
ETH/USDT,15m,0.5,0.04,0.008,24,5.0,329,2.2,63.2,23.9,0.535,33.829,65,207,57
ETH/USDT,15m,0.5,0.04,0.008,36,5.0,329,2.2,63.2,23.8,0.494,31.257,67,215,47
ETH/USDT,15m,0.5,0.04,0.008,48,5.0,329,2.2,63.2,24.0,0.472,29.828,69,218,42
ETH/USDT,15m,0.5,0.04,0.01,4,4.0,329,2.2,63.2,7.9,0.258,16.317,10,117,202
ETH/USDT,15m,0.5,0.04,0.01,6,4.0,329,2.2,63.2,13.4,0.411,25.956,20,129,180
ETH/USDT,15m,0.5,0.04,0.01,8,4.0,329,2.2,63.2,16.2,0.495,31.265,28,145,156
ETH/USDT,15m,0.5,0.04,0.01,12,4.0,329,2.2,63.2,21.1,0.52,32.85,43,161,125
ETH/USDT,15m,0.5,0.04,0.01,16,4.0,329,2.2,63.2,22.4,0.553,34.964,49,170,110
ETH/USDT,15m,0.5,0.04,0.01,20,4.0,329,2.2,63.2,24.2,0.529,33.425,59,185,85
ETH/USDT,15m,0.5,0.04,0.01,24,4.0,329,2.2,63.2,27.4,0.55,34.776,72,191,66
ETH/USDT,15m,0.5,0.04,0.01,36,4.0,329,2.2,63.2,26.9,0.51,32.215,74,201,54
ETH/USDT,15m,0.5,0.04,0.01,48,4.0,329,2.2,63.2,27.2,0.479,30.259,76,203,50
ETH/USDT,15m,0.5,0.04,0.015,4,2.7,329,2.2,63.2,12.1,0.263,16.629,11,80,238
ETH/USDT,15m,0.5,0.04,0.015,6,2.7,329,2.2,63.2,18.3,0.406,25.678,21,94,214
ETH/USDT,15m,0.5,0.04,0.015,8,2.7,329,2.2,63.2,21.7,0.517,32.715,30,108,191
ETH/USDT,15m,0.5,0.04,0.015,12,2.7,329,2.2,63.2,28.0,0.551,34.845,47,121,161
ETH/USDT,15m,0.5,0.04,0.015,16,2.7,329,2.2,63.2,28.0,0.579,36.578,53,136,140
ETH/USDT,15m,0.5,0.04,0.015,20,2.7,329,2.2,63.2,30.3,0.543,34.355,64,147,118
ETH/USDT,15m,0.5,0.04,0.015,24,2.7,329,2.2,63.2,32.9,0.53,33.487,77,157,95
ETH/USDT,15m,0.5,0.04,0.015,36,2.7,329,2.2,63.2,31.9,0.468,29.615,83,177,69
ETH/USDT,15m,0.5,0.04,0.015,48,2.7,329,2.2,63.2,32.3,0.415,26.233,85,178,66
ETH/USDT,15m,0.5,0.04,0.02,4,2.0,329,2.2,63.2,20.4,0.319,20.181,11,43,275
ETH/USDT,15m,0.5,0.04,0.02,6,2.0,329,2.2,63.2,25.3,0.463,29.256,21,62,246
ETH/USDT,15m,0.5,0.04,0.02,8,2.0,329,2.2,63.2,29.1,0.582,36.804,30,73,226
ETH/USDT,15m,0.5,0.04,0.02,12,2.0,329,2.2,63.2,33.3,0.581,36.759,47,94,188
ETH/USDT,15m,0.5,0.04,0.02,16,2.0,329,2.2,63.2,34.3,0.623,39.401,58,111,160
ETH/USDT,15m,0.5,0.04,0.02,20,2.0,329,2.2,63.2,36.7,0.567,35.862,69,119,141
ETH/USDT,15m,0.5,0.04,0.02,24,2.0,329,2.2,63.2,39.2,0.551,34.832,82,127,120
ETH/USDT,15m,0.5,0.04,0.02,36,2.0,329,2.2,63.2,37.9,0.484,30.574,94,154,81
ETH/USDT,15m,0.5,0.04,0.02,48,2.0,329,2.2,63.2,38.0,0.414,26.199,97,158,74
ETH/USDT,15m,0.5,0.04,0.025,4,1.6,329,2.2,63.2,30.6,0.366,23.141,11,25,293
ETH/USDT,15m,0.5,0.04,0.025,6,1.6,329,2.2,63.2,34.4,0.491,31.058,21,40,268
ETH/USDT,15m,0.5,0.04,0.025,8,1.6,329,2.2,63.2,36.1,0.595,37.6,30,53,246
ETH/USDT,15m,0.5,0.04,0.025,12,1.6,329,2.2,63.2,38.2,0.574,36.27,47,76,206
ETH/USDT,15m,0.5,0.04,0.025,16,1.6,329,2.2,63.2,39.2,0.578,36.563,58,90,181
ETH/USDT,15m,0.5,0.04,0.025,20,1.6,329,2.2,63.2,41.6,0.527,33.343,69,97,163
ETH/USDT,15m,0.5,0.04,0.025,24,1.6,329,2.2,63.2,44.9,0.572,36.148,83,102,144
ETH/USDT,15m,0.5,0.04,0.025,36,1.6,329,2.2,63.2,43.0,0.463,29.291,99,131,99
ETH/USDT,15m,0.5,0.04,0.025,48,1.6,329,2.2,63.2,42.8,0.379,23.945,104,139,86
ETH/USDT,15m,0.5,0.05,0.008,4,6.2,329,2.2,63.2,2.7,0.238,15.056,4,143,182
ETH/USDT,15m,0.5,0.05,0.008,6,6.2,329,2.2,63.2,5.6,0.38,24.039,9,152,168
ETH/USDT,15m,0.5,0.05,0.008,8,6.2,329,2.2,63.2,7.9,0.478,30.248,14,163,152
ETH/USDT,15m,0.5,0.05,0.008,12,6.2,329,2.2,63.2,9.9,0.457,28.92,20,182,127
ETH/USDT,15m,0.5,0.05,0.008,16,6.2,329,2.2,63.2,11.6,0.514,32.504,25,191,113
ETH/USDT,15m,0.5,0.05,0.008,20,6.2,329,2.2,63.2,13.2,0.511,32.337,31,204,94
ETH/USDT,15m,0.5,0.05,0.008,24,6.2,329,2.2,63.2,17.3,0.587,37.122,44,211,74
ETH/USDT,15m,0.5,0.05,0.008,36,6.2,329,2.2,63.2,19.5,0.558,35.288,53,219,57
ETH/USDT,15m,0.5,0.05,0.008,48,6.2,329,2.2,63.2,19.6,0.533,33.675,54,222,53
ETH/USDT,15m,0.5,0.05,0.01,4,5.0,329,2.2,63.2,3.3,0.266,16.807,4,117,208
ETH/USDT,15m,0.5,0.05,0.01,6,5.0,329,2.2,63.2,6.5,0.416,26.282,9,129,191
ETH/USDT,15m,0.5,0.05,0.01,8,5.0,329,2.2,63.2,9.9,0.514,32.507,16,145,168
ETH/USDT,15m,0.5,0.05,0.01,12,5.0,329,2.2,63.2,13.0,0.51,32.216,24,161,144
ETH/USDT,15m,0.5,0.05,0.01,16,5.0,329,2.2,63.2,14.9,0.547,34.591,30,171,128
ETH/USDT,15m,0.5,0.05,0.01,20,5.0,329,2.2,63.2,16.0,0.525,33.181,36,189,104
ETH/USDT,15m,0.5,0.05,0.01,24,5.0,329,2.2,63.2,19.9,0.585,36.954,49,197,83
ETH/USDT,15m,0.5,0.05,0.01,36,5.0,329,2.2,63.2,21.9,0.556,35.131,58,207,64
ETH/USDT,15m,0.5,0.05,0.01,48,5.0,329,2.2,63.2,22.0,0.522,32.991,59,209,61
ETH/USDT,15m,0.5,0.05,0.015,4,3.3,329,2.2,63.2,5.9,0.274,17.312,5,80,244
ETH/USDT,15m,0.5,0.05,0.015,6,3.3,329,2.2,63.2,9.6,0.414,26.195,10,94,225
ETH/USDT,15m,0.5,0.05,0.015,8,3.3,329,2.2,63.2,14.3,0.543,34.341,18,108,203
ETH/USDT,15m,0.5,0.05,0.015,12,3.3,329,2.2,63.2,18.2,0.548,34.661,27,121,181
ETH/USDT,15m,0.5,0.05,0.015,16,3.3,329,2.2,63.2,19.5,0.583,36.848,33,136,160
ETH/USDT,15m,0.5,0.05,0.015,20,3.3,329,2.2,63.2,21.3,0.545,34.425,40,148,141
ETH/USDT,15m,0.5,0.05,0.015,24,3.3,329,2.2,63.2,24.9,0.58,36.662,53,160,116
ETH/USDT,15m,0.5,0.05,0.015,36,3.3,329,2.2,63.2,26.1,0.527,33.334,64,181,84
ETH/USDT,15m,0.5,0.05,0.015,48,3.3,329,2.2,63.2,26.9,0.501,31.651,67,182,80
ETH/USDT,15m,0.5,0.05,0.02,4,2.5,329,2.2,63.2,10.4,0.33,20.863,5,43,281
ETH/USDT,15m,0.5,0.05,0.02,6,2.5,329,2.2,63.2,13.9,0.471,29.774,10,62,257
ETH/USDT,15m,0.5,0.05,0.02,8,2.5,329,2.2,63.2,19.8,0.608,38.43,18,73,238
ETH/USDT,15m,0.5,0.05,0.02,12,2.5,329,2.2,63.2,22.3,0.579,36.574,27,94,208
ETH/USDT,15m,0.5,0.05,0.02,16,2.5,329,2.2,63.2,24.5,0.637,40.245,36,111,182
ETH/USDT,15m,0.5,0.05,0.02,20,2.5,329,2.2,63.2,27.3,0.582,36.797,45,120,164
ETH/USDT,15m,0.5,0.05,0.02,24,2.5,329,2.2,63.2,31.2,0.624,39.443,58,128,143
ETH/USDT,15m,0.5,0.05,0.02,36,2.5,329,2.2,63.2,32.5,0.591,37.368,75,156,98
ETH/USDT,15m,0.5,0.05,0.02,48,2.5,329,2.2,63.2,33.6,0.573,36.229,81,160,88
ETH/USDT,15m,0.5,0.05,0.025,4,2.0,329,2.2,63.2,16.7,0.377,23.824,5,25,299
ETH/USDT,15m,0.5,0.05,0.025,6,2.0,329,2.2,63.2,20.0,0.499,31.575,10,40,279
ETH/USDT,15m,0.5,0.05,0.025,8,2.0,329,2.2,63.2,25.4,0.62,39.226,18,53,258
ETH/USDT,15m,0.5,0.05,0.025,12,2.0,329,2.2,63.2,26.2,0.571,36.086,27,76,226
ETH/USDT,15m,0.5,0.05,0.025,16,2.0,329,2.2,63.2,28.6,0.592,37.406,36,90,203
ETH/USDT,15m,0.5,0.05,0.025,20,2.0,329,2.2,63.2,31.5,0.541,34.182,45,98,186
ETH/USDT,15m,0.5,0.05,0.025,24,2.0,329,2.2,63.2,36.0,0.644,40.731,58,103,168
ETH/USDT,15m,0.5,0.05,0.025,36,2.0,329,2.2,63.2,36.5,0.564,35.657,76,132,121
ETH/USDT,15m,0.5,0.05,0.025,48,2.0,329,2.2,63.2,37.8,0.547,34.602,85,140,104
ETH/USDT,15m,0.5,0.075,0.008,4,9.4,329,2.2,63.2,0.0,0.24,15.161,0,143,186
ETH/USDT,15m,0.5,0.075,0.008,6,9.4,329,2.2,63.2,1.3,0.394,24.933,2,152,175
ETH/USDT,15m,0.5,0.075,0.008,8,9.4,329,2.2,63.2,1.8,0.473,29.929,3,163,163
ETH/USDT,15m,0.5,0.075,0.008,12,9.4,329,2.2,63.2,1.6,0.42,26.535,3,182,144
ETH/USDT,15m,0.5,0.075,0.008,16,9.4,329,2.2,63.2,1.5,0.473,29.892,3,191,135
ETH/USDT,15m,0.5,0.075,0.008,20,9.4,329,2.2,63.2,4.2,0.506,31.961,9,204,116
ETH/USDT,15m,0.5,0.075,0.008,24,9.4,329,2.2,63.2,5.0,0.548,34.631,11,211,107
ETH/USDT,15m,0.5,0.075,0.008,36,9.4,329,2.2,63.2,9.5,0.648,40.981,23,219,87
ETH/USDT,15m,0.5,0.075,0.008,48,9.4,329,2.2,63.2,9.4,0.619,39.129,23,222,84
ETH/USDT,15m,0.5,0.075,0.01,4,7.5,329,2.2,63.2,0.0,0.268,16.912,0,117,212
ETH/USDT,15m,0.5,0.075,0.01,6,7.5,329,2.2,63.2,1.5,0.43,27.176,2,129,198
ETH/USDT,15m,0.5,0.075,0.01,8,7.5,329,2.2,63.2,2.7,0.515,32.59,4,145,180
ETH/USDT,15m,0.5,0.075,0.01,12,7.5,329,2.2,63.2,2.4,0.475,30.021,4,161,164
ETH/USDT,15m,0.5,0.075,0.01,16,7.5,329,2.2,63.2,2.3,0.506,31.98,4,171,154
ETH/USDT,15m,0.5,0.075,0.01,20,7.5,329,2.2,63.2,5.0,0.521,32.918,10,189,130
ETH/USDT,15m,0.5,0.075,0.01,24,7.5,329,2.2,63.2,5.7,0.543,34.359,12,197,120
ETH/USDT,15m,0.5,0.075,0.01,36,7.5,329,2.2,63.2,10.4,0.647,40.902,24,207,98
ETH/USDT,15m,0.5,0.075,0.01,48,7.5,329,2.2,63.2,10.3,0.612,38.714,24,209,96
ETH/USDT,15m,0.5,0.075,0.015,4,5.0,329,2.2,63.2,1.2,0.283,17.898,1,80,248
ETH/USDT,15m,0.5,0.075,0.015,6,5.0,329,2.2,63.2,3.1,0.436,27.57,3,94,232
ETH/USDT,15m,0.5,0.075,0.015,8,5.0,329,2.2,63.2,4.4,0.553,34.945,5,108,216
ETH/USDT,15m,0.5,0.075,0.015,12,5.0,329,2.2,63.2,4.7,0.528,33.377,6,121,202
ETH/USDT,15m,0.5,0.075,0.015,16,5.0,329,2.2,63.2,4.2,0.552,34.912,6,136,187
ETH/USDT,15m,0.5,0.075,0.015,20,5.0,329,2.2,63.2,7.5,0.548,34.643,12,148,169
ETH/USDT,15m,0.5,0.075,0.015,24,5.0,329,2.2,63.2,8.0,0.549,34.703,14,160,155
ETH/USDT,15m,0.5,0.075,0.015,36,5.0,329,2.2,63.2,12.6,0.609,38.507,26,181,122
ETH/USDT,15m,0.5,0.075,0.015,48,5.0,329,2.2,63.2,12.5,0.587,37.129,26,182,121
ETH/USDT,15m,0.5,0.075,0.02,4,3.8,329,2.2,63.2,2.3,0.339,21.449,1,43,285
ETH/USDT,15m,0.5,0.075,0.02,6,3.8,329,2.2,63.2,4.6,0.493,31.149,3,62,264
ETH/USDT,15m,0.5,0.075,0.02,8,3.8,329,2.2,63.2,6.4,0.617,39.033,5,73,251
ETH/USDT,15m,0.5,0.075,0.02,12,3.8,329,2.2,63.2,6.0,0.558,35.291,6,94,229
ETH/USDT,15m,0.5,0.075,0.02,16,3.8,329,2.2,63.2,5.1,0.599,37.858,6,111,212
ETH/USDT,15m,0.5,0.075,0.02,20,3.8,329,2.2,63.2,9.1,0.568,35.937,12,120,197
ETH/USDT,15m,0.5,0.075,0.02,24,3.8,329,2.2,63.2,9.9,0.583,36.851,14,128,187
ETH/USDT,15m,0.5,0.075,0.02,36,3.8,329,2.2,63.2,17.0,0.719,45.461,32,156,141
ETH/USDT,15m,0.5,0.075,0.02,48,3.8,329,2.2,63.2,17.9,0.708,44.78,35,160,134
ETH/USDT,15m,0.5,0.075,0.025,4,3.0,329,2.2,63.2,3.8,0.386,24.409,1,25,303
ETH/USDT,15m,0.5,0.075,0.025,6,3.0,329,2.2,63.2,7.0,0.521,32.95,3,40,286
ETH/USDT,15m,0.5,0.075,0.025,8,3.0,329,2.2,63.2,8.6,0.63,39.829,5,53,271
ETH/USDT,15m,0.5,0.075,0.025,12,3.0,329,2.2,63.2,7.3,0.55,34.803,6,76,247
ETH/USDT,15m,0.5,0.075,0.025,16,3.0,329,2.2,63.2,6.2,0.554,35.019,6,90,233
ETH/USDT,15m,0.5,0.075,0.025,20,3.0,329,2.2,63.2,10.9,0.527,33.322,12,98,219
ETH/USDT,15m,0.5,0.075,0.025,24,3.0,329,2.2,63.2,12.0,0.603,38.139,14,103,212
ETH/USDT,15m,0.5,0.075,0.025,36,3.0,329,2.2,63.2,19.5,0.697,44.086,32,132,165
ETH/USDT,15m,0.5,0.075,0.025,48,3.0,329,2.2,63.2,20.9,0.707,44.685,37,140,152
ETH/USDT,15m,0.5,0.1,0.008,4,12.5,329,2.2,63.2,0.0,0.24,15.161,0,143,186
ETH/USDT,15m,0.5,0.1,0.008,6,12.5,329,2.2,63.2,0.0,0.39,24.634,0,152,177
ETH/USDT,15m,0.5,0.1,0.008,8,12.5,329,2.2,63.2,0.6,0.475,30.033,1,163,165
ETH/USDT,15m,0.5,0.1,0.008,12,12.5,329,2.2,63.2,0.5,0.412,26.025,1,182,146
ETH/USDT,15m,0.5,0.1,0.008,16,12.5,329,2.2,63.2,0.5,0.464,29.331,1,191,137
ETH/USDT,15m,0.5,0.1,0.008,20,12.5,329,2.2,63.2,0.5,0.486,30.73,1,204,124
ETH/USDT,15m,0.5,0.1,0.008,24,12.5,329,2.2,63.2,0.9,0.521,32.927,2,211,116
ETH/USDT,15m,0.5,0.1,0.008,36,12.5,329,2.2,63.2,2.7,0.65,41.073,6,219,104
ETH/USDT,15m,0.5,0.1,0.008,48,12.5,329,2.2,63.2,3.1,0.619,39.156,7,222,100
ETH/USDT,15m,0.5,0.1,0.01,4,10.0,329,2.2,63.2,0.0,0.268,16.912,0,117,212
ETH/USDT,15m,0.5,0.1,0.01,6,10.0,329,2.2,63.2,0.0,0.425,26.876,0,129,200
ETH/USDT,15m,0.5,0.1,0.01,8,10.0,329,2.2,63.2,1.4,0.525,33.174,2,145,182
ETH/USDT,15m,0.5,0.1,0.01,12,10.0,329,2.2,63.2,1.2,0.474,29.992,2,161,166
ETH/USDT,15m,0.5,0.1,0.01,16,10.0,329,2.2,63.2,1.2,0.505,31.899,2,171,156
ETH/USDT,15m,0.5,0.1,0.01,20,10.0,329,2.2,63.2,1.0,0.509,32.166,2,189,138
ETH/USDT,15m,0.5,0.1,0.01,24,10.0,329,2.2,63.2,1.5,0.524,33.135,3,197,129
ETH/USDT,15m,0.5,0.1,0.01,36,10.0,329,2.2,63.2,3.3,0.656,41.474,7,207,115
ETH/USDT,15m,0.5,0.1,0.01,48,10.0,329,2.2,63.2,3.7,0.62,39.222,8,209,112
ETH/USDT,15m,0.5,0.1,0.015,4,6.7,329,2.2,63.2,0.0,0.282,17.816,0,80,249
ETH/USDT,15m,0.5,0.1,0.015,6,6.7,329,2.2,63.2,0.0,0.435,27.476,0,94,235
ETH/USDT,15m,0.5,0.1,0.015,8,6.7,329,2.2,63.2,2.7,0.57,36.009,3,108,218
ETH/USDT,15m,0.5,0.1,0.015,12,6.7,329,2.2,63.2,2.4,0.535,33.856,3,121,205
ETH/USDT,15m,0.5,0.1,0.015,16,6.7,329,2.2,63.2,2.2,0.554,35.04,3,136,190
ETH/USDT,15m,0.5,0.1,0.015,20,6.7,329,2.2,63.2,2.0,0.535,33.812,3,148,178
ETH/USDT,15m,0.5,0.1,0.015,24,6.7,329,2.2,63.2,2.4,0.53,33.51,4,160,165
ETH/USDT,15m,0.5,0.1,0.015,36,6.7,329,2.2,63.2,4.2,0.621,39.291,8,181,140
ETH/USDT,15m,0.5,0.1,0.015,48,6.7,329,2.2,63.2,4.7,0.599,37.872,9,182,138
ETH/USDT,15m,0.5,0.1,0.02,4,5.0,329,2.2,63.2,0.0,0.338,21.367,0,43,286
ETH/USDT,15m,0.5,0.1,0.02,6,5.0,329,2.2,63.2,0.0,0.491,31.055,0,62,267
ETH/USDT,15m,0.5,0.1,0.02,8,5.0,329,2.2,63.2,3.9,0.634,40.097,3,73,253
ETH/USDT,15m,0.5,0.1,0.02,12,5.0,329,2.2,63.2,3.1,0.566,35.769,3,94,232
ETH/USDT,15m,0.5,0.1,0.02,16,5.0,329,2.2,63.2,2.6,0.601,37.986,3,111,215
ETH/USDT,15m,0.5,0.1,0.02,20,5.0,329,2.2,63.2,2.4,0.555,35.106,3,120,206
ETH/USDT,15m,0.5,0.1,0.02,24,5.0,329,2.2,63.2,3.0,0.564,35.658,4,128,197
ETH/USDT,15m,0.5,0.1,0.02,36,5.0,329,2.2,63.2,4.9,0.723,45.711,8,156,165
ETH/USDT,15m,0.5,0.1,0.02,48,5.0,329,2.2,63.2,6.4,0.731,46.186,11,160,158
ETH/USDT,15m,0.5,0.1,0.025,4,4.0,329,2.2,63.2,0.0,0.385,24.328,0,25,304
ETH/USDT,15m,0.5,0.1,0.025,6,4.0,329,2.2,63.2,0.0,0.52,32.856,0,40,289
ETH/USDT,15m,0.5,0.1,0.025,8,4.0,329,2.2,63.2,5.4,0.647,40.894,3,53,273
ETH/USDT,15m,0.5,0.1,0.025,12,4.0,329,2.2,63.2,3.8,0.558,35.281,3,76,250
ETH/USDT,15m,0.5,0.1,0.025,16,4.0,329,2.2,63.2,3.2,0.556,35.147,3,90,236
ETH/USDT,15m,0.5,0.1,0.025,20,4.0,329,2.2,63.2,3.0,0.514,32.491,3,98,228
ETH/USDT,15m,0.5,0.1,0.025,24,4.0,329,2.2,63.2,3.7,0.584,36.947,4,103,222
ETH/USDT,15m,0.5,0.1,0.025,36,4.0,329,2.2,63.2,5.7,0.701,44.335,8,132,189
ETH/USDT,15m,0.5,0.1,0.025,48,4.0,329,2.2,63.2,7.3,0.729,46.082,11,140,178
ETH/USDT,15m,0.55,0.01,0.008,4,1.2,270,1.8,51.9,51.5,0.135,7.005,118,111,41
ETH/USDT,15m,0.55,0.01,0.008,6,1.2,270,1.8,51.9,54.8,0.182,9.431,136,112,22
ETH/USDT,15m,0.55,0.01,0.008,8,1.2,270,1.8,51.9,55.3,0.188,9.755,141,114,15
ETH/USDT,15m,0.55,0.01,0.008,12,1.2,270,1.8,51.9,54.8,0.184,9.551,144,119,7
ETH/USDT,15m,0.55,0.01,0.008,16,1.2,270,1.8,51.9,54.7,0.183,9.473,146,121,3
ETH/USDT,15m,0.55,0.01,0.008,20,1.2,270,1.8,51.9,54.5,0.178,9.217,146,122,2
ETH/USDT,15m,0.55,0.01,0.008,24,1.2,270,1.8,51.9,54.5,0.179,9.306,146,122,2
ETH/USDT,15m,0.55,0.01,0.008,36,1.2,270,1.8,51.9,54.5,0.18,9.365,146,122,2
ETH/USDT,15m,0.55,0.01,0.008,48,1.2,270,1.8,51.9,54.5,0.18,9.345,146,122,2
ETH/USDT,15m,0.55,0.015,0.008,4,1.9,270,1.8,51.9,42.2,0.23,11.923,86,118,66
ETH/USDT,15m,0.55,0.015,0.008,6,1.9,270,1.8,51.9,47.4,0.318,16.518,108,120,42
ETH/USDT,15m,0.55,0.015,0.008,8,1.9,270,1.8,51.9,51.2,0.364,18.883,128,122,20
ETH/USDT,15m,0.55,0.015,0.008,12,1.9,270,1.8,51.9,51.0,0.367,19.043,132,127,11
ETH/USDT,15m,0.55,0.015,0.008,16,1.9,270,1.8,51.9,51.0,0.371,19.242,134,129,7
ETH/USDT,15m,0.55,0.015,0.008,20,1.9,270,1.8,51.9,51.1,0.368,19.105,136,130,4
ETH/USDT,15m,0.55,0.015,0.008,24,1.9,270,1.8,51.9,50.9,0.366,19.01,136,131,3
ETH/USDT,15m,0.55,0.015,0.008,36,1.9,270,1.8,51.9,50.7,0.366,18.973,136,132,2
ETH/USDT,15m,0.55,0.015,0.008,48,1.9,270,1.8,51.9,50.7,0.365,18.954,136,132,2
ETH/USDT,15m,0.55,0.015,0.01,4,1.5,270,1.8,51.9,47.3,0.237,12.272,89,99,82
ETH/USDT,15m,0.55,0.015,0.01,6,1.5,270,1.8,51.9,52.3,0.337,17.494,114,104,52
ETH/USDT,15m,0.55,0.015,0.01,8,1.5,270,1.8,51.9,56.3,0.389,20.178,139,108,23
ETH/USDT,15m,0.55,0.015,0.01,12,1.5,270,1.8,51.9,56.5,0.396,20.545,144,111,15
ETH/USDT,15m,0.55,0.015,0.01,16,1.5,270,1.8,51.9,56.6,0.399,20.706,146,112,12
ETH/USDT,15m,0.55,0.015,0.01,20,1.5,270,1.8,51.9,56.3,0.39,20.25,148,115,7
ETH/USDT,15m,0.55,0.015,0.01,24,1.5,270,1.8,51.9,56.1,0.387,20.094,148,116,6
ETH/USDT,15m,0.55,0.015,0.01,36,1.5,270,1.8,51.9,55.8,0.388,20.111,148,117,5
ETH/USDT,15m,0.55,0.015,0.01,48,1.5,270,1.8,51.9,55.8,0.387,20.089,148,117,5
ETH/USDT,15m,0.55,0.02,0.008,4,2.5,270,1.8,51.9,29.5,0.251,13.014,51,122,97
ETH/USDT,15m,0.55,0.02,0.008,6,2.5,270,1.8,51.9,38.0,0.37,19.208,78,127,65
ETH/USDT,15m,0.55,0.02,0.008,8,2.5,270,1.8,51.9,43.7,0.453,23.486,101,130,39
ETH/USDT,15m,0.55,0.02,0.008,12,2.5,270,1.8,51.9,44.6,0.457,23.731,111,138,21
ETH/USDT,15m,0.55,0.02,0.008,16,2.5,270,1.8,51.9,45.1,0.473,24.554,116,141,13
ETH/USDT,15m,0.55,0.02,0.008,20,2.5,270,1.8,51.9,45.4,0.474,24.608,118,142,10
ETH/USDT,15m,0.55,0.02,0.008,24,2.5,270,1.8,51.9,45.4,0.472,24.484,119,143,8
ETH/USDT,15m,0.55,0.02,0.008,36,2.5,270,1.8,51.9,44.7,0.453,23.488,119,147,4
ETH/USDT,15m,0.55,0.02,0.008,48,2.5,270,1.8,51.9,44.7,0.451,23.42,119,147,4
ETH/USDT,15m,0.55,0.02,0.01,4,2.0,270,1.8,51.9,34.4,0.26,13.498,54,103,113
ETH/USDT,15m,0.55,0.02,0.01,6,2.0,270,1.8,51.9,42.8,0.393,20.408,83,111,76
ETH/USDT,15m,0.55,0.02,0.01,8,2.0,270,1.8,51.9,48.0,0.483,25.056,107,116,47
ETH/USDT,15m,0.55,0.02,0.01,12,2.0,270,1.8,51.9,50.0,0.494,25.649,121,121,28
ETH/USDT,15m,0.55,0.02,0.01,16,2.0,270,1.8,51.9,50.8,0.515,26.717,127,123,20
ETH/USDT,15m,0.55,0.02,0.01,20,2.0,270,1.8,51.9,50.6,0.51,26.444,130,127,13
ETH/USDT,15m,0.55,0.02,0.01,24,2.0,270,1.8,51.9,50.6,0.506,26.26,131,128,11
ETH/USDT,15m,0.55,0.02,0.01,36,2.0,270,1.8,51.9,49.8,0.486,25.202,131,132,7
ETH/USDT,15m,0.55,0.02,0.01,48,2.0,270,1.8,51.9,49.8,0.484,25.131,131,132,7
ETH/USDT,15m,0.55,0.02,0.015,4,1.3,270,1.8,51.9,44.6,0.261,13.561,58,72,140
ETH/USDT,15m,0.55,0.02,0.015,6,1.3,270,1.8,51.9,52.1,0.391,20.277,88,81,101
ETH/USDT,15m,0.55,0.02,0.015,8,1.3,270,1.8,51.9,56.7,0.511,26.52,118,90,62
ETH/USDT,15m,0.55,0.02,0.015,12,1.3,270,1.8,51.9,59.4,0.551,28.567,136,93,41
ETH/USDT,15m,0.55,0.02,0.015,16,1.3,270,1.8,51.9,59.7,0.568,29.49,145,98,27
ETH/USDT,15m,0.55,0.02,0.015,20,1.3,270,1.8,51.9,59.8,0.557,28.877,149,100,21
ETH/USDT,15m,0.55,0.02,0.015,24,1.3,270,1.8,51.9,59.3,0.549,28.503,150,103,17
ETH/USDT,15m,0.55,0.02,0.015,36,1.3,270,1.8,51.9,58.5,0.525,27.235,151,107,12
ETH/USDT,15m,0.55,0.02,0.015,48,1.3,270,1.8,51.9,58.3,0.518,26.87,151,108,11
ETH/USDT,15m,0.55,0.025,0.008,4,3.1,270,1.8,51.9,20.3,0.267,13.85,31,122,117
ETH/USDT,15m,0.55,0.025,0.008,6,3.1,270,1.8,51.9,27.2,0.385,19.987,49,131,90
ETH/USDT,15m,0.55,0.025,0.008,8,3.1,270,1.8,51.9,33.3,0.49,25.435,68,136,66
ETH/USDT,15m,0.55,0.025,0.008,12,3.1,270,1.8,51.9,38.6,0.517,26.84,91,145,34
ETH/USDT,15m,0.55,0.025,0.008,16,3.1,270,1.8,51.9,39.3,0.545,28.257,96,148,26
ETH/USDT,15m,0.55,0.025,0.008,20,3.1,270,1.8,51.9,40.0,0.542,28.132,100,150,20
ETH/USDT,15m,0.55,0.025,0.008,24,3.1,270,1.8,51.9,39.9,0.538,27.928,101,152,17
ETH/USDT,15m,0.55,0.025,0.008,36,3.1,270,1.8,51.9,39.1,0.496,25.729,102,159,9
ETH/USDT,15m,0.55,0.025,0.008,48,3.1,270,1.8,51.9,38.9,0.487,25.291,102,160,8
ETH/USDT,15m,0.55,0.025,0.01,4,2.5,270,1.8,51.9,24.3,0.279,14.465,33,103,134
ETH/USDT,15m,0.55,0.025,0.01,6,2.5,270,1.8,51.9,31.9,0.417,21.62,53,113,104
ETH/USDT,15m,0.55,0.025,0.01,8,2.5,270,1.8,51.9,37.4,0.52,26.994,73,122,75
ETH/USDT,15m,0.55,0.025,0.01,12,2.5,270,1.8,51.9,43.4,0.55,28.53,99,129,42
ETH/USDT,15m,0.55,0.025,0.01,16,2.5,270,1.8,51.9,44.5,0.576,29.889,105,131,34
ETH/USDT,15m,0.55,0.025,0.01,20,2.5,270,1.8,51.9,44.5,0.568,29.469,110,137,23
ETH/USDT,15m,0.55,0.025,0.01,24,2.5,270,1.8,51.9,44.6,0.562,29.181,111,138,21
ETH/USDT,15m,0.55,0.025,0.01,36,2.5,270,1.8,51.9,43.4,0.516,26.79,112,146,12
ETH/USDT,15m,0.55,0.025,0.01,48,2.5,270,1.8,51.9,43.4,0.511,26.528,112,146,12
ETH/USDT,15m,0.55,0.025,0.015,4,1.7,270,1.8,51.9,33.3,0.282,14.626,36,72,162
ETH/USDT,15m,0.55,0.025,0.015,6,1.7,270,1.8,51.9,40.7,0.417,21.643,57,83,130
ETH/USDT,15m,0.55,0.025,0.015,8,1.7,270,1.8,51.9,45.7,0.548,28.454,79,94,97
ETH/USDT,15m,0.55,0.025,0.015,12,1.7,270,1.8,51.9,52.4,0.599,31.061,111,101,58
ETH/USDT,15m,0.55,0.025,0.015,16,1.7,270,1.8,51.9,52.7,0.607,31.483,119,107,44
ETH/USDT,15m,0.55,0.025,0.015,20,1.7,270,1.8,51.9,53.2,0.599,31.083,126,111,33
ETH/USDT,15m,0.55,0.025,0.015,24,1.7,270,1.8,51.9,52.5,0.585,30.37,127,115,28
ETH/USDT,15m,0.55,0.025,0.015,36,1.7,270,1.8,51.9,51.6,0.541,28.053,130,122,18
ETH/USDT,15m,0.55,0.025,0.015,48,1.7,270,1.8,51.9,51.4,0.533,27.675,130,123,17
ETH/USDT,15m,0.55,0.025,0.02,4,1.2,270,1.8,51.9,48.0,0.333,17.27,36,39,195
ETH/USDT,15m,0.55,0.025,0.02,6,1.2,270,1.8,51.9,52.2,0.499,25.872,59,54,157
ETH/USDT,15m,0.55,0.025,0.02,8,1.2,270,1.8,51.9,57.4,0.657,34.104,85,63,122
ETH/USDT,15m,0.55,0.025,0.02,12,1.2,270,1.8,51.9,61.5,0.676,35.062,120,75,75
ETH/USDT,15m,0.55,0.025,0.02,16,1.2,270,1.8,51.9,59.8,0.672,34.851,128,86,56
ETH/USDT,15m,0.55,0.025,0.02,20,1.2,270,1.8,51.9,60.3,0.66,34.26,135,89,46
ETH/USDT,15m,0.55,0.025,0.02,24,1.2,270,1.8,51.9,59.7,0.636,33.011,139,94,37
ETH/USDT,15m,0.55,0.025,0.02,36,1.2,270,1.8,51.9,57.4,0.546,28.33,143,106,21
ETH/USDT,15m,0.55,0.025,0.02,48,1.2,270,1.8,51.9,57.0,0.527,27.356,143,108,19
ETH/USDT,15m,0.55,0.03,0.008,4,3.8,270,1.8,51.9,12.9,0.268,13.913,18,122,130
ETH/USDT,15m,0.55,0.03,0.008,6,3.8,270,1.8,51.9,21.6,0.42,21.767,36,131,103
ETH/USDT,15m,0.55,0.03,0.008,8,3.8,270,1.8,51.9,28.5,0.541,28.054,55,138,77
ETH/USDT,15m,0.55,0.03,0.008,12,3.8,270,1.8,51.9,34.4,0.59,30.625,77,147,46
ETH/USDT,15m,0.55,0.03,0.008,16,3.8,270,1.8,51.9,35.0,0.608,31.527,82,152,36
ETH/USDT,15m,0.55,0.03,0.008,20,3.8,270,1.8,51.9,35.8,0.6,31.118,87,156,27
ETH/USDT,15m,0.55,0.03,0.008,24,3.8,270,1.8,51.9,35.6,0.591,30.677,88,159,23
ETH/USDT,15m,0.55,0.03,0.008,36,3.8,270,1.8,51.9,34.9,0.539,27.949,89,166,15
ETH/USDT,15m,0.55,0.03,0.008,48,3.8,270,1.8,51.9,34.6,0.524,27.17,89,168,13
ETH/USDT,15m,0.55,0.03,0.01,4,3.0,270,1.8,51.9,15.6,0.28,14.512,19,103,148
ETH/USDT,15m,0.55,0.03,0.01,6,3.0,270,1.8,51.9,25.2,0.444,23.049,38,113,119
ETH/USDT,15m,0.55,0.03,0.01,8,3.0,270,1.8,51.9,31.5,0.556,28.852,57,124,89
ETH/USDT,15m,0.55,0.03,0.01,12,3.0,270,1.8,51.9,38.3,0.607,31.472,82,132,56
ETH/USDT,15m,0.55,0.03,0.01,16,3.0,270,1.8,51.9,39.1,0.619,32.139,88,137,45
ETH/USDT,15m,0.55,0.03,0.01,20,3.0,270,1.8,51.9,39.1,0.602,31.223,93,145,32
ETH/USDT,15m,0.55,0.03,0.01,24,3.0,270,1.8,51.9,39.0,0.588,30.506,94,147,29
ETH/USDT,15m,0.55,0.03,0.01,36,3.0,270,1.8,51.9,38.0,0.534,27.722,95,155,20
ETH/USDT,15m,0.55,0.03,0.01,48,3.0,270,1.8,51.9,38.0,0.518,26.866,95,155,20
ETH/USDT,15m,0.55,0.03,0.015,4,2.0,270,1.8,51.9,22.6,0.286,14.86,21,72,177
ETH/USDT,15m,0.55,0.03,0.015,6,2.0,270,1.8,51.9,33.1,0.443,22.985,41,83,146
ETH/USDT,15m,0.55,0.03,0.015,8,2.0,270,1.8,51.9,39.1,0.581,30.12,61,95,114
ETH/USDT,15m,0.55,0.03,0.015,12,2.0,270,1.8,51.9,45.3,0.629,32.628,87,105,78
ETH/USDT,15m,0.55,0.03,0.015,16,2.0,270,1.8,51.9,45.9,0.621,32.231,95,112,63
ETH/USDT,15m,0.55,0.03,0.015,20,2.0,270,1.8,51.9,45.7,0.581,30.153,100,119,51
ETH/USDT,15m,0.55,0.03,0.015,24,2.0,270,1.8,51.9,44.7,0.545,28.277,101,125,44
ETH/USDT,15m,0.55,0.03,0.015,36,2.0,270,1.8,51.9,43.3,0.473,24.556,104,136,30
ETH/USDT,15m,0.55,0.03,0.015,48,2.0,270,1.8,51.9,43.2,0.442,22.917,104,137,29
ETH/USDT,15m,0.55,0.03,0.02,4,1.5,270,1.8,51.9,35.0,0.337,17.503,21,39,210
ETH/USDT,15m,0.55,0.03,0.02,6,1.5,270,1.8,51.9,43.8,0.522,27.1,42,54,174
ETH/USDT,15m,0.55,0.03,0.02,8,1.5,270,1.8,51.9,49.6,0.684,35.474,63,64,143
ETH/USDT,15m,0.55,0.03,0.02,12,1.5,270,1.8,51.9,53.8,0.704,36.503,92,79,99
ETH/USDT,15m,0.55,0.03,0.02,16,1.5,270,1.8,51.9,53.3,0.694,35.983,104,91,75
ETH/USDT,15m,0.55,0.03,0.02,20,1.5,270,1.8,51.9,53.2,0.653,33.864,109,96,65
ETH/USDT,15m,0.55,0.03,0.02,24,1.5,270,1.8,51.9,52.3,0.603,31.279,112,102,56
ETH/USDT,15m,0.55,0.03,0.02,36,1.5,270,1.8,51.9,49.4,0.477,24.737,117,120,33
ETH/USDT,15m,0.55,0.03,0.02,48,1.5,270,1.8,51.9,49.0,0.434,22.501,117,122,31
ETH/USDT,15m,0.55,0.03,0.025,4,1.2,270,1.8,51.9,50.0,0.398,20.655,22,22,226
ETH/USDT,15m,0.55,0.03,0.025,6,1.2,270,1.8,51.9,55.8,0.567,29.401,43,34,193
ETH/USDT,15m,0.55,0.03,0.025,8,1.2,270,1.8,51.9,58.9,0.712,36.924,66,46,158
ETH/USDT,15m,0.55,0.03,0.025,12,1.2,270,1.8,51.9,59.7,0.716,37.165,95,64,111
ETH/USDT,15m,0.55,0.03,0.025,16,1.2,270,1.8,51.9,58.5,0.675,35.022,107,76,87
ETH/USDT,15m,0.55,0.03,0.025,20,1.2,270,1.8,51.9,58.0,0.623,32.317,112,81,77
ETH/USDT,15m,0.55,0.03,0.025,24,1.2,270,1.8,51.9,57.5,0.592,30.717,115,85,70
ETH/USDT,15m,0.55,0.03,0.025,36,1.2,270,1.8,51.9,53.5,0.405,21.037,122,106,42
ETH/USDT,15m,0.55,0.03,0.025,48,1.2,270,1.8,51.9,52.4,0.348,18.037,122,111,37
ETH/USDT,15m,0.55,0.04,0.008,4,5.0,270,1.8,51.9,6.2,0.273,14.18,8,122,140
ETH/USDT,15m,0.55,0.04,0.008,6,5.0,270,1.8,51.9,12.1,0.428,22.225,18,131,121
ETH/USDT,15m,0.55,0.04,0.008,8,5.0,270,1.8,51.9,14.7,0.522,27.058,24,139,107
ETH/USDT,15m,0.55,0.04,0.008,12,5.0,270,1.8,51.9,18.2,0.515,26.706,34,153,83
ETH/USDT,15m,0.55,0.04,0.008,16,5.0,270,1.8,51.9,18.8,0.525,27.255,37,160,73
ETH/USDT,15m,0.55,0.04,0.008,20,5.0,270,1.8,51.9,21.8,0.52,26.955,47,169,54
ETH/USDT,15m,0.55,0.04,0.008,24,5.0,270,1.8,51.9,24.7,0.551,28.573,57,174,39
ETH/USDT,15m,0.55,0.04,0.008,36,5.0,270,1.8,51.9,24.6,0.502,26.062,59,181,30
ETH/USDT,15m,0.55,0.04,0.008,48,5.0,270,1.8,51.9,24.7,0.475,24.62,60,183,27
ETH/USDT,15m,0.55,0.04,0.01,4,4.0,270,1.8,51.9,8.0,0.289,14.971,9,103,158
ETH/USDT,15m,0.55,0.04,0.01,6,4.0,270,1.8,51.9,14.4,0.456,23.64,19,113,138
ETH/USDT,15m,0.55,0.04,0.01,8,4.0,270,1.8,51.9,16.7,0.539,27.99,25,125,120
ETH/USDT,15m,0.55,0.04,0.01,12,4.0,270,1.8,51.9,22.0,0.545,28.284,39,138,93
ETH/USDT,15m,0.55,0.04,0.01,16,4.0,270,1.8,51.9,22.5,0.549,28.459,42,145,83
ETH/USDT,15m,0.55,0.04,0.01,20,4.0,270,1.8,51.9,24.9,0.53,27.504,52,157,61
ETH/USDT,15m,0.55,0.04,0.01,24,4.0,270,1.8,51.9,27.7,0.551,28.569,62,162,46
ETH/USDT,15m,0.55,0.04,0.01,36,4.0,270,1.8,51.9,27.4,0.503,26.074,64,170,36
ETH/USDT,15m,0.55,0.04,0.01,48,4.0,270,1.8,51.9,27.7,0.472,24.475,65,170,35
ETH/USDT,15m,0.55,0.04,0.015,4,2.7,270,1.8,51.9,12.2,0.293,15.226,10,72,188
ETH/USDT,15m,0.55,0.04,0.015,6,2.7,270,1.8,51.9,19.4,0.45,23.342,20,83,167
ETH/USDT,15m,0.55,0.04,0.015,8,2.7,270,1.8,51.9,22.0,0.56,29.063,27,96,147
ETH/USDT,15m,0.55,0.04,0.015,12,2.7,270,1.8,51.9,28.7,0.58,30.079,43,107,120
ETH/USDT,15m,0.55,0.04,0.015,16,2.7,270,1.8,51.9,27.7,0.546,28.345,46,120,104
ETH/USDT,15m,0.55,0.04,0.015,20,2.7,270,1.8,51.9,30.6,0.516,26.759,57,129,84
ETH/USDT,15m,0.55,0.04,0.015,24,2.7,270,1.8,51.9,32.8,0.513,26.624,67,137,66
ETH/USDT,15m,0.55,0.04,0.015,36,2.7,270,1.8,51.9,32.0,0.438,22.702,71,151,48
ETH/USDT,15m,0.55,0.04,0.015,48,2.7,270,1.8,51.9,32.1,0.382,19.846,72,152,46
ETH/USDT,15m,0.55,0.04,0.02,4,2.0,270,1.8,51.9,20.4,0.344,17.869,10,39,221
ETH/USDT,15m,0.55,0.04,0.02,6,2.0,270,1.8,51.9,27.0,0.524,27.205,20,54,196
ETH/USDT,15m,0.55,0.04,0.02,8,2.0,270,1.8,51.9,29.7,0.648,33.632,27,64,179
ETH/USDT,15m,0.55,0.04,0.02,12,2.0,270,1.8,51.9,34.7,0.634,32.912,43,81,146
ETH/USDT,15m,0.55,0.04,0.02,16,2.0,270,1.8,51.9,34.2,0.615,31.924,51,98,121
ETH/USDT,15m,0.55,0.04,0.02,20,2.0,270,1.8,51.9,37.3,0.568,29.482,62,104,104
ETH/USDT,15m,0.55,0.04,0.02,24,2.0,270,1.8,51.9,39.1,0.555,28.811,72,112,86
ETH/USDT,15m,0.55,0.04,0.02,36,2.0,270,1.8,51.9,37.9,0.455,23.606,81,133,56
ETH/USDT,15m,0.55,0.04,0.02,48,2.0,270,1.8,51.9,37.9,0.386,20.018,83,136,51
ETH/USDT,15m,0.55,0.04,0.025,4,1.6,270,1.8,51.9,31.2,0.403,20.889,10,22,238
ETH/USDT,15m,0.55,0.04,0.025,6,1.6,270,1.8,51.9,37.0,0.563,29.226,20,34,216
ETH/USDT,15m,0.55,0.04,0.025,8,1.6,270,1.8,51.9,37.0,0.668,34.684,27,46,197
ETH/USDT,15m,0.55,0.04,0.025,12,1.6,270,1.8,51.9,39.4,0.636,32.978,43,66,161
ETH/USDT,15m,0.55,0.04,0.025,16,1.6,270,1.8,51.9,39.5,0.577,29.929,51,78,141
ETH/USDT,15m,0.55,0.04,0.025,20,1.6,270,1.8,51.9,42.5,0.536,27.8,62,84,124
ETH/USDT,15m,0.55,0.04,0.025,24,1.6,270,1.8,51.9,45.1,0.599,31.097,73,89,108
ETH/USDT,15m,0.55,0.04,0.025,36,1.6,270,1.8,51.9,43.2,0.454,23.53,86,113,71
ETH/USDT,15m,0.55,0.04,0.025,48,1.6,270,1.8,51.9,43.3,0.38,19.729,90,118,62
ETH/USDT,15m,0.55,0.05,0.008,4,6.2,270,1.8,51.9,3.2,0.284,14.722,4,122,144
ETH/USDT,15m,0.55,0.05,0.008,6,6.2,270,1.8,51.9,6.4,0.442,22.949,9,131,130
ETH/USDT,15m,0.55,0.05,0.008,8,6.2,270,1.8,51.9,9.2,0.542,28.124,14,139,117
ETH/USDT,15m,0.55,0.05,0.008,12,6.2,270,1.8,51.9,11.6,0.499,25.904,20,153,97
ETH/USDT,15m,0.55,0.05,0.008,16,6.2,270,1.8,51.9,13.0,0.531,27.552,24,161,85
ETH/USDT,15m,0.55,0.05,0.008,20,6.2,270,1.8,51.9,14.4,0.533,27.66,29,172,69
ETH/USDT,15m,0.55,0.05,0.008,24,6.2,270,1.8,51.9,18.3,0.606,31.417,40,178,52
ETH/USDT,15m,0.55,0.05,0.008,36,6.2,270,1.8,51.9,20.6,0.576,29.897,48,185,37
ETH/USDT,15m,0.55,0.05,0.008,48,6.2,270,1.8,51.9,20.8,0.541,28.046,49,187,34
ETH/USDT,15m,0.55,0.05,0.01,4,5.0,270,1.8,51.9,3.7,0.297,15.389,4,103,163
ETH/USDT,15m,0.55,0.05,0.01,6,5.0,270,1.8,51.9,7.4,0.466,24.193,9,113,148
ETH/USDT,15m,0.55,0.05,0.01,8,5.0,270,1.8,51.9,10.7,0.564,29.248,15,125,130
ETH/USDT,15m,0.55,0.05,0.01,12,5.0,270,1.8,51.9,14.3,0.53,27.5,23,138,109
ETH/USDT,15m,0.55,0.05,0.01,16,5.0,270,1.8,51.9,15.6,0.537,27.868,27,146,97
ETH/USDT,15m,0.55,0.05,0.01,20,5.0,270,1.8,51.9,16.6,0.521,27.014,32,161,77
ETH/USDT,15m,0.55,0.05,0.01,24,5.0,270,1.8,51.9,20.4,0.577,29.914,43,168,59
ETH/USDT,15m,0.55,0.05,0.01,36,5.0,270,1.8,51.9,22.5,0.548,28.41,51,176,43
ETH/USDT,15m,0.55,0.05,0.01,48,5.0,270,1.8,51.9,22.8,0.509,26.402,52,176,42
ETH/USDT,15m,0.55,0.05,0.015,4,3.3,270,1.8,51.9,6.5,0.305,15.836,5,72,193
ETH/USDT,15m,0.55,0.05,0.015,6,3.3,270,1.8,51.9,10.8,0.464,24.087,10,83,177
ETH/USDT,15m,0.55,0.05,0.015,8,3.3,270,1.8,51.9,15.0,0.592,30.705,17,96,157
ETH/USDT,15m,0.55,0.05,0.015,12,3.3,270,1.8,51.9,19.5,0.573,29.745,26,107,137
ETH/USDT,15m,0.55,0.05,0.015,16,3.3,270,1.8,51.9,20.0,0.547,28.396,30,120,120
ETH/USDT,15m,0.55,0.05,0.015,20,3.3,270,1.8,51.9,21.7,0.512,26.583,36,130,104
ETH/USDT,15m,0.55,0.05,0.015,24,3.3,270,1.8,51.9,25.1,0.558,28.968,47,140,83
ETH/USDT,15m,0.55,0.05,0.015,36,3.3,270,1.8,51.9,26.2,0.491,25.456,55,155,60
ETH/USDT,15m,0.55,0.05,0.015,48,3.3,270,1.8,51.9,27.1,0.464,24.074,58,156,56
ETH/USDT,15m,0.55,0.05,0.02,4,2.5,270,1.8,51.9,11.4,0.356,18.479,5,39,226
ETH/USDT,15m,0.55,0.05,0.02,6,2.5,270,1.8,51.9,15.6,0.539,27.951,10,54,206
ETH/USDT,15m,0.55,0.05,0.02,8,2.5,270,1.8,51.9,21.0,0.68,35.274,17,64,189
ETH/USDT,15m,0.55,0.05,0.02,12,2.5,270,1.8,51.9,24.3,0.628,32.578,26,81,163
ETH/USDT,15m,0.55,0.05,0.02,16,2.5,270,1.8,51.9,25.2,0.627,32.548,33,98,139
ETH/USDT,15m,0.55,0.05,0.02,20,2.5,270,1.8,51.9,28.1,0.581,30.171,41,105,124
ETH/USDT,15m,0.55,0.05,0.02,24,2.5,270,1.8,51.9,31.5,0.628,32.59,52,113,105
ETH/USDT,15m,0.55,0.05,0.02,36,2.5,270,1.8,51.9,32.5,0.564,29.243,65,135,70
ETH/USDT,15m,0.55,0.05,0.02,48,2.5,270,1.8,51.9,34.0,0.553,28.666,71,138,61
ETH/USDT,15m,0.55,0.05,0.025,4,2.0,270,1.8,51.9,18.5,0.414,21.499,5,22,243
ETH/USDT,15m,0.55,0.05,0.025,6,2.0,270,1.8,51.9,22.7,0.578,29.971,10,34,226
ETH/USDT,15m,0.55,0.05,0.025,8,2.0,270,1.8,51.9,27.0,0.7,36.326,17,46,207
ETH/USDT,15m,0.55,0.05,0.025,12,2.0,270,1.8,51.9,28.3,0.629,32.644,26,66,178
ETH/USDT,15m,0.55,0.05,0.025,16,2.0,270,1.8,51.9,29.7,0.589,30.554,33,78,159
ETH/USDT,15m,0.55,0.05,0.025,20,2.0,270,1.8,51.9,32.5,0.547,28.393,41,85,144
ETH/USDT,15m,0.55,0.05,0.025,24,2.0,270,1.8,51.9,36.6,0.672,34.847,52,90,128
ETH/USDT,15m,0.55,0.05,0.025,36,2.0,270,1.8,51.9,36.7,0.554,28.739,66,114,90
ETH/USDT,15m,0.55,0.05,0.025,48,2.0,270,1.8,51.9,38.7,0.559,29.004,75,119,76
ETH/USDT,15m,0.55,0.075,0.008,4,9.4,270,1.8,51.9,0.0,0.286,14.827,0,122,148
ETH/USDT,15m,0.55,0.075,0.008,6,9.4,270,1.8,51.9,1.5,0.46,23.843,2,131,137
ETH/USDT,15m,0.55,0.075,0.008,8,9.4,270,1.8,51.9,2.1,0.536,27.805,3,139,128
ETH/USDT,15m,0.55,0.075,0.008,12,9.4,270,1.8,51.9,1.9,0.453,23.518,3,153,114
ETH/USDT,15m,0.55,0.075,0.008,16,9.4,270,1.8,51.9,1.8,0.482,25.007,3,161,106
ETH/USDT,15m,0.55,0.075,0.008,20,9.4,270,1.8,51.9,4.4,0.513,26.606,8,172,90
ETH/USDT,15m,0.55,0.075,0.008,24,9.4,270,1.8,51.9,4.8,0.534,27.704,9,178,83
ETH/USDT,15m,0.55,0.075,0.008,36,9.4,270,1.8,51.9,8.9,0.64,33.188,18,185,67
ETH/USDT,15m,0.55,0.075,0.008,48,9.4,270,1.8,51.9,8.8,0.599,31.098,18,187,65
ETH/USDT,15m,0.55,0.075,0.01,4,7.5,270,1.8,51.9,0.0,0.299,15.494,0,103,167
ETH/USDT,15m,0.55,0.075,0.01,6,7.5,270,1.8,51.9,1.7,0.484,25.087,2,113,155
ETH/USDT,15m,0.55,0.075,0.01,8,7.5,270,1.8,51.9,3.1,0.567,29.409,4,125,141
ETH/USDT,15m,0.55,0.075,0.01,12,7.5,270,1.8,51.9,2.8,0.494,25.619,4,138,128
ETH/USDT,15m,0.55,0.075,0.01,16,7.5,270,1.8,51.9,2.7,0.491,25.452,4,146,120
ETH/USDT,15m,0.55,0.075,0.01,20,7.5,270,1.8,51.9,5.3,0.507,26.291,9,161,100
ETH/USDT,15m,0.55,0.075,0.01,24,7.5,270,1.8,51.9,5.6,0.507,26.282,10,168,92
ETH/USDT,15m,0.55,0.075,0.01,36,7.5,270,1.8,51.9,9.7,0.617,31.99,19,176,75
ETH/USDT,15m,0.55,0.075,0.01,48,7.5,270,1.8,51.9,9.7,0.572,29.668,19,176,75
ETH/USDT,15m,0.55,0.075,0.015,4,5.0,270,1.8,51.9,1.4,0.316,16.421,1,72,197
ETH/USDT,15m,0.55,0.075,0.015,6,5.0,270,1.8,51.9,3.5,0.491,25.462,3,83,184
ETH/USDT,15m,0.55,0.075,0.015,8,5.0,270,1.8,51.9,5.0,0.605,31.387,5,96,169
ETH/USDT,15m,0.55,0.075,0.015,12,5.0,270,1.8,51.9,5.3,0.555,28.775,6,107,157
ETH/USDT,15m,0.55,0.075,0.015,16,5.0,270,1.8,51.9,4.8,0.514,26.656,6,120,144
ETH/USDT,15m,0.55,0.075,0.015,20,5.0,270,1.8,51.9,7.8,0.508,26.341,11,130,129
ETH/USDT,15m,0.55,0.075,0.015,24,5.0,270,1.8,51.9,7.9,0.501,25.971,12,140,118
ETH/USDT,15m,0.55,0.075,0.015,36,5.0,270,1.8,51.9,11.9,0.57,29.564,21,155,94
ETH/USDT,15m,0.55,0.075,0.015,48,5.0,270,1.8,51.9,11.9,0.532,27.587,21,156,93
ETH/USDT,15m,0.55,0.075,0.02,4,3.8,270,1.8,51.9,2.5,0.367,19.065,1,39,230
ETH/USDT,15m,0.55,0.075,0.02,6,3.8,270,1.8,51.9,5.3,0.565,29.326,3,54,213
ETH/USDT,15m,0.55,0.075,0.02,8,3.8,270,1.8,51.9,7.2,0.693,35.955,5,64,201
ETH/USDT,15m,0.55,0.075,0.02,12,3.8,270,1.8,51.9,6.9,0.609,31.609,6,81,183
ETH/USDT,15m,0.55,0.075,0.02,16,3.8,270,1.8,51.9,5.8,0.585,30.356,6,98,166
ETH/USDT,15m,0.55,0.075,0.02,20,3.8,270,1.8,51.9,9.5,0.556,28.851,11,105,154
ETH/USDT,15m,0.55,0.075,0.02,24,3.8,270,1.8,51.9,9.6,0.558,28.96,12,113,145
ETH/USDT,15m,0.55,0.075,0.02,36,3.8,270,1.8,51.9,16.7,0.704,36.541,27,135,108
ETH/USDT,15m,0.55,0.075,0.02,48,3.8,270,1.8,51.9,17.9,0.689,35.724,30,138,102
ETH/USDT,15m,0.55,0.075,0.025,4,3.0,270,1.8,51.9,4.3,0.426,22.085,1,22,247
ETH/USDT,15m,0.55,0.075,0.025,6,3.0,270,1.8,51.9,8.1,0.604,31.346,3,34,233
ETH/USDT,15m,0.55,0.075,0.025,8,3.0,270,1.8,51.9,9.8,0.713,37.008,5,46,219
ETH/USDT,15m,0.55,0.075,0.025,12,3.0,270,1.8,51.9,8.3,0.61,31.674,6,66,198
ETH/USDT,15m,0.55,0.075,0.025,16,3.0,270,1.8,51.9,7.1,0.547,28.362,6,78,186
ETH/USDT,15m,0.55,0.075,0.025,20,3.0,270,1.8,51.9,11.5,0.522,27.073,11,85,174
ETH/USDT,15m,0.55,0.075,0.025,24,3.0,270,1.8,51.9,11.8,0.602,31.218,12,90,168
ETH/USDT,15m,0.55,0.075,0.025,36,3.0,270,1.8,51.9,19.1,0.701,36.372,27,114,129
ETH/USDT,15m,0.55,0.075,0.025,48,3.0,270,1.8,51.9,21.2,0.725,37.594,32,119,119
ETH/USDT,15m,0.55,0.1,0.008,4,12.5,270,1.8,51.9,0.0,0.286,14.827,0,122,148
ETH/USDT,15m,0.55,0.1,0.008,6,12.5,270,1.8,51.9,0.0,0.454,23.543,0,131,139
ETH/USDT,15m,0.55,0.1,0.008,8,12.5,270,1.8,51.9,0.7,0.538,27.908,1,139,130
ETH/USDT,15m,0.55,0.1,0.008,12,12.5,270,1.8,51.9,0.6,0.443,23.008,1,153,116
ETH/USDT,15m,0.55,0.1,0.008,16,12.5,270,1.8,51.9,0.6,0.471,24.445,1,161,108
ETH/USDT,15m,0.55,0.1,0.008,20,12.5,270,1.8,51.9,0.6,0.489,25.38,1,172,97
ETH/USDT,15m,0.55,0.1,0.008,24,12.5,270,1.8,51.9,1.1,0.509,26.401,2,178,90
ETH/USDT,15m,0.55,0.1,0.008,36,12.5,270,1.8,51.9,3.1,0.646,33.523,6,185,79
ETH/USDT,15m,0.55,0.1,0.008,48,12.5,270,1.8,51.9,3.1,0.597,30.971,6,187,77
ETH/USDT,15m,0.55,0.1,0.01,4,10.0,270,1.8,51.9,0.0,0.299,15.494,0,103,167
ETH/USDT,15m,0.55,0.1,0.01,6,10.0,270,1.8,51.9,0.0,0.478,24.788,0,113,157
ETH/USDT,15m,0.55,0.1,0.01,8,10.0,270,1.8,51.9,1.6,0.578,29.993,2,125,143
ETH/USDT,15m,0.55,0.1,0.01,12,10.0,270,1.8,51.9,1.4,0.493,25.59,2,138,130
ETH/USDT,15m,0.55,0.1,0.01,16,10.0,270,1.8,51.9,1.4,0.489,25.37,2,146,122
ETH/USDT,15m,0.55,0.1,0.01,20,10.0,270,1.8,51.9,1.2,0.492,25.545,2,161,107
ETH/USDT,15m,0.55,0.1,0.01,24,10.0,270,1.8,51.9,1.8,0.491,25.46,3,168,99
ETH/USDT,15m,0.55,0.1,0.01,36,10.0,270,1.8,51.9,3.8,0.632,32.806,7,176,87
ETH/USDT,15m,0.55,0.1,0.01,48,10.0,270,1.8,51.9,3.8,0.579,30.021,7,176,87
ETH/USDT,15m,0.55,0.1,0.015,4,6.7,270,1.8,51.9,0.0,0.315,16.34,0,72,198
ETH/USDT,15m,0.55,0.1,0.015,6,6.7,270,1.8,51.9,0.0,0.489,25.368,0,83,187
ETH/USDT,15m,0.55,0.1,0.015,8,6.7,270,1.8,51.9,3.0,0.625,32.451,3,96,171
ETH/USDT,15m,0.55,0.1,0.015,12,6.7,270,1.8,51.9,2.7,0.564,29.253,3,107,160
ETH/USDT,15m,0.55,0.1,0.015,16,6.7,270,1.8,51.9,2.4,0.516,26.783,3,120,147
ETH/USDT,15m,0.55,0.1,0.015,20,6.7,270,1.8,51.9,2.3,0.492,25.516,3,130,137
ETH/USDT,15m,0.55,0.1,0.015,24,6.7,270,1.8,51.9,2.8,0.485,25.18,4,140,126
ETH/USDT,15m,0.55,0.1,0.015,36,6.7,270,1.8,51.9,4.9,0.59,30.591,8,155,107
ETH/USDT,15m,0.55,0.1,0.015,48,6.7,270,1.8,51.9,4.9,0.543,28.175,8,156,106
ETH/USDT,15m,0.55,0.1,0.02,4,5.0,270,1.8,51.9,0.0,0.366,18.983,0,39,231
ETH/USDT,15m,0.55,0.1,0.02,6,5.0,270,1.8,51.9,0.0,0.563,29.232,0,54,216
ETH/USDT,15m,0.55,0.1,0.02,8,5.0,270,1.8,51.9,4.5,0.713,37.02,3,64,203
ETH/USDT,15m,0.55,0.1,0.02,12,5.0,270,1.8,51.9,3.6,0.618,32.087,3,81,186
ETH/USDT,15m,0.55,0.1,0.02,16,5.0,270,1.8,51.9,3.0,0.588,30.484,3,98,169
ETH/USDT,15m,0.55,0.1,0.02,20,5.0,270,1.8,51.9,2.8,0.54,28.025,3,105,162
ETH/USDT,15m,0.55,0.1,0.02,24,5.0,270,1.8,51.9,3.4,0.543,28.169,4,113,153
ETH/USDT,15m,0.55,0.1,0.02,36,5.0,270,1.8,51.9,5.6,0.714,37.033,8,135,127
ETH/USDT,15m,0.55,0.1,0.02,48,5.0,270,1.8,51.9,6.8,0.713,36.975,10,138,122
ETH/USDT,15m,0.55,0.1,0.025,4,4.0,270,1.8,51.9,0.0,0.424,22.003,0,22,248
ETH/USDT,15m,0.55,0.1,0.025,6,4.0,270,1.8,51.9,0.0,0.602,31.252,0,34,236
ETH/USDT,15m,0.55,0.1,0.025,8,4.0,270,1.8,51.9,6.1,0.734,38.072,3,46,221
ETH/USDT,15m,0.55,0.1,0.025,12,4.0,270,1.8,51.9,4.3,0.62,32.153,3,66,201
ETH/USDT,15m,0.55,0.1,0.025,16,4.0,270,1.8,51.9,3.7,0.549,28.49,3,78,189
ETH/USDT,15m,0.55,0.1,0.025,20,4.0,270,1.8,51.9,3.4,0.506,26.247,3,85,182
ETH/USDT,15m,0.55,0.1,0.025,24,4.0,270,1.8,51.9,4.3,0.586,30.427,4,90,176
ETH/USDT,15m,0.55,0.1,0.025,36,4.0,270,1.8,51.9,6.6,0.711,36.865,8,114,148
ETH/USDT,15m,0.55,0.1,0.025,48,4.0,270,1.8,51.9,7.8,0.748,38.836,10,119,141
ETH/USDT,15m,0.6,0.01,0.008,4,1.2,207,1.38,39.8,51.7,0.141,5.617,93,87,27
ETH/USDT,15m,0.6,0.01,0.008,6,1.2,207,1.38,39.8,54.6,0.187,7.426,106,88,13
ETH/USDT,15m,0.6,0.01,0.008,8,1.2,207,1.38,39.8,55.8,0.196,7.808,111,88,8
ETH/USDT,15m,0.6,0.01,0.008,12,1.2,207,1.38,39.8,54.9,0.189,7.512,112,92,3
ETH/USDT,15m,0.6,0.01,0.008,16,1.2,207,1.38,39.8,54.9,0.188,7.479,113,93,1
ETH/USDT,15m,0.6,0.01,0.008,20,1.2,207,1.38,39.8,54.9,0.186,7.407,113,93,1
ETH/USDT,15m,0.6,0.01,0.008,24,1.2,207,1.38,39.8,54.9,0.187,7.429,113,93,1
ETH/USDT,15m,0.6,0.01,0.008,36,1.2,207,1.38,39.8,54.9,0.187,7.456,113,93,1
ETH/USDT,15m,0.6,0.01,0.008,48,1.2,207,1.38,39.8,54.9,0.185,7.355,113,93,1
ETH/USDT,15m,0.6,0.015,0.008,4,1.9,207,1.38,39.8,41.8,0.243,9.66,66,92,49
ETH/USDT,15m,0.6,0.015,0.008,6,1.9,207,1.38,39.8,47.8,0.335,13.307,86,94,27
ETH/USDT,15m,0.6,0.015,0.008,8,1.9,207,1.38,39.8,52.3,0.387,15.397,103,94,10
ETH/USDT,15m,0.6,0.015,0.008,12,1.9,207,1.38,39.8,51.7,0.386,15.355,105,98,4
ETH/USDT,15m,0.6,0.015,0.008,16,1.9,207,1.38,39.8,51.7,0.39,15.503,106,99,2
ETH/USDT,15m,0.6,0.015,0.008,20,1.9,207,1.38,39.8,51.7,0.386,15.344,106,99,2
ETH/USDT,15m,0.6,0.015,0.008,24,1.9,207,1.38,39.8,51.7,0.384,15.288,106,99,2
ETH/USDT,15m,0.6,0.015,0.008,36,1.9,207,1.38,39.8,51.5,0.383,15.22,106,100,1
ETH/USDT,15m,0.6,0.015,0.008,48,1.9,207,1.38,39.8,51.5,0.38,15.118,106,100,1
ETH/USDT,15m,0.6,0.015,0.01,4,1.5,207,1.38,39.8,46.9,0.254,10.09,68,77,62
ETH/USDT,15m,0.6,0.015,0.01,6,1.5,207,1.38,39.8,52.9,0.364,14.47,91,81,35
ETH/USDT,15m,0.6,0.015,0.01,8,1.5,207,1.38,39.8,57.4,0.421,16.742,112,83,12
ETH/USDT,15m,0.6,0.015,0.01,12,1.5,207,1.38,39.8,57.5,0.424,16.874,115,85,7
ETH/USDT,15m,0.6,0.015,0.01,16,1.5,207,1.38,39.8,57.4,0.427,16.972,116,86,5
ETH/USDT,15m,0.6,0.015,0.01,20,1.5,207,1.38,39.8,57.1,0.418,16.641,116,87,4
ETH/USDT,15m,0.6,0.015,0.01,24,1.5,207,1.38,39.8,57.1,0.415,16.52,116,87,4
ETH/USDT,15m,0.6,0.015,0.01,36,1.5,207,1.38,39.8,56.9,0.415,16.491,116,88,3
ETH/USDT,15m,0.6,0.015,0.01,48,1.5,207,1.38,39.8,56.9,0.412,16.383,116,88,3
ETH/USDT,15m,0.6,0.02,0.008,4,2.5,207,1.38,39.8,29.3,0.274,10.894,39,94,74
ETH/USDT,15m,0.6,0.02,0.008,6,2.5,207,1.38,39.8,39.3,0.41,16.319,64,99,44
ETH/USDT,15m,0.6,0.02,0.008,8,2.5,207,1.38,39.8,45.6,0.504,20.057,83,99,25
ETH/USDT,15m,0.6,0.02,0.008,12,2.5,207,1.38,39.8,46.5,0.504,20.032,92,106,9
ETH/USDT,15m,0.6,0.02,0.008,16,2.5,207,1.38,39.8,46.8,0.518,20.605,95,108,4
ETH/USDT,15m,0.6,0.02,0.008,20,2.5,207,1.38,39.8,46.8,0.515,20.478,95,108,4
ETH/USDT,15m,0.6,0.02,0.008,24,2.5,207,1.38,39.8,47.1,0.514,20.441,96,108,3
ETH/USDT,15m,0.6,0.02,0.008,36,2.5,207,1.38,39.8,46.6,0.503,20.024,96,110,1
ETH/USDT,15m,0.6,0.02,0.008,48,2.5,207,1.38,39.8,46.6,0.501,19.923,96,110,1
ETH/USDT,15m,0.6,0.02,0.01,4,2.0,207,1.38,39.8,34.2,0.288,11.439,41,79,87
ETH/USDT,15m,0.6,0.02,0.01,6,2.0,207,1.38,39.8,44.2,0.445,17.687,68,86,53
ETH/USDT,15m,0.6,0.02,0.01,8,2.0,207,1.38,39.8,49.7,0.543,21.6,87,88,32
ETH/USDT,15m,0.6,0.02,0.01,12,2.0,207,1.38,39.8,52.1,0.55,21.891,100,92,15
ETH/USDT,15m,0.6,0.02,0.01,16,2.0,207,1.38,39.8,52.5,0.571,22.697,104,94,9
ETH/USDT,15m,0.6,0.02,0.01,20,2.0,207,1.38,39.8,52.2,0.563,22.39,105,96,6
ETH/USDT,15m,0.6,0.02,0.01,24,2.0,207,1.38,39.8,52.5,0.56,22.288,106,96,5
ETH/USDT,15m,0.6,0.02,0.01,36,2.0,207,1.38,39.8,52.0,0.55,21.872,106,98,3
ETH/USDT,15m,0.6,0.02,0.01,48,2.0,207,1.38,39.8,52.0,0.547,21.764,106,98,3
ETH/USDT,15m,0.6,0.02,0.015,4,1.3,207,1.38,39.8,44.0,0.285,11.331,44,56,107
ETH/USDT,15m,0.6,0.02,0.015,6,1.3,207,1.38,39.8,52.6,0.429,17.082,71,64,72
ETH/USDT,15m,0.6,0.02,0.015,8,1.3,207,1.38,39.8,57.2,0.552,21.95,95,71,41
ETH/USDT,15m,0.6,0.02,0.015,12,1.3,207,1.38,39.8,60.7,0.591,23.505,111,72,24
ETH/USDT,15m,0.6,0.02,0.015,16,1.3,207,1.38,39.8,60.8,0.617,24.524,118,76,13
ETH/USDT,15m,0.6,0.02,0.015,20,1.3,207,1.38,39.8,60.6,0.603,23.991,120,78,9
ETH/USDT,15m,0.6,0.02,0.015,24,1.3,207,1.38,39.8,60.5,0.597,23.737,121,79,7
ETH/USDT,15m,0.6,0.02,0.015,36,1.3,207,1.38,39.8,59.6,0.572,22.747,121,82,4
ETH/USDT,15m,0.6,0.02,0.015,48,1.3,207,1.38,39.8,59.6,0.569,22.649,121,82,4
ETH/USDT,15m,0.6,0.025,0.008,4,3.1,207,1.38,39.8,21.0,0.295,11.739,25,94,88
ETH/USDT,15m,0.6,0.025,0.008,6,3.1,207,1.38,39.8,29.7,0.449,17.848,43,102,62
ETH/USDT,15m,0.6,0.025,0.008,8,3.1,207,1.38,39.8,37.4,0.601,23.89,61,102,44
ETH/USDT,15m,0.6,0.025,0.008,12,3.1,207,1.38,39.8,42.0,0.628,24.993,79,109,19
ETH/USDT,15m,0.6,0.025,0.008,16,3.1,207,1.38,39.8,42.8,0.647,25.751,83,111,13
ETH/USDT,15m,0.6,0.025,0.008,20,3.1,207,1.38,39.8,43.1,0.642,25.526,85,112,10
ETH/USDT,15m,0.6,0.025,0.008,24,3.1,207,1.38,39.8,43.4,0.645,25.643,86,112,9
ETH/USDT,15m,0.6,0.025,0.008,36,3.1,207,1.38,39.8,42.4,0.599,23.838,86,117,4
ETH/USDT,15m,0.6,0.025,0.008,48,3.1,207,1.38,39.8,42.2,0.589,23.434,86,118,3
ETH/USDT,15m,0.6,0.025,0.01,4,2.5,207,1.38,39.8,25.5,0.314,12.476,27,79,101
ETH/USDT,15m,0.6,0.025,0.01,6,2.5,207,1.38,39.8,34.3,0.49,19.49,46,88,73
ETH/USDT,15m,0.6,0.025,0.01,8,2.5,207,1.38,39.8,41.9,0.654,26.019,65,90,52
ETH/USDT,15m,0.6,0.025,0.01,12,2.5,207,1.38,39.8,47.5,0.685,27.258,86,95,26
ETH/USDT,15m,0.6,0.025,0.01,16,2.5,207,1.38,39.8,48.4,0.703,27.946,91,97,19
ETH/USDT,15m,0.6,0.025,0.01,20,2.5,207,1.38,39.8,48.2,0.693,27.572,94,101,12
ETH/USDT,15m,0.6,0.025,0.01,24,2.5,207,1.38,39.8,48.5,0.694,27.624,95,101,11
ETH/USDT,15m,0.6,0.025,0.01,36,2.5,207,1.38,39.8,47.3,0.646,25.706,95,106,6
ETH/USDT,15m,0.6,0.025,0.01,48,2.5,207,1.38,39.8,47.3,0.64,25.473,95,106,6
ETH/USDT,15m,0.6,0.025,0.015,4,1.7,207,1.38,39.8,34.1,0.311,12.371,29,56,122
ETH/USDT,15m,0.6,0.025,0.015,6,1.7,207,1.38,39.8,42.1,0.474,18.847,48,66,93
ETH/USDT,15m,0.6,0.025,0.015,8,1.7,207,1.38,39.8,48.2,0.659,26.199,68,73,66
ETH/USDT,15m,0.6,0.025,0.015,12,1.7,207,1.38,39.8,55.6,0.718,28.581,94,75,38
ETH/USDT,15m,0.6,0.025,0.015,16,1.7,207,1.38,39.8,55.8,0.721,28.69,101,80,26
ETH/USDT,15m,0.6,0.025,0.015,20,1.7,207,1.38,39.8,55.8,0.715,28.45,106,84,17
ETH/USDT,15m,0.6,0.025,0.015,24,1.7,207,1.38,39.8,55.4,0.707,28.115,107,86,14
ETH/USDT,15m,0.6,0.025,0.015,36,1.7,207,1.38,39.8,54.3,0.651,25.907,108,91,8
ETH/USDT,15m,0.6,0.025,0.015,48,1.7,207,1.38,39.8,54.3,0.65,25.864,108,91,8
ETH/USDT,15m,0.6,0.025,0.02,4,1.2,207,1.38,39.8,50.0,0.394,15.675,29,29,149
ETH/USDT,15m,0.6,0.025,0.02,6,1.2,207,1.38,39.8,55.6,0.59,23.457,50,40,117
ETH/USDT,15m,0.6,0.025,0.02,8,1.2,207,1.38,39.8,61.2,0.825,32.8,74,47,86
ETH/USDT,15m,0.6,0.025,0.02,12,1.2,207,1.38,39.8,65.2,0.848,33.732,103,55,49
ETH/USDT,15m,0.6,0.025,0.02,16,1.2,207,1.38,39.8,63.6,0.839,33.359,110,63,34
ETH/USDT,15m,0.6,0.025,0.02,20,1.2,207,1.38,39.8,63.9,0.835,33.205,115,65,27
ETH/USDT,15m,0.6,0.025,0.02,24,1.2,207,1.38,39.8,64.0,0.829,32.974,119,67,21
ETH/USDT,15m,0.6,0.025,0.02,36,1.2,207,1.38,39.8,61.1,0.719,28.606,121,77,9
ETH/USDT,15m,0.6,0.025,0.02,48,1.2,207,1.38,39.8,61.1,0.714,28.399,121,77,9
ETH/USDT,15m,0.6,0.03,0.008,4,3.8,207,1.38,39.8,14.5,0.307,12.225,16,94,97
ETH/USDT,15m,0.6,0.03,0.008,6,3.8,207,1.38,39.8,23.9,0.489,19.444,32,102,73
ETH/USDT,15m,0.6,0.03,0.008,8,3.8,207,1.38,39.8,32.0,0.657,26.118,49,104,54
ETH/USDT,15m,0.6,0.03,0.008,12,3.8,207,1.38,39.8,37.3,0.705,28.046,66,111,30
ETH/USDT,15m,0.6,0.03,0.008,16,3.8,207,1.38,39.8,37.8,0.707,28.117,70,115,22
ETH/USDT,15m,0.6,0.03,0.008,20,3.8,207,1.38,39.8,38.2,0.692,27.509,73,118,16
ETH/USDT,15m,0.6,0.03,0.008,24,3.8,207,1.38,39.8,38.3,0.688,27.349,74,119,14
ETH/USDT,15m,0.6,0.03,0.008,36,3.8,207,1.38,39.8,37.4,0.628,24.968,74,124,9
ETH/USDT,15m,0.6,0.03,0.008,48,3.8,207,1.38,39.8,37.0,0.602,23.957,74,126,7
ETH/USDT,15m,0.6,0.03,0.01,4,3.0,207,1.38,39.8,17.7,0.325,12.946,17,79,111
ETH/USDT,15m,0.6,0.03,0.01,6,3.0,207,1.38,39.8,27.9,0.528,20.994,34,88,85
ETH/USDT,15m,0.6,0.03,0.01,8,3.0,207,1.38,39.8,35.7,0.698,27.781,51,92,64
ETH/USDT,15m,0.6,0.03,0.01,12,3.0,207,1.38,39.8,42.0,0.753,29.946,71,98,38
ETH/USDT,15m,0.6,0.03,0.01,16,3.0,207,1.38,39.8,42.7,0.753,29.964,76,102,29
ETH/USDT,15m,0.6,0.03,0.01,20,3.0,207,1.38,39.8,42.2,0.729,28.997,79,108,20
ETH/USDT,15m,0.6,0.03,0.01,24,3.0,207,1.38,39.8,42.3,0.718,28.579,80,109,18
ETH/USDT,15m,0.6,0.03,0.01,36,3.0,207,1.38,39.8,41.2,0.659,26.219,80,114,13
ETH/USDT,15m,0.6,0.03,0.01,48,3.0,207,1.38,39.8,41.2,0.632,25.128,80,114,13
ETH/USDT,15m,0.6,0.03,0.015,4,2.0,207,1.38,39.8,24.3,0.325,12.931,18,56,133
ETH/USDT,15m,0.6,0.03,0.015,6,2.0,207,1.38,39.8,35.3,0.516,20.543,36,66,105
ETH/USDT,15m,0.6,0.03,0.015,8,2.0,207,1.38,39.8,41.7,0.703,27.972,53,74,80
ETH/USDT,15m,0.6,0.03,0.015,12,2.0,207,1.38,39.8,48.7,0.77,30.636,74,78,55
ETH/USDT,15m,0.6,0.03,0.015,16,2.0,207,1.38,39.8,49.1,0.753,29.972,81,84,42
ETH/USDT,15m,0.6,0.03,0.015,20,2.0,207,1.38,39.8,48.3,0.708,28.149,84,90,33
ETH/USDT,15m,0.6,0.03,0.015,24,2.0,207,1.38,39.8,47.5,0.668,26.568,85,94,28
ETH/USDT,15m,0.6,0.03,0.015,36,2.0,207,1.38,39.8,45.5,0.571,22.721,86,103,18
ETH/USDT,15m,0.6,0.03,0.015,48,2.0,207,1.38,39.8,45.5,0.54,21.472,86,103,18
ETH/USDT,15m,0.6,0.03,0.02,4,1.5,207,1.38,39.8,38.3,0.408,16.234,18,29,160
ETH/USDT,15m,0.6,0.03,0.02,6,1.5,207,1.38,39.8,48.1,0.629,25.04,37,40,130
ETH/USDT,15m,0.6,0.03,0.02,8,1.5,207,1.38,39.8,53.4,0.862,34.277,55,48,104
ETH/USDT,15m,0.6,0.03,0.02,12,1.5,207,1.38,39.8,57.7,0.899,35.757,79,58,70
ETH/USDT,15m,0.6,0.03,0.02,16,1.5,207,1.38,39.8,57.3,0.883,35.121,90,67,50
ETH/USDT,15m,0.6,0.03,0.02,20,1.5,207,1.38,39.8,56.7,0.834,33.191,93,71,43
ETH/USDT,15m,0.6,0.03,0.02,24,1.5,207,1.38,39.8,56.8,0.804,31.98,96,73,38
ETH/USDT,15m,0.6,0.03,0.02,36,1.5,207,1.38,39.8,52.7,0.641,25.515,99,89,19
ETH/USDT,15m,0.6,0.03,0.02,48,1.5,207,1.38,39.8,52.7,0.606,24.103,99,89,19
ETH/USDT,15m,0.6,0.03,0.025,4,1.2,207,1.38,39.8,52.9,0.464,18.444,18,16,173
ETH/USDT,15m,0.6,0.03,0.025,6,1.2,207,1.38,39.8,59.7,0.669,26.606,37,25,145
ETH/USDT,15m,0.6,0.03,0.025,8,1.2,207,1.38,39.8,62.6,0.902,35.881,57,34,116
ETH/USDT,15m,0.6,0.03,0.025,12,1.2,207,1.38,39.8,64.3,0.938,37.302,81,45,81
ETH/USDT,15m,0.6,0.03,0.025,16,1.2,207,1.38,39.8,62.6,0.868,34.527,92,55,60
ETH/USDT,15m,0.6,0.03,0.025,20,1.2,207,1.38,39.8,61.7,0.809,32.161,95,59,53
ETH/USDT,15m,0.6,0.03,0.025,24,1.2,207,1.38,39.8,61.3,0.78,31.018,98,62,47
ETH/USDT,15m,0.6,0.03,0.025,36,1.2,207,1.38,39.8,57.2,0.59,23.489,103,77,27
ETH/USDT,15m,0.6,0.03,0.025,48,1.2,207,1.38,39.8,56.0,0.543,21.601,103,81,23
ETH/USDT,15m,0.6,0.04,0.008,4,5.0,207,1.38,39.8,6.9,0.313,12.431,7,94,106
ETH/USDT,15m,0.6,0.04,0.008,6,5.0,207,1.38,39.8,13.6,0.503,20.005,16,102,89
ETH/USDT,15m,0.6,0.04,0.008,8,5.0,207,1.38,39.8,17.3,0.635,25.263,22,105,80
ETH/USDT,15m,0.6,0.04,0.008,12,5.0,207,1.38,39.8,20.4,0.606,24.097,30,117,60
ETH/USDT,15m,0.6,0.04,0.008,16,5.0,207,1.38,39.8,20.6,0.592,23.563,32,123,52
ETH/USDT,15m,0.6,0.04,0.008,20,5.0,207,1.38,39.8,22.0,0.557,22.162,37,131,39
ETH/USDT,15m,0.6,0.04,0.008,24,5.0,207,1.38,39.8,25.6,0.596,23.706,46,134,27
ETH/USDT,15m,0.6,0.04,0.008,36,5.0,207,1.38,39.8,25.3,0.537,21.354,47,139,21
ETH/USDT,15m,0.6,0.04,0.008,48,5.0,207,1.38,39.8,25.4,0.493,19.599,48,141,18
ETH/USDT,15m,0.6,0.04,0.01,4,4.0,207,1.38,39.8,9.2,0.335,13.344,8,79,120
ETH/USDT,15m,0.6,0.04,0.01,6,4.0,207,1.38,39.8,16.2,0.545,21.688,17,88,102
ETH/USDT,15m,0.6,0.04,0.01,8,4.0,207,1.38,39.8,19.8,0.68,27.059,23,93,91
ETH/USDT,15m,0.6,0.04,0.01,12,4.0,207,1.38,39.8,25.2,0.672,26.727,35,104,68
ETH/USDT,15m,0.6,0.04,0.01,16,4.0,207,1.38,39.8,25.2,0.654,26.003,37,110,60
ETH/USDT,15m,0.6,0.04,0.01,20,4.0,207,1.38,39.8,25.9,0.606,24.093,42,120,45
ETH/USDT,15m,0.6,0.04,0.01,24,4.0,207,1.38,39.8,29.1,0.631,25.102,51,124,32
ETH/USDT,15m,0.6,0.04,0.01,36,4.0,207,1.38,39.8,28.7,0.574,22.845,52,129,26
ETH/USDT,15m,0.6,0.04,0.01,48,4.0,207,1.38,39.8,29.1,0.526,20.929,53,129,25
ETH/USDT,15m,0.6,0.04,0.015,4,2.7,207,1.38,39.8,13.8,0.34,13.521,9,56,142
ETH/USDT,15m,0.6,0.04,0.015,6,2.7,207,1.38,39.8,21.4,0.54,21.465,18,66,123
ETH/USDT,15m,0.6,0.04,0.015,8,2.7,207,1.38,39.8,25.0,0.692,27.539,25,75,107
ETH/USDT,15m,0.6,0.04,0.015,12,2.7,207,1.38,39.8,32.2,0.703,27.978,38,80,89
ETH/USDT,15m,0.6,0.04,0.015,16,2.7,207,1.38,39.8,30.3,0.646,25.695,40,92,75
ETH/USDT,15m,0.6,0.04,0.015,20,2.7,207,1.38,39.8,31.0,0.583,23.186,45,100,62
ETH/USDT,15m,0.6,0.04,0.015,24,2.7,207,1.38,39.8,33.8,0.578,22.992,54,106,47
ETH/USDT,15m,0.6,0.04,0.015,36,2.7,207,1.38,39.8,32.2,0.467,18.564,56,118,33
ETH/USDT,15m,0.6,0.04,0.015,48,2.7,207,1.38,39.8,32.6,0.403,16.016,57,118,32
ETH/USDT,15m,0.6,0.04,0.02,4,2.0,207,1.38,39.8,23.7,0.423,16.825,9,29,169
ETH/USDT,15m,0.6,0.04,0.02,6,2.0,207,1.38,39.8,31.0,0.646,25.711,18,40,149
ETH/USDT,15m,0.6,0.04,0.02,8,2.0,207,1.38,39.8,34.2,0.831,33.059,25,48,134
ETH/USDT,15m,0.6,0.04,0.02,12,2.0,207,1.38,39.8,38.8,0.806,32.058,38,60,109
ETH/USDT,15m,0.6,0.04,0.02,16,2.0,207,1.38,39.8,37.8,0.771,30.671,45,74,88
ETH/USDT,15m,0.6,0.04,0.02,20,2.0,207,1.38,39.8,38.8,0.685,27.241,50,79,78
ETH/USDT,15m,0.6,0.04,0.02,24,2.0,207,1.38,39.8,41.5,0.694,27.589,59,83,65
ETH/USDT,15m,0.6,0.04,0.02,36,2.0,207,1.38,39.8,39.3,0.555,22.081,66,102,39
ETH/USDT,15m,0.6,0.04,0.02,48,2.0,207,1.38,39.8,39.8,0.484,19.236,68,103,36
ETH/USDT,15m,0.6,0.04,0.025,4,1.6,207,1.38,39.8,36.0,0.479,19.035,9,16,182
ETH/USDT,15m,0.6,0.04,0.025,6,1.6,207,1.38,39.8,41.9,0.686,27.277,18,25,164
ETH/USDT,15m,0.6,0.04,0.025,8,1.6,207,1.38,39.8,42.4,0.868,34.533,25,34,148
ETH/USDT,15m,0.6,0.04,0.025,12,1.6,207,1.38,39.8,44.7,0.832,33.095,38,47,122
ETH/USDT,15m,0.6,0.04,0.025,16,1.6,207,1.38,39.8,44.1,0.744,29.576,45,57,105
ETH/USDT,15m,0.6,0.04,0.025,20,1.6,207,1.38,39.8,44.6,0.668,26.555,50,62,95
ETH/USDT,15m,0.6,0.04,0.025,24,1.6,207,1.38,39.8,47.6,0.747,29.712,60,66,81
ETH/USDT,15m,0.6,0.04,0.025,36,1.6,207,1.38,39.8,45.8,0.601,23.901,71,84,52
ETH/USDT,15m,0.6,0.04,0.025,48,1.6,207,1.38,39.8,46.0,0.54,21.485,75,88,44
ETH/USDT,15m,0.6,0.05,0.008,4,6.2,207,1.38,39.8,4.1,0.328,13.048,4,94,109
ETH/USDT,15m,0.6,0.05,0.008,6,6.2,207,1.38,39.8,8.1,0.524,20.854,9,102,96
ETH/USDT,15m,0.6,0.05,0.008,8,6.2,207,1.38,39.8,11.8,0.671,26.69,14,105,88
ETH/USDT,15m,0.6,0.05,0.008,12,6.2,207,1.38,39.8,14.0,0.597,23.738,19,117,71
ETH/USDT,15m,0.6,0.05,0.008,16,6.2,207,1.38,39.8,15.1,0.605,24.058,22,124,61
ETH/USDT,15m,0.6,0.05,0.008,20,6.2,207,1.38,39.8,14.6,0.573,22.784,23,134,50
ETH/USDT,15m,0.6,0.05,0.008,24,6.2,207,1.38,39.8,19.4,0.672,26.718,33,137,37
ETH/USDT,15m,0.6,0.05,0.008,36,6.2,207,1.38,39.8,22.0,0.643,25.591,40,142,25
ETH/USDT,15m,0.6,0.05,0.008,48,6.2,207,1.38,39.8,21.7,0.582,23.139,40,144,23
ETH/USDT,15m,0.6,0.05,0.01,4,5.0,207,1.38,39.8,4.8,0.348,13.836,4,79,124
ETH/USDT,15m,0.6,0.05,0.01,6,5.0,207,1.38,39.8,9.3,0.562,22.366,9,88,110
ETH/USDT,15m,0.6,0.05,0.01,8,5.0,207,1.38,39.8,13.9,0.721,28.678,15,93,99
ETH/USDT,15m,0.6,0.05,0.01,12,5.0,207,1.38,39.8,17.5,0.663,26.387,22,104,81
ETH/USDT,15m,0.6,0.05,0.01,16,5.0,207,1.38,39.8,18.4,0.644,25.609,25,111,71
ETH/USDT,15m,0.6,0.05,0.01,20,5.0,207,1.38,39.8,17.3,0.591,23.52,26,124,57
ETH/USDT,15m,0.6,0.05,0.01,24,5.0,207,1.38,39.8,21.8,0.67,26.654,36,129,42
ETH/USDT,15m,0.6,0.05,0.01,36,5.0,207,1.38,39.8,24.3,0.644,25.622,43,134,30
ETH/USDT,15m,0.6,0.05,0.01,48,5.0,207,1.38,39.8,24.3,0.578,23.008,43,134,30
ETH/USDT,15m,0.6,0.05,0.015,4,3.3,207,1.38,39.8,8.2,0.357,14.206,5,56,146
ETH/USDT,15m,0.6,0.05,0.015,6,3.3,207,1.38,39.8,13.2,0.561,22.336,10,66,131
ETH/USDT,15m,0.6,0.05,0.015,8,3.3,207,1.38,39.8,18.5,0.743,29.543,17,75,115
ETH/USDT,15m,0.6,0.05,0.015,12,3.3,207,1.38,39.8,23.1,0.701,27.896,24,80,103
ETH/USDT,15m,0.6,0.05,0.015,16,3.3,207,1.38,39.8,22.7,0.647,25.751,27,92,88
ETH/USDT,15m,0.6,0.05,0.015,20,3.3,207,1.38,39.8,21.7,0.567,22.543,28,101,78
ETH/USDT,15m,0.6,0.05,0.015,24,3.3,207,1.38,39.8,25.9,0.633,25.161,38,109,60
ETH/USDT,15m,0.6,0.05,0.015,36,3.3,207,1.38,39.8,27.1,0.543,21.588,45,121,41
ETH/USDT,15m,0.6,0.05,0.015,48,3.3,207,1.38,39.8,28.0,0.505,20.08,47,121,39
ETH/USDT,15m,0.6,0.05,0.02,4,2.5,207,1.38,39.8,14.7,0.44,17.51,5,29,173
ETH/USDT,15m,0.6,0.05,0.02,6,2.5,207,1.38,39.8,20.0,0.668,26.581,10,40,157
ETH/USDT,15m,0.6,0.05,0.02,8,2.5,207,1.38,39.8,26.2,0.881,35.062,17,48,142
ETH/USDT,15m,0.6,0.05,0.02,12,2.5,207,1.38,39.8,28.6,0.804,31.976,24,60,123
ETH/USDT,15m,0.6,0.05,0.02,16,2.5,207,1.38,39.8,28.8,0.787,31.301,30,74,103
ETH/USDT,15m,0.6,0.05,0.02,20,2.5,207,1.38,39.8,29.2,0.69,27.463,33,80,94
ETH/USDT,15m,0.6,0.05,0.02,24,2.5,207,1.38,39.8,33.9,0.784,31.194,43,84,80
ETH/USDT,15m,0.6,0.05,0.02,36,2.5,207,1.38,39.8,34.8,0.706,28.084,55,103,49
ETH/USDT,15m,0.6,0.05,0.02,48,2.5,207,1.38,39.8,36.6,0.699,27.815,60,104,43
ETH/USDT,15m,0.6,0.05,0.025,4,2.0,207,1.38,39.8,23.8,0.496,19.72,5,16,186
ETH/USDT,15m,0.6,0.05,0.025,6,2.0,207,1.38,39.8,28.6,0.708,28.147,10,25,172
ETH/USDT,15m,0.6,0.05,0.025,8,2.0,207,1.38,39.8,33.3,0.919,36.537,17,34,156
ETH/USDT,15m,0.6,0.05,0.025,12,2.0,207,1.38,39.8,33.8,0.83,33.013,24,47,136
ETH/USDT,15m,0.6,0.05,0.025,16,2.0,207,1.38,39.8,34.5,0.759,30.206,30,57,120
ETH/USDT,15m,0.6,0.05,0.025,20,2.0,207,1.38,39.8,34.4,0.671,26.68,33,63,111
ETH/USDT,15m,0.6,0.05,0.025,24,2.0,207,1.38,39.8,39.1,0.837,33.288,43,67,97
ETH/USDT,15m,0.6,0.05,0.025,36,2.0,207,1.38,39.8,39.7,0.738,29.35,56,85,66
ETH/USDT,15m,0.6,0.05,0.025,48,2.0,207,1.38,39.8,41.8,0.761,30.269,64,89,54
ETH/USDT,15m,0.6,0.075,0.008,4,9.4,207,1.38,39.8,0.0,0.331,13.153,0,94,113
ETH/USDT,15m,0.6,0.075,0.008,6,9.4,207,1.38,39.8,1.9,0.547,21.748,2,102,103
ETH/USDT,15m,0.6,0.075,0.008,8,9.4,207,1.38,39.8,2.8,0.663,26.371,3,105,99
ETH/USDT,15m,0.6,0.075,0.008,12,9.4,207,1.38,39.8,2.5,0.537,21.353,3,117,87
ETH/USDT,15m,0.6,0.075,0.008,16,9.4,207,1.38,39.8,2.4,0.536,21.303,3,124,80
ETH/USDT,15m,0.6,0.075,0.008,20,9.4,207,1.38,39.8,3.6,0.52,20.687,5,134,68
ETH/USDT,15m,0.6,0.075,0.008,24,9.4,207,1.38,39.8,3.5,0.542,21.542,5,137,65
ETH/USDT,15m,0.6,0.075,0.008,36,9.4,207,1.38,39.8,8.4,0.674,26.825,13,142,52
ETH/USDT,15m,0.6,0.075,0.008,48,9.4,207,1.38,39.8,8.3,0.615,24.481,13,144,50
ETH/USDT,15m,0.6,0.075,0.01,4,7.5,207,1.38,39.8,0.0,0.35,13.942,0,79,128
ETH/USDT,15m,0.6,0.075,0.01,6,7.5,207,1.38,39.8,2.2,0.585,23.261,2,88,117
ETH/USDT,15m,0.6,0.075,0.01,8,7.5,207,1.38,39.8,4.1,0.725,28.839,4,93,110
ETH/USDT,15m,0.6,0.075,0.01,12,7.5,207,1.38,39.8,3.7,0.616,24.506,4,104,99
ETH/USDT,15m,0.6,0.075,0.01,16,7.5,207,1.38,39.8,3.5,0.578,22.984,4,111,92
ETH/USDT,15m,0.6,0.075,0.01,20,7.5,207,1.38,39.8,4.6,0.547,21.754,6,124,77
ETH/USDT,15m,0.6,0.075,0.01,24,7.5,207,1.38,39.8,4.4,0.542,21.56,6,129,72
ETH/USDT,15m,0.6,0.075,0.01,36,7.5,207,1.38,39.8,9.5,0.682,27.145,14,134,59
ETH/USDT,15m,0.6,0.075,0.01,48,7.5,207,1.38,39.8,9.5,0.618,24.565,14,134,59
ETH/USDT,15m,0.6,0.075,0.015,4,5.0,207,1.38,39.8,1.8,0.372,14.792,1,56,150
ETH/USDT,15m,0.6,0.075,0.015,6,5.0,207,1.38,39.8,4.3,0.596,23.71,3,66,138
ETH/USDT,15m,0.6,0.075,0.015,8,5.0,207,1.38,39.8,6.2,0.76,30.224,5,75,127
ETH/USDT,15m,0.6,0.075,0.015,12,5.0,207,1.38,39.8,7.0,0.678,26.976,6,80,121
ETH/USDT,15m,0.6,0.075,0.015,16,5.0,207,1.38,39.8,6.1,0.606,24.087,6,92,109
ETH/USDT,15m,0.6,0.075,0.015,20,5.0,207,1.38,39.8,7.3,0.546,21.738,8,101,98
ETH/USDT,15m,0.6,0.075,0.015,24,5.0,207,1.38,39.8,6.8,0.529,21.028,8,109,90
ETH/USDT,15m,0.6,0.075,0.015,36,5.0,207,1.38,39.8,11.7,0.605,24.072,16,121,70
ETH/USDT,15m,0.6,0.075,0.015,48,5.0,207,1.38,39.8,11.7,0.567,22.571,16,121,70
ETH/USDT,15m,0.6,0.075,0.02,4,3.8,207,1.38,39.8,3.3,0.455,18.095,1,29,177
ETH/USDT,15m,0.6,0.075,0.02,6,3.8,207,1.38,39.8,7.0,0.703,27.956,3,40,164
ETH/USDT,15m,0.6,0.075,0.02,8,3.8,207,1.38,39.8,9.4,0.899,35.744,5,48,154
ETH/USDT,15m,0.6,0.075,0.02,12,3.8,207,1.38,39.8,9.1,0.781,31.056,6,60,141
ETH/USDT,15m,0.6,0.075,0.02,16,3.8,207,1.38,39.8,7.5,0.734,29.185,6,74,127
ETH/USDT,15m,0.6,0.075,0.02,20,3.8,207,1.38,39.8,9.1,0.643,25.58,8,80,119
ETH/USDT,15m,0.6,0.075,0.02,24,3.8,207,1.38,39.8,8.7,0.664,26.428,8,84,115
ETH/USDT,15m,0.6,0.075,0.02,36,3.8,207,1.38,39.8,17.6,0.849,33.758,22,103,82
ETH/USDT,15m,0.6,0.075,0.02,48,3.8,207,1.38,39.8,19.4,0.851,33.851,25,104,78
ETH/USDT,15m,0.6,0.075,0.025,4,3.0,207,1.38,39.8,5.9,0.51,20.305,1,16,190
ETH/USDT,15m,0.6,0.075,0.025,6,3.0,207,1.38,39.8,10.7,0.742,29.522,3,25,179
ETH/USDT,15m,0.6,0.075,0.025,8,3.0,207,1.38,39.8,12.8,0.936,37.218,5,34,168
ETH/USDT,15m,0.6,0.075,0.025,12,3.0,207,1.38,39.8,11.3,0.807,32.093,6,47,154
ETH/USDT,15m,0.6,0.075,0.025,16,3.0,207,1.38,39.8,9.5,0.706,28.09,6,57,144
ETH/USDT,15m,0.6,0.075,0.025,20,3.0,207,1.38,39.8,11.3,0.623,24.797,8,63,136
ETH/USDT,15m,0.6,0.075,0.025,24,3.0,207,1.38,39.8,10.7,0.717,28.522,8,67,132
ETH/USDT,15m,0.6,0.075,0.025,36,3.0,207,1.38,39.8,20.6,0.889,35.36,22,85,100
ETH/USDT,15m,0.6,0.075,0.025,48,3.0,207,1.38,39.8,23.3,0.951,37.837,27,89,91
ETH/USDT,15m,0.6,0.1,0.008,4,12.5,207,1.38,39.8,0.0,0.331,13.153,0,94,113
ETH/USDT,15m,0.6,0.1,0.008,6,12.5,207,1.38,39.8,0.0,0.539,21.449,0,102,105
ETH/USDT,15m,0.6,0.1,0.008,8,12.5,207,1.38,39.8,0.9,0.666,26.474,1,105,101
ETH/USDT,15m,0.6,0.1,0.008,12,12.5,207,1.38,39.8,0.8,0.524,20.843,1,117,89
ETH/USDT,15m,0.6,0.1,0.008,16,12.5,207,1.38,39.8,0.8,0.521,20.742,1,124,82
ETH/USDT,15m,0.6,0.1,0.008,20,12.5,207,1.38,39.8,0.7,0.509,20.241,1,134,72
ETH/USDT,15m,0.6,0.1,0.008,24,12.5,207,1.38,39.8,1.4,0.542,21.569,2,137,68
ETH/USDT,15m,0.6,0.1,0.008,36,12.5,207,1.38,39.8,4.1,0.72,28.632,6,142,59
ETH/USDT,15m,0.6,0.1,0.008,48,12.5,207,1.38,39.8,4.0,0.644,25.636,6,144,57
ETH/USDT,15m,0.6,0.1,0.01,4,10.0,207,1.38,39.8,0.0,0.35,13.942,0,79,128
ETH/USDT,15m,0.6,0.1,0.01,6,10.0,207,1.38,39.8,0.0,0.577,22.961,0,88,119
ETH/USDT,15m,0.6,0.1,0.01,8,10.0,207,1.38,39.8,2.1,0.74,29.424,2,93,112
ETH/USDT,15m,0.6,0.1,0.01,12,10.0,207,1.38,39.8,1.9,0.615,24.476,2,104,101
ETH/USDT,15m,0.6,0.1,0.01,16,10.0,207,1.38,39.8,1.8,0.576,22.903,2,111,94
ETH/USDT,15m,0.6,0.1,0.01,20,10.0,207,1.38,39.8,1.6,0.548,21.787,2,124,81
ETH/USDT,15m,0.6,0.1,0.01,24,10.0,207,1.38,39.8,2.3,0.555,22.067,3,129,75
ETH/USDT,15m,0.6,0.1,0.01,36,10.0,207,1.38,39.8,5.0,0.74,29.433,7,134,66
ETH/USDT,15m,0.6,0.1,0.01,48,10.0,207,1.38,39.8,5.0,0.659,26.2,7,134,66
ETH/USDT,15m,0.6,0.1,0.015,4,6.7,207,1.38,39.8,0.0,0.37,14.71,0,56,151
ETH/USDT,15m,0.6,0.1,0.015,6,6.7,207,1.38,39.8,0.0,0.594,23.617,0,66,141
ETH/USDT,15m,0.6,0.1,0.015,8,6.7,207,1.38,39.8,3.8,0.787,31.288,3,75,129
ETH/USDT,15m,0.6,0.1,0.015,12,6.7,207,1.38,39.8,3.6,0.69,27.454,3,80,124
ETH/USDT,15m,0.6,0.1,0.015,16,6.7,207,1.38,39.8,3.2,0.609,24.215,3,92,112
ETH/USDT,15m,0.6,0.1,0.015,20,6.7,207,1.38,39.8,2.9,0.545,21.692,3,101,103
ETH/USDT,15m,0.6,0.1,0.015,24,6.7,207,1.38,39.8,3.5,0.542,21.566,4,109,94
ETH/USDT,15m,0.6,0.1,0.015,36,6.7,207,1.38,39.8,6.2,0.668,26.572,8,121,78
ETH/USDT,15m,0.6,0.1,0.015,48,6.7,207,1.38,39.8,6.2,0.614,24.441,8,121,78
ETH/USDT,15m,0.6,0.1,0.02,4,5.0,207,1.38,39.8,0.0,0.453,18.014,0,29,178
ETH/USDT,15m,0.6,0.1,0.02,6,5.0,207,1.38,39.8,0.0,0.7,27.862,0,40,167
ETH/USDT,15m,0.6,0.1,0.02,8,5.0,207,1.38,39.8,5.9,0.925,36.808,3,48,156
ETH/USDT,15m,0.6,0.1,0.02,12,5.0,207,1.38,39.8,4.8,0.793,31.534,3,60,144
ETH/USDT,15m,0.6,0.1,0.02,16,5.0,207,1.38,39.8,3.9,0.737,29.312,3,74,130
ETH/USDT,15m,0.6,0.1,0.02,20,5.0,207,1.38,39.8,3.6,0.642,25.534,3,80,124
ETH/USDT,15m,0.6,0.1,0.02,24,5.0,207,1.38,39.8,4.5,0.678,26.966,4,84,119
ETH/USDT,15m,0.6,0.1,0.02,36,5.0,207,1.38,39.8,7.2,0.898,35.724,8,103,96
ETH/USDT,15m,0.6,0.1,0.02,48,5.0,207,1.38,39.8,8.8,0.915,36.384,10,104,93
ETH/USDT,15m,0.6,0.1,0.025,4,4.0,207,1.38,39.8,0.0,0.508,20.224,0,16,191
ETH/USDT,15m,0.6,0.1,0.025,6,4.0,207,1.38,39.8,0.0,0.74,29.428,0,25,182
ETH/USDT,15m,0.6,0.1,0.025,8,4.0,207,1.38,39.8,8.1,0.962,38.283,3,34,170
ETH/USDT,15m,0.6,0.1,0.025,12,4.0,207,1.38,39.8,6.0,0.819,32.571,3,47,157
ETH/USDT,15m,0.6,0.1,0.025,16,4.0,207,1.38,39.8,5.0,0.709,28.217,3,57,147
ETH/USDT,15m,0.6,0.1,0.025,20,4.0,207,1.38,39.8,4.5,0.622,24.751,3,63,141
ETH/USDT,15m,0.6,0.1,0.025,24,4.0,207,1.38,39.8,5.6,0.731,29.06,4,67,136
ETH/USDT,15m,0.6,0.1,0.025,36,4.0,207,1.38,39.8,8.6,0.938,37.325,8,85,114
ETH/USDT,15m,0.6,0.1,0.025,48,4.0,207,1.38,39.8,10.1,1.015,40.36,10,89,108
ETH/USDT,15m,0.65,0.01,0.008,4,1.2,158,1.05,30.4,52.1,0.148,4.482,74,68,16
ETH/USDT,15m,0.65,0.01,0.008,6,1.2,158,1.05,30.4,54.6,0.181,5.488,83,69,6
ETH/USDT,15m,0.65,0.01,0.008,8,1.2,158,1.05,30.4,55.8,0.2,6.064,87,69,2
ETH/USDT,15m,0.65,0.01,0.008,12,1.2,158,1.05,30.4,55.1,0.191,5.803,87,71,0
ETH/USDT,15m,0.65,0.01,0.008,16,1.2,158,1.05,30.4,55.1,0.191,5.803,87,71,0
ETH/USDT,15m,0.65,0.01,0.008,20,1.2,158,1.05,30.4,55.1,0.191,5.803,87,71,0
ETH/USDT,15m,0.65,0.01,0.008,24,1.2,158,1.05,30.4,55.1,0.191,5.803,87,71,0
ETH/USDT,15m,0.65,0.01,0.008,36,1.2,158,1.05,30.4,55.1,0.191,5.803,87,71,0
ETH/USDT,15m,0.65,0.01,0.008,48,1.2,158,1.05,30.4,55.1,0.191,5.803,87,71,0
ETH/USDT,15m,0.65,0.015,0.008,4,1.9,158,1.05,30.4,42.4,0.256,7.77,53,72,33
ETH/USDT,15m,0.65,0.015,0.008,6,1.9,158,1.05,30.4,48.3,0.338,10.272,69,74,15
ETH/USDT,15m,0.65,0.015,0.008,8,1.9,158,1.05,30.4,52.3,0.396,12.027,81,74,3
ETH/USDT,15m,0.65,0.015,0.008,12,1.9,158,1.05,30.4,51.9,0.394,11.953,82,76,0
ETH/USDT,15m,0.65,0.015,0.008,16,1.9,158,1.05,30.4,51.9,0.394,11.953,82,76,0
ETH/USDT,15m,0.65,0.015,0.008,20,1.9,158,1.05,30.4,51.9,0.394,11.953,82,76,0
ETH/USDT,15m,0.65,0.015,0.008,24,1.9,158,1.05,30.4,51.9,0.394,11.953,82,76,0
ETH/USDT,15m,0.65,0.015,0.008,36,1.9,158,1.05,30.4,51.9,0.394,11.953,82,76,0
ETH/USDT,15m,0.65,0.015,0.008,48,1.9,158,1.05,30.4,51.9,0.394,11.953,82,76,0
ETH/USDT,15m,0.65,0.015,0.01,4,1.5,158,1.05,30.4,48.7,0.292,8.879,55,58,45
ETH/USDT,15m,0.65,0.015,0.01,6,1.5,158,1.05,30.4,54.4,0.394,11.96,74,62,22
ETH/USDT,15m,0.65,0.015,0.01,8,1.5,158,1.05,30.4,58.4,0.459,13.937,90,64,4
ETH/USDT,15m,0.65,0.015,0.01,12,1.5,158,1.05,30.4,58.6,0.462,14.039,92,65,1
ETH/USDT,15m,0.65,0.015,0.01,16,1.5,158,1.05,30.4,58.6,0.459,13.934,92,65,1
ETH/USDT,15m,0.65,0.015,0.01,20,1.5,158,1.05,30.4,58.6,0.461,13.989,92,65,1
ETH/USDT,15m,0.65,0.015,0.01,24,1.5,158,1.05,30.4,58.6,0.46,13.955,92,65,1
ETH/USDT,15m,0.65,0.015,0.01,36,1.5,158,1.05,30.4,58.6,0.461,13.991,92,65,1
ETH/USDT,15m,0.65,0.015,0.01,48,1.5,158,1.05,30.4,58.6,0.46,13.981,92,65,1
ETH/USDT,15m,0.65,0.02,0.008,4,2.5,158,1.05,30.4,30.2,0.283,8.599,32,74,52
ETH/USDT,15m,0.65,0.02,0.008,6,2.5,158,1.05,30.4,39.7,0.413,12.528,52,79,27
ETH/USDT,15m,0.65,0.02,0.008,8,2.5,158,1.05,30.4,45.9,0.521,15.81,67,79,12
ETH/USDT,15m,0.65,0.02,0.008,12,2.5,158,1.05,30.4,46.8,0.511,15.516,73,83,2
ETH/USDT,15m,0.65,0.02,0.008,16,2.5,158,1.05,30.4,46.5,0.511,15.515,73,84,1
ETH/USDT,15m,0.65,0.02,0.008,20,2.5,158,1.05,30.4,46.5,0.51,15.483,73,84,1
ETH/USDT,15m,0.65,0.02,0.008,24,2.5,158,1.05,30.4,46.8,0.511,15.527,74,84,0
ETH/USDT,15m,0.65,0.02,0.008,36,2.5,158,1.05,30.4,46.8,0.511,15.527,74,84,0
ETH/USDT,15m,0.65,0.02,0.008,48,2.5,158,1.05,30.4,46.8,0.511,15.527,74,84,0
ETH/USDT,15m,0.65,0.02,0.01,4,2.0,158,1.05,30.4,36.2,0.324,9.823,34,60,64
ETH/USDT,15m,0.65,0.02,0.01,6,2.0,158,1.05,30.4,45.5,0.475,14.42,56,67,35
ETH/USDT,15m,0.65,0.02,0.01,8,2.0,158,1.05,30.4,50.7,0.59,17.918,71,69,18
ETH/USDT,15m,0.65,0.02,0.01,12,2.0,158,1.05,30.4,53.3,0.592,17.979,81,71,6
ETH/USDT,15m,0.65,0.02,0.01,16,2.0,158,1.05,30.4,53.2,0.598,18.156,82,72,4
ETH/USDT,15m,0.65,0.02,0.01,20,2.0,158,1.05,30.4,53.2,0.599,18.173,83,73,2
ETH/USDT,15m,0.65,0.02,0.01,24,2.0,158,1.05,30.4,53.5,0.599,18.183,84,73,1
ETH/USDT,15m,0.65,0.02,0.01,36,2.0,158,1.05,30.4,53.5,0.6,18.218,84,73,1
ETH/USDT,15m,0.65,0.02,0.01,48,2.0,158,1.05,30.4,53.5,0.6,18.209,84,73,1
ETH/USDT,15m,0.65,0.02,0.015,4,1.3,158,1.05,30.4,47.4,0.346,10.513,37,41,80
ETH/USDT,15m,0.65,0.02,0.015,6,1.3,158,1.05,30.4,54.6,0.485,14.741,59,49,50
ETH/USDT,15m,0.65,0.02,0.015,8,1.3,158,1.05,30.4,59.0,0.635,19.266,79,55,24
ETH/USDT,15m,0.65,0.02,0.015,12,1.3,158,1.05,30.4,61.6,0.644,19.561,90,56,12
ETH/USDT,15m,0.65,0.02,0.015,16,1.3,158,1.05,30.4,62.0,0.661,20.08,93,57,8
ETH/USDT,15m,0.65,0.02,0.015,20,1.3,158,1.05,30.4,61.7,0.654,19.858,95,59,4
ETH/USDT,15m,0.65,0.02,0.015,24,1.3,158,1.05,30.4,61.9,0.653,19.824,96,59,3
ETH/USDT,15m,0.65,0.02,0.015,36,1.3,158,1.05,30.4,61.5,0.642,19.478,96,60,2
ETH/USDT,15m,0.65,0.02,0.015,48,1.3,158,1.05,30.4,61.5,0.642,19.478,96,60,2
ETH/USDT,15m,0.65,0.025,0.008,4,3.1,158,1.05,30.4,21.3,0.315,9.566,20,74,64
ETH/USDT,15m,0.65,0.025,0.008,6,3.1,158,1.05,30.4,30.2,0.464,14.1,35,81,42
ETH/USDT,15m,0.65,0.025,0.008,8,3.1,158,1.05,30.4,37.7,0.631,19.15,49,81,28
ETH/USDT,15m,0.65,0.025,0.008,12,3.1,158,1.05,30.4,43.0,0.654,19.848,64,85,9
ETH/USDT,15m,0.65,0.025,0.008,16,3.1,158,1.05,30.4,43.4,0.667,20.245,66,86,6
ETH/USDT,15m,0.65,0.025,0.008,20,3.1,158,1.05,30.4,43.5,0.658,19.974,67,87,4
ETH/USDT,15m,0.65,0.025,0.008,24,3.1,158,1.05,30.4,43.9,0.66,20.034,68,87,3
ETH/USDT,15m,0.65,0.025,0.008,36,3.1,158,1.05,30.4,43.3,0.631,19.154,68,89,1
ETH/USDT,15m,0.65,0.025,0.008,48,3.1,158,1.05,30.4,43.0,0.62,18.832,68,90,0
ETH/USDT,15m,0.65,0.025,0.01,4,2.5,158,1.05,30.4,26.8,0.362,10.982,22,60,76
ETH/USDT,15m,0.65,0.025,0.01,6,2.5,158,1.05,30.4,35.8,0.537,16.304,38,68,52
ETH/USDT,15m,0.65,0.025,0.01,8,2.5,158,1.05,30.4,43.1,0.721,21.881,53,70,35
ETH/USDT,15m,0.65,0.025,0.01,12,2.5,158,1.05,30.4,49.3,0.749,22.757,71,73,14
ETH/USDT,15m,0.65,0.025,0.01,16,2.5,158,1.05,30.4,50.0,0.758,23.028,74,74,10
ETH/USDT,15m,0.65,0.025,0.01,20,2.5,158,1.05,30.4,49.7,0.752,22.837,76,77,5
ETH/USDT,15m,0.65,0.025,0.01,24,2.5,158,1.05,30.4,50.0,0.753,22.863,77,77,4
ETH/USDT,15m,0.65,0.025,0.01,36,2.5,158,1.05,30.4,49.4,0.723,21.942,77,79,2
ETH/USDT,15m,0.65,0.025,0.01,48,2.5,158,1.05,30.4,49.4,0.718,21.788,77,79,2
ETH/USDT,15m,0.65,0.025,0.015,4,1.7,158,1.05,30.4,36.9,0.385,11.676,24,41,93
ETH/USDT,15m,0.65,0.025,0.015,6,1.7,158,1.05,30.4,44.4,0.549,16.683,40,50,68
ETH/USDT,15m,0.65,0.025,0.015,8,1.7,158,1.05,30.4,50.0,0.763,23.155,56,56,46
ETH/USDT,15m,0.65,0.025,0.015,12,1.7,158,1.05,30.4,57.4,0.796,24.154,78,58,22
ETH/USDT,15m,0.65,0.025,0.015,16,1.7,158,1.05,30.4,58.0,0.804,24.402,83,60,15
ETH/USDT,15m,0.65,0.025,0.015,20,1.7,158,1.05,30.4,57.3,0.789,23.952,86,64,8
ETH/USDT,15m,0.65,0.025,0.015,24,1.7,158,1.05,30.4,57.2,0.782,23.736,87,65,6
ETH/USDT,15m,0.65,0.025,0.015,36,1.7,158,1.05,30.4,56.1,0.733,22.24,87,68,3
ETH/USDT,15m,0.65,0.025,0.015,48,1.7,158,1.05,30.4,56.1,0.728,22.097,87,68,3
ETH/USDT,15m,0.65,0.025,0.02,4,1.2,158,1.05,30.4,57.1,0.499,15.165,24,18,116
ETH/USDT,15m,0.65,0.025,0.02,6,1.2,158,1.05,30.4,59.4,0.68,20.655,41,28,89
ETH/USDT,15m,0.65,0.025,0.02,8,1.2,158,1.05,30.4,64.2,0.969,29.423,61,34,63
ETH/USDT,15m,0.65,0.025,0.02,12,1.2,158,1.05,30.4,67.7,0.963,29.24,86,41,31
ETH/USDT,15m,0.65,0.025,0.02,16,1.2,158,1.05,30.4,66.4,0.959,29.12,91,46,21
ETH/USDT,15m,0.65,0.025,0.02,20,1.2,158,1.05,30.4,66.2,0.948,28.775,94,48,16
ETH/USDT,15m,0.65,0.025,0.02,24,1.2,158,1.05,30.4,66.2,0.958,29.074,98,50,10
ETH/USDT,15m,0.65,0.025,0.02,36,1.2,158,1.05,30.4,64.3,0.866,26.284,99,55,4
ETH/USDT,15m,0.65,0.025,0.02,48,1.2,158,1.05,30.4,64.3,0.856,25.978,99,55,4
ETH/USDT,15m,0.65,0.03,0.008,4,3.8,158,1.05,30.4,14.9,0.33,10.013,13,74,71
ETH/USDT,15m,0.65,0.03,0.008,6,3.8,158,1.05,30.4,23.6,0.506,15.366,25,81,52
ETH/USDT,15m,0.65,0.03,0.008,8,3.8,158,1.05,30.4,32.8,0.703,21.346,40,82,36
ETH/USDT,15m,0.65,0.03,0.008,12,3.8,158,1.05,30.4,38.6,0.751,22.802,54,86,18
ETH/USDT,15m,0.65,0.03,0.008,16,3.8,158,1.05,30.4,39.5,0.745,22.631,58,89,11
ETH/USDT,15m,0.65,0.03,0.008,20,3.8,158,1.05,30.4,38.7,0.708,21.49,58,92,8
ETH/USDT,15m,0.65,0.03,0.008,24,3.8,158,1.05,30.4,38.8,0.703,21.337,59,93,6
ETH/USDT,15m,0.65,0.03,0.008,36,3.8,158,1.05,30.4,38.3,0.674,20.474,59,95,4
ETH/USDT,15m,0.65,0.03,0.008,48,3.8,158,1.05,30.4,38.1,0.643,19.526,59,96,3
ETH/USDT,15m,0.65,0.03,0.01,4,3.0,158,1.05,30.4,18.9,0.376,11.413,14,60,84
ETH/USDT,15m,0.65,0.03,0.01,6,3.0,158,1.05,30.4,28.4,0.576,17.478,27,68,63
ETH/USDT,15m,0.65,0.03,0.01,8,3.0,158,1.05,30.4,37.2,0.779,23.65,42,71,45
ETH/USDT,15m,0.65,0.03,0.01,12,3.0,158,1.05,30.4,44.0,0.836,25.384,59,75,24
ETH/USDT,15m,0.65,0.03,0.01,16,3.0,158,1.05,30.4,45.1,0.827,25.105,64,78,16
ETH/USDT,15m,0.65,0.03,0.01,20,3.0,158,1.05,30.4,43.5,0.785,23.833,64,83,11
ETH/USDT,15m,0.65,0.03,0.01,24,3.0,158,1.05,30.4,43.6,0.772,23.453,65,84,9
ETH/USDT,15m,0.65,0.03,0.01,36,3.0,158,1.05,30.4,43.0,0.747,22.684,65,86,7
ETH/USDT,15m,0.65,0.03,0.01,48,3.0,158,1.05,30.4,43.0,0.702,21.307,65,86,7
ETH/USDT,15m,0.65,0.03,0.015,4,2.0,158,1.05,30.4,26.8,0.402,12.197,15,41,102
ETH/USDT,15m,0.65,0.03,0.015,6,2.0,158,1.05,30.4,36.7,0.594,18.049,29,50,79
ETH/USDT,15m,0.65,0.03,0.015,8,2.0,158,1.05,30.4,43.6,0.823,24.974,44,57,57
ETH/USDT,15m,0.65,0.03,0.015,12,2.0,158,1.05,30.4,50.8,0.866,26.302,62,60,36
ETH/USDT,15m,0.65,0.03,0.015,16,2.0,158,1.05,30.4,52.3,0.855,25.969,69,63,26
ETH/USDT,15m,0.65,0.03,0.015,20,2.0,158,1.05,30.4,50.0,0.788,23.925,69,69,20
ETH/USDT,15m,0.65,0.03,0.015,24,2.0,158,1.05,30.4,49.3,0.75,22.758,70,72,16
ETH/USDT,15m,0.65,0.03,0.015,36,2.0,158,1.05,30.4,47.3,0.663,20.124,70,78,10
ETH/USDT,15m,0.65,0.03,0.015,48,2.0,158,1.05,30.4,47.3,0.613,18.609,70,78,10
ETH/USDT,15m,0.65,0.03,0.02,4,1.5,158,1.05,30.4,45.5,0.517,15.686,15,18,125
ETH/USDT,15m,0.65,0.03,0.02,6,1.5,158,1.05,30.4,50.9,0.718,21.811,29,28,101
ETH/USDT,15m,0.65,0.03,0.02,8,1.5,158,1.05,30.4,56.2,1.016,30.849,45,35,78
ETH/USDT,15m,0.65,0.03,0.02,12,1.5,158,1.05,30.4,60.6,1.033,31.358,66,43,49
ETH/USDT,15m,0.65,0.03,0.02,16,1.5,158,1.05,30.4,61.1,1.026,31.167,77,49,32
ETH/USDT,15m,0.65,0.03,0.02,20,1.5,158,1.05,30.4,59.2,0.956,29.037,77,53,28
ETH/USDT,15m,0.65,0.03,0.02,24,1.5,158,1.05,30.4,59.3,0.944,28.649,80,55,23
ETH/USDT,15m,0.65,0.03,0.02,36,1.5,158,1.05,30.4,55.8,0.802,24.36,82,65,11
ETH/USDT,15m,0.65,0.03,0.02,48,1.5,158,1.05,30.4,55.8,0.747,22.681,82,65,11
ETH/USDT,15m,0.65,0.03,0.025,4,1.2,158,1.05,30.4,57.7,0.554,16.83,15,11,132
ETH/USDT,15m,0.65,0.03,0.025,6,1.2,158,1.05,30.4,63.0,0.748,22.707,29,17,112
ETH/USDT,15m,0.65,0.03,0.025,8,1.2,158,1.05,30.4,65.7,1.053,31.986,46,24,88
ETH/USDT,15m,0.65,0.03,0.025,12,1.2,158,1.05,30.4,67.7,1.075,32.646,67,32,59
ETH/USDT,15m,0.65,0.03,0.025,16,1.2,158,1.05,30.4,65.5,1.003,30.454,78,41,39
ETH/USDT,15m,0.65,0.03,0.025,20,1.2,158,1.05,30.4,63.4,0.922,27.988,78,45,35
ETH/USDT,15m,0.65,0.03,0.025,24,1.2,158,1.05,30.4,62.8,0.912,27.699,81,48,29
ETH/USDT,15m,0.65,0.03,0.025,36,1.2,158,1.05,30.4,60.3,0.76,23.085,85,56,17
ETH/USDT,15m,0.65,0.03,0.025,48,1.2,158,1.05,30.4,59.4,0.706,21.429,85,58,15
ETH/USDT,15m,0.65,0.04,0.008,4,5.0,158,1.05,30.4,7.5,0.353,10.724,6,74,78
ETH/USDT,15m,0.65,0.04,0.008,6,5.0,158,1.05,30.4,14.7,0.557,16.924,14,81,63
ETH/USDT,15m,0.65,0.04,0.008,8,5.0,158,1.05,30.4,19.6,0.743,22.553,20,82,56
ETH/USDT,15m,0.65,0.04,0.008,12,5.0,158,1.05,30.4,23.9,0.718,21.793,28,89,41
ETH/USDT,15m,0.65,0.04,0.008,16,5.0,158,1.05,30.4,24.2,0.689,20.91,30,94,34
ETH/USDT,15m,0.65,0.04,0.008,20,5.0,158,1.05,30.4,25.5,0.615,18.688,35,102,21
ETH/USDT,15m,0.65,0.04,0.008,24,5.0,158,1.05,30.4,27.6,0.633,19.224,40,105,13
ETH/USDT,15m,0.65,0.04,0.008,36,5.0,158,1.05,30.4,27.2,0.597,18.134,40,107,11
ETH/USDT,15m,0.65,0.04,0.008,48,5.0,158,1.05,30.4,27.0,0.547,16.608,40,108,10
ETH/USDT,15m,0.65,0.04,0.01,4,4.0,158,1.05,30.4,10.4,0.406,12.316,7,60,91
ETH/USDT,15m,0.65,0.04,0.01,6,4.0,158,1.05,30.4,18.1,0.631,19.169,15,68,75
ETH/USDT,15m,0.65,0.04,0.01,8,4.0,158,1.05,30.4,22.8,0.824,25.029,21,71,66
ETH/USDT,15m,0.65,0.04,0.01,12,4.0,158,1.05,30.4,29.7,0.831,25.22,33,78,47
ETH/USDT,15m,0.65,0.04,0.01,16,4.0,158,1.05,30.4,29.7,0.793,24.091,35,83,40
ETH/USDT,15m,0.65,0.04,0.01,20,4.0,158,1.05,30.4,30.3,0.711,21.589,40,92,26
ETH/USDT,15m,0.65,0.04,0.01,24,4.0,158,1.05,30.4,31.9,0.712,21.622,45,96,17
ETH/USDT,15m,0.65,0.04,0.01,36,4.0,158,1.05,30.4,31.5,0.682,20.699,45,98,15
ETH/USDT,15m,0.65,0.04,0.01,48,4.0,158,1.05,30.4,31.5,0.615,18.662,45,98,15
ETH/USDT,15m,0.65,0.04,0.015,4,2.7,158,1.05,30.4,16.3,0.438,13.292,8,41,109
ETH/USDT,15m,0.65,0.04,0.015,6,2.7,158,1.05,30.4,24.2,0.658,19.968,16,50,92
ETH/USDT,15m,0.65,0.04,0.015,8,2.7,158,1.05,30.4,28.7,0.881,26.737,23,57,78
ETH/USDT,15m,0.65,0.04,0.015,12,2.7,158,1.05,30.4,37.5,0.88,26.71,36,60,62
ETH/USDT,15m,0.65,0.04,0.015,16,2.7,158,1.05,30.4,35.8,0.821,24.927,38,68,52
ETH/USDT,15m,0.65,0.04,0.015,20,2.7,158,1.05,30.4,36.1,0.722,21.911,43,76,39
ETH/USDT,15m,0.65,0.04,0.015,24,2.7,158,1.05,30.4,37.2,0.695,21.115,48,81,29
ETH/USDT,15m,0.65,0.04,0.015,36,2.7,158,1.05,30.4,34.8,0.575,17.452,48,90,20
ETH/USDT,15m,0.65,0.04,0.015,48,2.7,158,1.05,30.4,34.8,0.488,14.804,48,90,20
ETH/USDT,15m,0.65,0.04,0.02,4,2.0,158,1.05,30.4,30.8,0.553,16.782,8,18,132
ETH/USDT,15m,0.65,0.04,0.02,6,2.0,158,1.05,30.4,36.4,0.782,23.73,16,28,114
ETH/USDT,15m,0.65,0.04,0.02,8,2.0,158,1.05,30.4,39.7,1.071,32.508,23,35,100
ETH/USDT,15m,0.65,0.04,0.02,12,2.0,158,1.05,30.4,45.6,1.042,31.644,36,43,79
ETH/USDT,15m,0.65,0.04,0.02,16,2.0,158,1.05,30.4,44.8,1.025,31.111,43,53,62
ETH/USDT,15m,0.65,0.04,0.02,20,2.0,158,1.05,30.4,45.7,0.899,27.284,48,57,53
ETH/USDT,15m,0.65,0.04,0.02,24,2.0,158,1.05,30.4,46.5,0.904,27.441,53,61,44
ETH/USDT,15m,0.65,0.04,0.02,36,2.0,158,1.05,30.4,43.9,0.779,23.66,58,74,26
ETH/USDT,15m,0.65,0.04,0.02,48,2.0,158,1.05,30.4,44.0,0.682,20.714,59,75,24
ETH/USDT,15m,0.65,0.04,0.025,4,1.6,158,1.05,30.4,42.1,0.59,17.926,8,11,139
ETH/USDT,15m,0.65,0.04,0.025,6,1.6,158,1.05,30.4,48.5,0.811,24.626,16,17,125
ETH/USDT,15m,0.65,0.04,0.025,8,1.6,158,1.05,30.4,48.9,1.104,33.53,23,24,111
ETH/USDT,15m,0.65,0.04,0.025,12,1.6,158,1.05,30.4,52.9,1.08,32.777,36,32,90
ETH/USDT,15m,0.65,0.04,0.025,16,1.6,158,1.05,30.4,51.2,1.009,30.631,43,41,74
ETH/USDT,15m,0.65,0.04,0.025,20,1.6,158,1.05,30.4,51.6,0.89,27.031,48,45,65
ETH/USDT,15m,0.65,0.04,0.025,24,1.6,158,1.05,30.4,52.4,0.977,29.653,54,49,55
ETH/USDT,15m,0.65,0.04,0.025,36,1.6,158,1.05,30.4,51.2,0.865,26.273,63,60,35
ETH/USDT,15m,0.65,0.04,0.025,48,1.6,158,1.05,30.4,51.2,0.795,24.146,65,62,31
ETH/USDT,15m,0.65,0.05,0.008,4,6.2,158,1.05,30.4,5.1,0.372,11.291,4,74,80
ETH/USDT,15m,0.65,0.05,0.008,6,6.2,158,1.05,30.4,8.0,0.573,17.388,7,81,70
ETH/USDT,15m,0.65,0.05,0.008,8,6.2,158,1.05,30.4,12.8,0.777,23.596,12,82,64
ETH/USDT,15m,0.65,0.05,0.008,12,6.2,158,1.05,30.4,16.0,0.693,21.05,17,89,52
ETH/USDT,15m,0.65,0.05,0.008,16,6.2,158,1.05,30.4,17.4,0.692,21.02,20,95,43
ETH/USDT,15m,0.65,0.05,0.008,20,6.2,158,1.05,30.4,16.7,0.623,18.925,21,105,32
ETH/USDT,15m,0.65,0.05,0.008,24,6.2,158,1.05,30.4,21.2,0.705,21.394,29,108,21
ETH/USDT,15m,0.65,0.05,0.008,36,6.2,158,1.05,30.4,23.6,0.7,21.244,34,110,14
ETH/USDT,15m,0.65,0.05,0.008,48,6.2,158,1.05,30.4,23.4,0.63,19.13,34,111,13
ETH/USDT,15m,0.65,0.05,0.01,4,5.0,158,1.05,30.4,6.2,0.42,12.759,4,60,94
ETH/USDT,15m,0.65,0.05,0.01,6,5.0,158,1.05,30.4,9.3,0.641,19.463,7,68,83
ETH/USDT,15m,0.65,0.05,0.01,8,5.0,158,1.05,30.4,15.5,0.865,26.264,13,71,74
ETH/USDT,15m,0.65,0.05,0.01,12,5.0,158,1.05,30.4,20.4,0.807,24.496,20,78,60
ETH/USDT,15m,0.65,0.05,0.01,16,5.0,158,1.05,30.4,21.5,0.768,23.313,23,84,51
ETH/USDT,15m,0.65,0.05,0.01,20,5.0,158,1.05,30.4,20.0,0.68,20.631,24,96,38
ETH/USDT,15m,0.65,0.05,0.01,24,5.0,158,1.05,30.4,24.1,0.735,22.331,32,101,25
ETH/USDT,15m,0.65,0.05,0.01,36,5.0,158,1.05,30.4,26.4,0.736,22.348,37,103,18
ETH/USDT,15m,0.65,0.05,0.01,48,5.0,158,1.05,30.4,26.4,0.65,19.724,37,103,18
ETH/USDT,15m,0.65,0.05,0.015,4,3.3,158,1.05,30.4,10.9,0.459,13.927,5,41,112
ETH/USDT,15m,0.65,0.05,0.015,6,3.3,158,1.05,30.4,13.8,0.674,20.454,8,50,100
ETH/USDT,15m,0.65,0.05,0.015,8,3.3,158,1.05,30.4,20.8,0.934,28.357,15,57,86
ETH/USDT,15m,0.65,0.05,0.015,12,3.3,158,1.05,30.4,26.8,0.864,26.243,22,60,76
ETH/USDT,15m,0.65,0.05,0.015,16,3.3,158,1.05,30.4,26.9,0.81,24.6,25,68,65
ETH/USDT,15m,0.65,0.05,0.015,20,3.3,158,1.05,30.4,25.2,0.688,20.883,26,77,55
ETH/USDT,15m,0.65,0.05,0.015,24,3.3,158,1.05,30.4,28.8,0.739,22.442,34,84,40
ETH/USDT,15m,0.65,0.05,0.015,36,3.3,158,1.05,30.4,29.5,0.651,19.764,39,93,26
ETH/USDT,15m,0.65,0.05,0.015,48,3.3,158,1.05,30.4,30.6,0.589,17.889,41,93,24
ETH/USDT,15m,0.65,0.05,0.02,4,2.5,158,1.05,30.4,21.7,0.574,17.417,5,18,135
ETH/USDT,15m,0.65,0.05,0.02,6,2.5,158,1.05,30.4,22.2,0.798,24.216,8,28,122
ETH/USDT,15m,0.65,0.05,0.02,8,2.5,158,1.05,30.4,30.0,1.124,34.128,15,35,108
ETH/USDT,15m,0.65,0.05,0.02,12,2.5,158,1.05,30.4,33.8,1.027,31.177,22,43,93
ETH/USDT,15m,0.65,0.05,0.02,16,2.5,158,1.05,30.4,34.6,1.033,31.357,28,53,77
ETH/USDT,15m,0.65,0.05,0.02,20,2.5,158,1.05,30.4,34.8,0.893,27.121,31,58,69
ETH/USDT,15m,0.65,0.05,0.02,24,2.5,158,1.05,30.4,38.6,0.995,30.203,39,62,57
ETH/USDT,15m,0.65,0.05,0.02,36,2.5,158,1.05,30.4,39.5,0.953,28.95,49,75,34
ETH/USDT,15m,0.65,0.05,0.02,48,2.5,158,1.05,30.4,41.5,0.933,28.315,54,76,28
ETH/USDT,15m,0.65,0.05,0.025,4,2.0,158,1.05,30.4,31.2,0.611,18.56,5,11,142
ETH/USDT,15m,0.65,0.05,0.025,6,2.0,158,1.05,30.4,32.0,0.827,25.112,8,17,133
ETH/USDT,15m,0.65,0.05,0.025,8,2.0,158,1.05,30.4,38.5,1.158,35.149,15,24,119
ETH/USDT,15m,0.65,0.05,0.025,12,2.0,158,1.05,30.4,40.7,1.064,32.311,22,32,104
ETH/USDT,15m,0.65,0.05,0.025,16,2.0,158,1.05,30.4,40.6,1.017,30.877,28,41,89
ETH/USDT,15m,0.65,0.05,0.025,20,2.0,158,1.05,30.4,40.3,0.882,26.772,31,46,81
ETH/USDT,15m,0.65,0.05,0.025,24,2.0,158,1.05,30.4,43.8,1.067,32.387,39,50,69
ETH/USDT,15m,0.65,0.05,0.025,36,2.0,158,1.05,30.4,45.0,1.021,31.01,50,61,47
ETH/USDT,15m,0.65,0.05,0.025,48,2.0,158,1.05,30.4,47.5,1.046,31.76,57,63,38
ETH/USDT,15m,0.65,0.075,0.008,4,9.4,158,1.05,30.4,0.0,0.375,11.396,0,74,84
ETH/USDT,15m,0.65,0.075,0.008,6,9.4,158,1.05,30.4,2.4,0.607,18.443,2,81,75
ETH/USDT,15m,0.65,0.075,0.008,8,9.4,158,1.05,30.4,3.5,0.784,23.802,3,82,73
ETH/USDT,15m,0.65,0.075,0.008,12,9.4,158,1.05,30.4,3.3,0.623,18.927,3,89,66
ETH/USDT,15m,0.65,0.075,0.008,16,9.4,158,1.05,30.4,3.1,0.617,18.734,3,95,60
ETH/USDT,15m,0.65,0.075,0.008,20,9.4,158,1.05,30.4,4.5,0.578,17.551,5,105,48
ETH/USDT,15m,0.65,0.075,0.008,24,9.4,158,1.05,30.4,4.4,0.583,17.705,5,108,45
ETH/USDT,15m,0.65,0.075,0.008,36,9.4,158,1.05,30.4,9.1,0.725,22.026,11,110,37
ETH/USDT,15m,0.65,0.075,0.008,48,9.4,158,1.05,30.4,9.0,0.669,20.309,11,111,36
ETH/USDT,15m,0.65,0.075,0.01,4,7.5,158,1.05,30.4,0.0,0.424,12.864,0,60,98
ETH/USDT,15m,0.65,0.075,0.01,6,7.5,158,1.05,30.4,2.9,0.676,20.518,2,68,88
ETH/USDT,15m,0.65,0.075,0.01,8,7.5,158,1.05,30.4,5.3,0.888,26.951,4,71,83
ETH/USDT,15m,0.65,0.075,0.01,12,7.5,158,1.05,30.4,4.9,0.753,22.877,4,78,76
ETH/USDT,15m,0.65,0.075,0.01,16,7.5,158,1.05,30.4,4.5,0.697,21.156,4,84,70
ETH/USDT,15m,0.65,0.075,0.01,20,7.5,158,1.05,30.4,5.9,0.645,19.588,6,96,56
ETH/USDT,15m,0.65,0.075,0.01,24,7.5,158,1.05,30.4,5.6,0.617,18.723,6,101,51
ETH/USDT,15m,0.65,0.075,0.01,36,7.5,158,1.05,30.4,10.4,0.771,23.42,12,103,43
ETH/USDT,15m,0.65,0.075,0.01,48,7.5,158,1.05,30.4,10.4,0.695,21.116,12,103,43
ETH/USDT,15m,0.65,0.075,0.015,4,5.0,158,1.05,30.4,2.4,0.478,14.513,1,41,116
ETH/USDT,15m,0.65,0.075,0.015,6,5.0,158,1.05,30.4,5.7,0.724,21.989,3,50,105
ETH/USDT,15m,0.65,0.075,0.015,8,5.0,158,1.05,30.4,8.1,0.974,29.564,5,57,96
ETH/USDT,15m,0.65,0.075,0.015,12,5.0,158,1.05,30.4,9.1,0.843,25.585,6,60,92
ETH/USDT,15m,0.65,0.075,0.015,16,5.0,158,1.05,30.4,8.1,0.771,23.403,6,68,84
ETH/USDT,15m,0.65,0.075,0.015,20,5.0,158,1.05,30.4,9.4,0.685,20.801,8,77,73
ETH/USDT,15m,0.65,0.075,0.015,24,5.0,158,1.05,30.4,8.7,0.652,19.795,8,84,66
ETH/USDT,15m,0.65,0.075,0.015,36,5.0,158,1.05,30.4,13.1,0.718,21.797,14,93,51
ETH/USDT,15m,0.65,0.075,0.015,48,5.0,158,1.05,30.4,13.1,0.666,20.216,14,93,51
ETH/USDT,15m,0.65,0.075,0.02,4,3.8,158,1.05,30.4,5.3,0.593,18.002,1,18,139
ETH/USDT,15m,0.65,0.075,0.02,6,3.8,158,1.05,30.4,9.7,0.848,25.751,3,28,127
ETH/USDT,15m,0.65,0.075,0.02,8,3.8,158,1.05,30.4,12.5,1.164,35.335,5,35,118
ETH/USDT,15m,0.65,0.075,0.02,12,3.8,158,1.05,30.4,12.2,1.005,30.519,6,43,109
ETH/USDT,15m,0.65,0.075,0.02,16,3.8,158,1.05,30.4,10.2,0.978,29.709,6,53,99
ETH/USDT,15m,0.65,0.075,0.02,20,3.8,158,1.05,30.4,12.1,0.855,25.96,8,58,92
ETH/USDT,15m,0.65,0.075,0.02,24,3.8,158,1.05,30.4,11.4,0.887,26.923,8,62,88
ETH/USDT,15m,0.65,0.075,0.02,36,3.8,158,1.05,30.4,21.1,1.126,34.174,20,75,63
ETH/USDT,15m,0.65,0.075,0.02,48,3.8,158,1.05,30.4,23.2,1.126,34.186,23,76,59
ETH/USDT,15m,0.65,0.075,0.025,4,3.0,158,1.05,30.4,8.3,0.631,19.146,1,11,146
ETH/USDT,15m,0.65,0.075,0.025,6,3.0,158,1.05,30.4,15.0,0.878,26.647,3,17,138
ETH/USDT,15m,0.65,0.075,0.025,8,3.0,158,1.05,30.4,17.2,1.197,36.356,5,24,129
ETH/USDT,15m,0.65,0.075,0.025,12,3.0,158,1.05,30.4,15.8,1.043,31.653,6,32,120
ETH/USDT,15m,0.65,0.075,0.025,16,3.0,158,1.05,30.4,12.8,0.963,29.229,6,41,111
ETH/USDT,15m,0.65,0.075,0.025,20,3.0,158,1.05,30.4,14.8,0.844,25.611,8,46,104
ETH/USDT,15m,0.65,0.075,0.025,24,3.0,158,1.05,30.4,13.8,0.959,29.107,8,50,100
ETH/USDT,15m,0.65,0.075,0.025,36,3.0,158,1.05,30.4,24.7,1.204,36.568,20,61,77
ETH/USDT,15m,0.65,0.075,0.025,48,3.0,158,1.05,30.4,28.4,1.279,38.841,25,63,70
ETH/USDT,15m,0.65,0.1,0.008,4,12.5,158,1.05,30.4,0.0,0.375,11.396,0,74,84
ETH/USDT,15m,0.65,0.1,0.008,6,12.5,158,1.05,30.4,0.0,0.598,18.144,0,81,77
ETH/USDT,15m,0.65,0.1,0.008,8,12.5,158,1.05,30.4,1.2,0.787,23.906,1,82,75
ETH/USDT,15m,0.65,0.1,0.008,12,12.5,158,1.05,30.4,1.1,0.607,18.417,1,89,68
ETH/USDT,15m,0.65,0.1,0.008,16,12.5,158,1.05,30.4,1.0,0.599,18.173,1,95,62
ETH/USDT,15m,0.65,0.1,0.008,20,12.5,158,1.05,30.4,0.9,0.563,17.104,1,105,52
ETH/USDT,15m,0.65,0.1,0.008,24,12.5,158,1.05,30.4,1.8,0.584,17.732,2,108,48
ETH/USDT,15m,0.65,0.1,0.008,36,12.5,158,1.05,30.4,5.2,0.781,23.717,6,110,42
ETH/USDT,15m,0.65,0.1,0.008,48,12.5,158,1.05,30.4,5.1,0.696,21.143,6,111,41
ETH/USDT,15m,0.65,0.1,0.01,4,10.0,158,1.05,30.4,0.0,0.424,12.864,0,60,98
ETH/USDT,15m,0.65,0.1,0.01,6,10.0,158,1.05,30.4,0.0,0.666,20.218,0,68,90
ETH/USDT,15m,0.65,0.1,0.01,8,10.0,158,1.05,30.4,2.7,0.907,27.535,2,71,85
ETH/USDT,15m,0.65,0.1,0.01,12,10.0,158,1.05,30.4,2.5,0.753,22.848,2,78,78
ETH/USDT,15m,0.65,0.1,0.01,16,10.0,158,1.05,30.4,2.3,0.694,21.075,2,84,72
ETH/USDT,15m,0.65,0.1,0.01,20,10.0,158,1.05,30.4,2.0,0.646,19.621,2,96,60
ETH/USDT,15m,0.65,0.1,0.01,24,10.0,158,1.05,30.4,2.9,0.633,19.231,3,101,54
ETH/USDT,15m,0.65,0.1,0.01,36,10.0,158,1.05,30.4,6.4,0.843,25.591,7,103,48
ETH/USDT,15m,0.65,0.1,0.01,48,10.0,158,1.05,30.4,6.4,0.739,22.431,7,103,48
ETH/USDT,15m,0.65,0.1,0.015,4,6.7,158,1.05,30.4,0.0,0.475,14.431,0,41,117
ETH/USDT,15m,0.65,0.1,0.015,6,6.7,158,1.05,30.4,0.0,0.721,21.896,0,50,108
ETH/USDT,15m,0.65,0.1,0.015,8,6.7,158,1.05,30.4,5.0,1.009,30.628,3,57,98
ETH/USDT,15m,0.65,0.1,0.015,12,6.7,158,1.05,30.4,4.8,0.858,26.063,3,60,95
ETH/USDT,15m,0.65,0.1,0.015,16,6.7,158,1.05,30.4,4.2,0.775,23.531,3,68,87
ETH/USDT,15m,0.65,0.1,0.015,20,6.7,158,1.05,30.4,3.8,0.684,20.755,3,77,78
ETH/USDT,15m,0.65,0.1,0.015,24,6.7,158,1.05,30.4,4.5,0.67,20.333,4,84,70
ETH/USDT,15m,0.65,0.1,0.015,36,6.7,158,1.05,30.4,7.9,0.796,24.18,8,93,57
ETH/USDT,15m,0.65,0.1,0.015,48,6.7,158,1.05,30.4,7.9,0.717,21.766,8,93,57
ETH/USDT,15m,0.65,0.1,0.02,4,5.0,158,1.05,30.4,0.0,0.59,17.921,0,18,140
ETH/USDT,15m,0.65,0.1,0.02,6,5.0,158,1.05,30.4,0.0,0.845,25.658,0,28,130
ETH/USDT,15m,0.65,0.1,0.02,8,5.0,158,1.05,30.4,7.9,1.199,36.399,3,35,120
ETH/USDT,15m,0.65,0.1,0.02,12,5.0,158,1.05,30.4,6.5,1.021,30.998,3,43,112
ETH/USDT,15m,0.65,0.1,0.02,16,5.0,158,1.05,30.4,5.4,0.983,29.837,3,53,102
ETH/USDT,15m,0.65,0.1,0.02,20,5.0,158,1.05,30.4,4.9,0.854,25.915,3,58,97
ETH/USDT,15m,0.65,0.1,0.02,24,5.0,158,1.05,30.4,6.1,0.904,27.461,4,62,92
ETH/USDT,15m,0.65,0.1,0.02,36,5.0,158,1.05,30.4,9.6,1.186,36.022,8,75,75
ETH/USDT,15m,0.65,0.1,0.02,48,5.0,158,1.05,30.4,11.6,1.199,36.4,10,76,72
ETH/USDT,15m,0.65,0.1,0.025,4,4.0,158,1.05,30.4,0.0,0.628,19.065,0,11,147
ETH/USDT,15m,0.65,0.1,0.025,6,4.0,158,1.05,30.4,0.0,0.875,26.553,0,17,141
ETH/USDT,15m,0.65,0.1,0.025,8,4.0,158,1.05,30.4,11.1,1.232,37.42,3,24,131
ETH/USDT,15m,0.65,0.1,0.025,12,4.0,158,1.05,30.4,8.6,1.058,32.131,3,32,123
ETH/USDT,15m,0.65,0.1,0.025,16,4.0,158,1.05,30.4,6.8,0.967,29.357,3,41,114
ETH/USDT,15m,0.65,0.1,0.025,20,4.0,158,1.05,30.4,6.1,0.842,25.566,3,46,109
ETH/USDT,15m,0.65,0.1,0.025,24,4.0,158,1.05,30.4,7.4,0.976,29.646,4,50,104
ETH/USDT,15m,0.65,0.1,0.025,36,4.0,158,1.05,30.4,11.6,1.265,38.417,8,61,89
ETH/USDT,15m,0.65,0.1,0.025,48,4.0,158,1.05,30.4,13.7,1.352,41.044,10,63,85
ETH/USDT,15m,0.7,0.01,0.008,4,1.2,116,0.77,22.3,53.8,0.182,4.062,57,49,10
ETH/USDT,15m,0.7,0.01,0.008,6,1.2,116,0.77,22.3,57.0,0.229,5.099,65,49,2
ETH/USDT,15m,0.7,0.01,0.008,8,1.2,116,0.77,22.3,57.8,0.24,5.342,67,49,0
ETH/USDT,15m,0.7,0.01,0.008,12,1.2,116,0.77,22.3,57.8,0.24,5.342,67,49,0
ETH/USDT,15m,0.7,0.01,0.008,16,1.2,116,0.77,22.3,57.8,0.24,5.342,67,49,0
ETH/USDT,15m,0.7,0.01,0.008,20,1.2,116,0.77,22.3,57.8,0.24,5.342,67,49,0
ETH/USDT,15m,0.7,0.01,0.008,24,1.2,116,0.77,22.3,57.8,0.24,5.342,67,49,0
ETH/USDT,15m,0.7,0.01,0.008,36,1.2,116,0.77,22.3,57.8,0.24,5.342,67,49,0
ETH/USDT,15m,0.7,0.01,0.008,48,1.2,116,0.77,22.3,57.8,0.24,5.342,67,49,0
ETH/USDT,15m,0.7,0.015,0.008,4,1.9,116,0.77,22.3,44.1,0.3,6.68,41,52,23
ETH/USDT,15m,0.7,0.015,0.008,6,1.9,116,0.77,22.3,51.4,0.408,9.092,56,53,7
ETH/USDT,15m,0.7,0.015,0.008,8,1.9,116,0.77,22.3,54.3,0.449,10.012,63,53,0
ETH/USDT,15m,0.7,0.015,0.008,12,1.9,116,0.77,22.3,54.3,0.449,10.012,63,53,0
ETH/USDT,15m,0.7,0.015,0.008,16,1.9,116,0.77,22.3,54.3,0.449,10.012,63,53,0
ETH/USDT,15m,0.7,0.015,0.008,20,1.9,116,0.77,22.3,54.3,0.449,10.012,63,53,0
ETH/USDT,15m,0.7,0.015,0.008,24,1.9,116,0.77,22.3,54.3,0.449,10.012,63,53,0
ETH/USDT,15m,0.7,0.015,0.008,36,1.9,116,0.77,22.3,54.3,0.449,10.012,63,53,0
ETH/USDT,15m,0.7,0.015,0.008,48,1.9,116,0.77,22.3,54.3,0.449,10.012,63,53,0
ETH/USDT,15m,0.7,0.015,0.01,4,1.5,116,0.77,22.3,51.2,0.349,7.783,42,40,34
ETH/USDT,15m,0.7,0.015,0.01,6,1.5,116,0.77,22.3,57.8,0.477,10.625,59,43,14
ETH/USDT,15m,0.7,0.015,0.01,8,1.5,116,0.77,22.3,60.9,0.528,11.768,70,45,1
ETH/USDT,15m,0.7,0.015,0.01,12,1.5,116,0.77,22.3,61.2,0.53,11.818,71,45,0
ETH/USDT,15m,0.7,0.015,0.01,16,1.5,116,0.77,22.3,61.2,0.53,11.818,71,45,0
ETH/USDT,15m,0.7,0.015,0.01,20,1.5,116,0.77,22.3,61.2,0.53,11.818,71,45,0
ETH/USDT,15m,0.7,0.015,0.01,24,1.5,116,0.77,22.3,61.2,0.53,11.818,71,45,0
ETH/USDT,15m,0.7,0.015,0.01,36,1.5,116,0.77,22.3,61.2,0.53,11.818,71,45,0
ETH/USDT,15m,0.7,0.015,0.01,48,1.5,116,0.77,22.3,61.2,0.53,11.818,71,45,0
ETH/USDT,15m,0.7,0.02,0.008,4,2.5,116,0.77,22.3,32.1,0.348,7.764,25,53,38
ETH/USDT,15m,0.7,0.02,0.008,6,2.5,116,0.77,22.3,43.4,0.518,11.551,43,56,17
ETH/USDT,15m,0.7,0.02,0.008,8,2.5,116,0.77,22.3,49.5,0.614,13.679,55,56,5
ETH/USDT,15m,0.7,0.02,0.008,12,2.5,116,0.77,22.3,50.4,0.604,13.466,58,57,1
ETH/USDT,15m,0.7,0.02,0.008,16,2.5,116,0.77,22.3,50.0,0.6,13.375,58,58,0
ETH/USDT,15m,0.7,0.02,0.008,20,2.5,116,0.77,22.3,50.0,0.6,13.375,58,58,0
ETH/USDT,15m,0.7,0.02,0.008,24,2.5,116,0.77,22.3,50.0,0.6,13.375,58,58,0
ETH/USDT,15m,0.7,0.02,0.008,36,2.5,116,0.77,22.3,50.0,0.6,13.375,58,58,0
ETH/USDT,15m,0.7,0.02,0.008,48,2.5,116,0.77,22.3,50.0,0.6,13.375,58,58,0
ETH/USDT,15m,0.7,0.02,0.01,4,2.0,116,0.77,22.3,38.8,0.4,8.924,26,41,49
ETH/USDT,15m,0.7,0.02,0.01,6,2.0,116,0.77,22.3,49.5,0.591,13.173,45,46,25
ETH/USDT,15m,0.7,0.02,0.01,8,2.0,116,0.77,22.3,54.3,0.696,15.518,57,48,11
ETH/USDT,15m,0.7,0.02,0.01,12,2.0,116,0.77,22.3,56.6,0.697,15.546,64,49,3
ETH/USDT,15m,0.7,0.02,0.01,16,2.0,116,0.77,22.3,57.0,0.707,15.765,65,49,2
ETH/USDT,15m,0.7,0.02,0.01,20,2.0,116,0.77,22.3,56.9,0.707,15.758,66,50,0
ETH/USDT,15m,0.7,0.02,0.01,24,2.0,116,0.77,22.3,56.9,0.707,15.758,66,50,0
ETH/USDT,15m,0.7,0.02,0.01,36,2.0,116,0.77,22.3,56.9,0.707,15.758,66,50,0
ETH/USDT,15m,0.7,0.02,0.01,48,2.0,116,0.77,22.3,56.9,0.707,15.758,66,50,0
ETH/USDT,15m,0.7,0.02,0.015,4,1.3,116,0.77,22.3,47.5,0.386,8.598,28,31,57
ETH/USDT,15m,0.7,0.02,0.015,6,1.3,116,0.77,22.3,58.0,0.583,13.001,47,34,35
ETH/USDT,15m,0.7,0.02,0.015,8,1.3,116,0.77,22.3,62.7,0.74,16.505,64,38,14
ETH/USDT,15m,0.7,0.02,0.015,12,1.3,116,0.77,22.3,64.5,0.754,16.808,71,39,6
ETH/USDT,15m,0.7,0.02,0.015,16,1.3,116,0.77,22.3,64.6,0.755,16.828,73,40,3
ETH/USDT,15m,0.7,0.02,0.015,20,1.3,116,0.77,22.3,64.7,0.763,17.007,75,41,0
ETH/USDT,15m,0.7,0.02,0.015,24,1.3,116,0.77,22.3,64.7,0.763,17.007,75,41,0
ETH/USDT,15m,0.7,0.02,0.015,36,1.3,116,0.77,22.3,64.7,0.763,17.007,75,41,0
ETH/USDT,15m,0.7,0.02,0.015,48,1.3,116,0.77,22.3,64.7,0.763,17.007,75,41,0
ETH/USDT,15m,0.7,0.025,0.008,4,3.1,116,0.77,22.3,23.2,0.381,8.492,16,53,47
ETH/USDT,15m,0.7,0.025,0.008,6,3.1,116,0.77,22.3,33.3,0.565,12.596,29,58,29
ETH/USDT,15m,0.7,0.025,0.008,8,3.1,116,0.77,22.3,40.2,0.721,16.063,39,58,19
ETH/USDT,15m,0.7,0.025,0.008,12,3.1,116,0.77,22.3,46.4,0.743,16.567,51,59,6
ETH/USDT,15m,0.7,0.025,0.008,16,3.1,116,0.77,22.3,46.9,0.761,16.954,53,60,3
ETH/USDT,15m,0.7,0.025,0.008,20,3.1,116,0.77,22.3,47.0,0.752,16.769,54,61,1
ETH/USDT,15m,0.7,0.025,0.008,24,3.1,116,0.77,22.3,47.0,0.749,16.707,54,61,1
ETH/USDT,15m,0.7,0.025,0.008,36,3.1,116,0.77,22.3,46.6,0.736,16.411,54,62,0
ETH/USDT,15m,0.7,0.025,0.008,48,3.1,116,0.77,22.3,46.6,0.736,16.411,54,62,0
ETH/USDT,15m,0.7,0.025,0.01,4,2.5,116,0.77,22.3,29.3,0.437,9.748,17,41,58
ETH/USDT,15m,0.7,0.025,0.01,6,2.5,116,0.77,22.3,39.7,0.648,14.443,31,47,38
ETH/USDT,15m,0.7,0.025,0.01,8,2.5,116,0.77,22.3,45.6,0.822,18.333,41,49,26
ETH/USDT,15m,0.7,0.025,0.01,12,2.5,116,0.77,22.3,52.3,0.848,18.899,56,51,9
ETH/USDT,15m,0.7,0.025,0.01,16,2.5,116,0.77,22.3,53.6,0.866,19.294,59,51,6
ETH/USDT,15m,0.7,0.025,0.01,20,2.5,116,0.77,22.3,53.0,0.858,19.132,61,54,1
ETH/USDT,15m,0.7,0.025,0.01,24,2.5,116,0.77,22.3,53.0,0.856,19.071,61,54,1
ETH/USDT,15m,0.7,0.025,0.01,36,2.5,116,0.77,22.3,52.6,0.841,18.736,61,55,0
ETH/USDT,15m,0.7,0.025,0.01,48,2.5,116,0.77,22.3,52.6,0.841,18.736,61,55,0
ETH/USDT,15m,0.7,0.025,0.015,4,1.7,116,0.77,22.3,38.0,0.431,9.614,19,31,66
ETH/USDT,15m,0.7,0.025,0.015,6,1.7,116,0.77,22.3,48.5,0.644,14.366,33,35,48
ETH/USDT,15m,0.7,0.025,0.015,8,1.7,116,0.77,22.3,53.0,0.873,19.452,44,39,33
ETH/USDT,15m,0.7,0.025,0.015,12,1.7,116,0.77,22.3,60.2,0.912,20.332,62,41,13
ETH/USDT,15m,0.7,0.025,0.015,16,1.7,116,0.77,22.3,61.1,0.91,20.288,66,42,8
ETH/USDT,15m,0.7,0.025,0.015,20,1.7,116,0.77,22.3,60.5,0.91,20.292,69,45,2
ETH/USDT,15m,0.7,0.025,0.015,24,1.7,116,0.77,22.3,60.0,0.899,20.032,69,46,1
ETH/USDT,15m,0.7,0.025,0.015,36,1.7,116,0.77,22.3,59.5,0.879,19.601,69,47,0
ETH/USDT,15m,0.7,0.025,0.015,48,1.7,116,0.77,22.3,59.5,0.879,19.601,69,47,0
ETH/USDT,15m,0.7,0.025,0.02,4,1.2,116,0.77,22.3,59.4,0.573,12.762,19,13,84
ETH/USDT,15m,0.7,0.025,0.02,6,1.2,116,0.77,22.3,65.4,0.833,18.565,34,18,64
ETH/USDT,15m,0.7,0.025,0.02,8,1.2,116,0.77,22.3,68.1,1.156,25.768,49,23,44
ETH/USDT,15m,0.7,0.025,0.02,12,1.2,116,0.77,22.3,72.2,1.179,26.279,70,27,19
ETH/USDT,15m,0.7,0.025,0.02,16,1.2,116,0.77,22.3,71.8,1.168,26.041,74,29,13
ETH/USDT,15m,0.7,0.025,0.02,20,1.2,116,0.77,22.3,71.3,1.176,26.203,77,31,8
ETH/USDT,15m,0.7,0.025,0.02,24,1.2,116,0.77,22.3,71.4,1.183,26.367,80,32,4
ETH/USDT,15m,0.7,0.025,0.02,36,1.2,116,0.77,22.3,69.6,1.112,24.797,80,35,1
ETH/USDT,15m,0.7,0.025,0.02,48,1.2,116,0.77,22.3,69.6,1.105,24.635,80,35,1
ETH/USDT,15m,0.7,0.03,0.008,4,3.8,116,0.77,22.3,15.9,0.402,8.952,10,53,53
ETH/USDT,15m,0.7,0.03,0.008,6,3.8,116,0.77,22.3,26.6,0.613,13.658,21,58,37
ETH/USDT,15m,0.7,0.03,0.008,8,3.8,116,0.77,22.3,35.2,0.812,18.111,32,59,25
ETH/USDT,15m,0.7,0.03,0.008,12,3.8,116,0.77,22.3,41.7,0.844,18.806,43,60,13
ETH/USDT,15m,0.7,0.03,0.008,16,3.8,116,0.77,22.3,42.2,0.832,18.553,46,63,7
ETH/USDT,15m,0.7,0.03,0.008,20,3.8,116,0.77,22.3,41.1,0.788,17.577,46,66,4
ETH/USDT,15m,0.7,0.03,0.008,24,3.8,116,0.77,22.3,41.1,0.78,17.395,46,66,4
ETH/USDT,15m,0.7,0.03,0.008,36,3.8,116,0.77,22.3,40.7,0.768,17.116,46,67,3
ETH/USDT,15m,0.7,0.03,0.008,48,3.8,116,0.77,22.3,40.7,0.74,16.49,46,67,3
ETH/USDT,15m,0.7,0.03,0.01,4,3.0,116,0.77,22.3,21.2,0.462,10.305,11,41,64
ETH/USDT,15m,0.7,0.03,0.01,6,3.0,116,0.77,22.3,32.9,0.704,15.698,23,47,46
ETH/USDT,15m,0.7,0.03,0.01,8,3.0,116,0.77,22.3,40.5,0.921,20.535,34,50,32
ETH/USDT,15m,0.7,0.03,0.01,12,3.0,116,0.77,22.3,48.0,0.968,21.58,48,52,16
ETH/USDT,15m,0.7,0.03,0.01,16,3.0,116,0.77,22.3,48.6,0.949,21.16,51,54,11
ETH/USDT,15m,0.7,0.03,0.01,20,3.0,116,0.77,22.3,46.4,0.897,19.996,51,59,6
ETH/USDT,15m,0.7,0.03,0.01,24,3.0,116,0.77,22.3,46.4,0.882,19.661,51,59,6
ETH/USDT,15m,0.7,0.03,0.01,36,3.0,116,0.77,22.3,45.9,0.874,19.479,51,60,5
ETH/USDT,15m,0.7,0.03,0.01,48,3.0,116,0.77,22.3,45.9,0.819,18.254,51,60,5
ETH/USDT,15m,0.7,0.03,0.015,4,2.0,116,0.77,22.3,27.9,0.46,10.261,12,31,73
ETH/USDT,15m,0.7,0.03,0.015,6,2.0,116,0.77,22.3,41.7,0.709,15.813,25,35,56
ETH/USDT,15m,0.7,0.03,0.015,8,2.0,116,0.77,22.3,47.4,0.974,21.704,36,40,40
ETH/USDT,15m,0.7,0.03,0.015,12,2.0,116,0.77,22.3,54.8,1.02,22.734,51,42,23
ETH/USDT,15m,0.7,0.03,0.015,16,2.0,116,0.77,22.3,55.6,0.978,21.81,55,44,17
ETH/USDT,15m,0.7,0.03,0.015,20,2.0,116,0.77,22.3,52.9,0.925,20.617,55,49,12
ETH/USDT,15m,0.7,0.03,0.015,24,2.0,116,0.77,22.3,51.9,0.889,19.827,55,51,10
ETH/USDT,15m,0.7,0.03,0.015,36,2.0,116,0.77,22.3,50.5,0.823,18.349,55,54,7
ETH/USDT,15m,0.7,0.03,0.015,48,2.0,116,0.77,22.3,50.5,0.762,16.977,55,54,7
ETH/USDT,15m,0.7,0.03,0.02,4,1.5,116,0.77,22.3,48.0,0.602,13.409,12,13,91
ETH/USDT,15m,0.7,0.03,0.02,6,1.5,116,0.77,22.3,58.1,0.888,19.802,25,18,73
ETH/USDT,15m,0.7,0.03,0.02,8,1.5,116,0.77,22.3,60.7,1.239,27.627,37,24,55
ETH/USDT,15m,0.7,0.03,0.02,12,1.5,116,0.77,22.3,66.3,1.29,28.748,55,28,33
ETH/USDT,15m,0.7,0.03,0.02,16,1.5,116,0.77,22.3,67.0,1.262,28.14,63,31,22
ETH/USDT,15m,0.7,0.03,0.02,20,1.5,116,0.77,22.3,64.3,1.207,26.913,63,35,18
ETH/USDT,15m,0.7,0.03,0.02,24,1.5,116,0.77,22.3,64.4,1.203,26.812,65,36,15
ETH/USDT,15m,0.7,0.03,0.02,36,1.5,116,0.77,22.3,61.1,1.074,23.93,66,42,8
ETH/USDT,15m,0.7,0.03,0.02,48,1.5,116,0.77,22.3,61.1,1.005,22.395,66,42,8
ETH/USDT,15m,0.7,0.03,0.025,4,1.2,116,0.77,22.3,63.2,0.647,14.428,12,7,97
ETH/USDT,15m,0.7,0.03,0.025,6,1.2,116,0.77,22.3,71.4,0.95,21.186,25,10,81
ETH/USDT,15m,0.7,0.03,0.025,8,1.2,116,0.77,22.3,69.1,1.294,28.842,38,17,61
ETH/USDT,15m,0.7,0.03,0.025,12,1.2,116,0.77,22.3,71.8,1.335,29.77,56,22,38
ETH/USDT,15m,0.7,0.03,0.025,16,1.2,116,0.77,22.3,70.3,1.246,27.773,64,27,25
ETH/USDT,15m,0.7,0.03,0.025,20,1.2,116,0.77,22.3,68.8,1.184,26.386,64,29,23
ETH/USDT,15m,0.7,0.03,0.025,24,1.2,116,0.77,22.3,68.0,1.187,26.461,66,31,19
ETH/USDT,15m,0.7,0.03,0.025,36,1.2,116,0.77,22.3,65.4,1.043,23.241,68,36,12
ETH/USDT,15m,0.7,0.03,0.025,48,1.2,116,0.77,22.3,64.2,0.962,21.452,68,38,10
ETH/USDT,15m,0.7,0.04,0.008,4,5.0,116,0.77,22.3,7.0,0.416,9.279,4,53,59
ETH/USDT,15m,0.7,0.04,0.008,6,5.0,116,0.77,22.3,17.1,0.671,14.95,12,58,46
ETH/USDT,15m,0.7,0.04,0.008,8,5.0,116,0.77,22.3,22.4,0.876,19.53,17,59,40
ETH/USDT,15m,0.7,0.04,0.008,12,5.0,116,0.77,22.3,28.2,0.887,19.765,24,61,31
ETH/USDT,15m,0.7,0.04,0.008,16,5.0,116,0.77,22.3,28.6,0.864,19.263,26,65,25
ETH/USDT,15m,0.7,0.04,0.008,20,5.0,116,0.77,22.3,29.8,0.776,17.29,31,73,12
ETH/USDT,15m,0.7,0.04,0.008,24,5.0,116,0.77,22.3,30.8,0.766,17.083,33,74,9
ETH/USDT,15m,0.7,0.04,0.008,36,5.0,116,0.77,22.3,30.6,0.75,16.728,33,75,8
ETH/USDT,15m,0.7,0.04,0.008,48,5.0,116,0.77,22.3,30.6,0.702,15.638,33,75,8
ETH/USDT,15m,0.7,0.04,0.01,4,4.0,116,0.77,22.3,10.9,0.486,10.824,5,41,70
ETH/USDT,15m,0.7,0.04,0.01,6,4.0,116,0.77,22.3,21.7,0.768,17.122,13,47,56
ETH/USDT,15m,0.7,0.04,0.01,8,4.0,116,0.77,22.3,26.5,0.993,22.127,18,50,48
ETH/USDT,15m,0.7,0.04,0.01,12,4.0,116,0.77,22.3,35.4,1.052,23.461,29,53,34
ETH/USDT,15m,0.7,0.04,0.01,16,4.0,116,0.77,22.3,35.6,1.021,22.754,31,56,29
ETH/USDT,15m,0.7,0.04,0.01,20,4.0,116,0.77,22.3,35.6,0.919,20.49,36,65,15
ETH/USDT,15m,0.7,0.04,0.01,24,4.0,116,0.77,22.3,36.2,0.897,20.002,38,67,11
ETH/USDT,15m,0.7,0.04,0.01,36,4.0,116,0.77,22.3,35.8,0.886,19.744,38,68,10
ETH/USDT,15m,0.7,0.04,0.01,48,4.0,116,0.77,22.3,35.8,0.81,18.056,38,68,10
ETH/USDT,15m,0.7,0.04,0.015,4,2.7,116,0.77,22.3,16.2,0.492,10.973,6,31,79
ETH/USDT,15m,0.7,0.04,0.015,6,2.7,116,0.77,22.3,28.6,0.783,17.465,14,35,67
ETH/USDT,15m,0.7,0.04,0.015,8,2.7,116,0.77,22.3,33.3,1.062,23.68,20,40,56
ETH/USDT,15m,0.7,0.04,0.015,12,2.7,116,0.77,22.3,43.2,1.135,25.298,32,42,42
ETH/USDT,15m,0.7,0.04,0.015,16,2.7,116,0.77,22.3,42.5,1.062,23.684,34,46,36
ETH/USDT,15m,0.7,0.04,0.015,20,2.7,116,0.77,22.3,42.4,0.971,21.646,39,53,24
ETH/USDT,15m,0.7,0.04,0.015,24,2.7,116,0.77,22.3,42.3,0.934,20.819,41,56,19
ETH/USDT,15m,0.7,0.04,0.015,36,2.7,116,0.77,22.3,39.8,0.824,18.361,41,62,13
ETH/USDT,15m,0.7,0.04,0.015,48,2.7,116,0.77,22.3,39.8,0.733,16.35,41,62,13
ETH/USDT,15m,0.7,0.04,0.02,4,2.0,116,0.77,22.3,31.6,0.633,14.12,6,13,97
ETH/USDT,15m,0.7,0.04,0.02,6,2.0,116,0.77,22.3,43.8,0.962,21.454,14,18,84
ETH/USDT,15m,0.7,0.04,0.02,8,2.0,116,0.77,22.3,45.5,1.323,29.499,20,24,72
ETH/USDT,15m,0.7,0.04,0.02,12,2.0,116,0.77,22.3,53.3,1.399,31.189,32,28,56
ETH/USDT,15m,0.7,0.04,0.02,16,2.0,116,0.77,22.3,54.9,1.404,31.288,39,32,45
ETH/USDT,15m,0.7,0.04,0.02,20,2.0,116,0.77,22.3,55.0,1.278,28.491,44,36,36
ETH/USDT,15m,0.7,0.04,0.02,24,2.0,116,0.77,22.3,54.8,1.284,28.622,46,38,32
ETH/USDT,15m,0.7,0.04,0.02,36,2.0,116,0.77,22.3,51.5,1.171,26.106,50,47,19
ETH/USDT,15m,0.7,0.04,0.02,48,2.0,116,0.77,22.3,51.5,1.068,23.797,51,48,17
ETH/USDT,15m,0.7,0.04,0.025,4,1.6,116,0.77,22.3,46.2,0.679,15.14,6,7,103
ETH/USDT,15m,0.7,0.04,0.025,6,1.6,116,0.77,22.3,58.3,1.025,22.838,14,10,92
ETH/USDT,15m,0.7,0.04,0.025,8,1.6,116,0.77,22.3,54.1,1.373,30.598,20,17,79
ETH/USDT,15m,0.7,0.04,0.025,12,1.6,116,0.77,22.3,59.3,1.438,32.057,32,22,62
ETH/USDT,15m,0.7,0.04,0.025,16,1.6,116,0.77,22.3,59.1,1.374,30.626,39,27,50
ETH/USDT,15m,0.7,0.04,0.025,20,1.6,116,0.77,22.3,60.3,1.252,27.9,44,29,43
ETH/USDT,15m,0.7,0.04,0.025,24,1.6,116,0.77,22.3,59.0,1.269,28.298,46,32,38
ETH/USDT,15m,0.7,0.04,0.025,36,1.6,116,0.77,22.3,56.0,1.149,25.606,51,40,25
ETH/USDT,15m,0.7,0.04,0.025,48,1.6,116,0.77,22.3,55.8,1.054,23.484,53,42,21
ETH/USDT,15m,0.7,0.05,0.008,4,6.2,116,0.77,22.3,3.6,0.424,9.462,2,53,61
ETH/USDT,15m,0.7,0.05,0.008,6,6.2,116,0.77,22.3,7.9,0.674,15.03,5,58,53
ETH/USDT,15m,0.7,0.05,0.008,8,6.2,116,0.77,22.3,13.2,0.897,19.997,9,59,48
ETH/USDT,15m,0.7,0.05,0.008,12,6.2,116,0.77,22.3,18.7,0.839,18.692,14,61,41
ETH/USDT,15m,0.7,0.05,0.008,16,6.2,116,0.77,22.3,20.5,0.856,19.085,17,66,33
ETH/USDT,15m,0.7,0.05,0.008,20,6.2,116,0.77,22.3,19.1,0.763,17.019,18,76,22
ETH/USDT,15m,0.7,0.05,0.008,24,6.2,116,0.77,22.3,23.0,0.813,18.13,23,77,16
ETH/USDT,15m,0.7,0.05,0.008,36,6.2,116,0.77,22.3,25.7,0.83,18.493,27,78,11
ETH/USDT,15m,0.7,0.05,0.008,48,6.2,116,0.77,22.3,25.7,0.754,16.815,27,78,11
ETH/USDT,15m,0.7,0.05,0.01,4,5.0,116,0.77,22.3,4.7,0.488,10.883,2,41,73
ETH/USDT,15m,0.7,0.05,0.01,6,5.0,116,0.77,22.3,9.6,0.764,17.031,5,47,64
ETH/USDT,15m,0.7,0.05,0.01,8,5.0,116,0.77,22.3,16.7,1.022,22.785,10,50,56
ETH/USDT,15m,0.7,0.05,0.01,12,5.0,116,0.77,22.3,24.3,1.005,22.407,17,53,46
ETH/USDT,15m,0.7,0.05,0.01,16,5.0,116,0.77,22.3,26.0,0.973,21.687,20,57,39
ETH/USDT,15m,0.7,0.05,0.01,20,5.0,116,0.77,22.3,23.3,0.853,19.024,21,69,26
ETH/USDT,15m,0.7,0.05,0.01,24,5.0,116,0.77,22.3,26.5,0.879,19.588,26,72,18
ETH/USDT,15m,0.7,0.05,0.01,36,5.0,116,0.77,22.3,29.1,0.899,20.048,30,73,13
ETH/USDT,15m,0.7,0.05,0.01,48,5.0,116,0.77,22.3,29.1,0.797,17.772,30,73,13
ETH/USDT,15m,0.7,0.05,0.015,4,3.3,116,0.77,22.3,8.8,0.503,11.224,3,31,82
ETH/USDT,15m,0.7,0.05,0.015,6,3.3,116,0.77,22.3,14.6,0.788,17.567,6,35,75
ETH/USDT,15m,0.7,0.05,0.015,8,3.3,116,0.77,22.3,23.1,1.109,24.722,12,40,64
ETH/USDT,15m,0.7,0.05,0.015,12,3.3,116,0.77,22.3,31.1,1.099,24.501,19,42,55
ETH/USDT,15m,0.7,0.05,0.015,16,3.3,116,0.77,22.3,32.4,1.035,23.068,22,46,48
ETH/USDT,15m,0.7,0.05,0.015,20,3.3,116,0.77,22.3,29.9,0.902,20.109,23,54,39
ETH/USDT,15m,0.7,0.05,0.015,24,3.3,116,0.77,22.3,32.2,0.943,21.022,28,59,29
ETH/USDT,15m,0.7,0.05,0.015,36,3.3,116,0.77,22.3,33.0,0.867,19.328,32,65,19
ETH/USDT,15m,0.7,0.05,0.015,48,3.3,116,0.77,22.3,34.3,0.812,18.09,34,65,17
ETH/USDT,15m,0.7,0.05,0.02,4,2.5,116,0.77,22.3,18.8,0.645,14.371,3,13,100
ETH/USDT,15m,0.7,0.05,0.02,6,2.5,116,0.77,22.3,25.0,0.967,21.556,6,18,92
ETH/USDT,15m,0.7,0.05,0.02,8,2.5,116,0.77,22.3,33.3,1.37,30.542,12,24,80
ETH/USDT,15m,0.7,0.05,0.02,12,2.5,116,0.77,22.3,40.4,1.363,30.393,19,28,69
ETH/USDT,15m,0.7,0.05,0.02,16,2.5,116,0.77,22.3,43.9,1.402,31.245,25,32,59
ETH/USDT,15m,0.7,0.05,0.02,20,2.5,116,0.77,22.3,43.1,1.248,27.819,28,37,51
ETH/USDT,15m,0.7,0.05,0.02,24,2.5,116,0.77,22.3,45.8,1.358,30.261,33,39,44
ETH/USDT,15m,0.7,0.05,0.02,36,2.5,116,0.77,22.3,46.1,1.34,29.86,41,48,27
ETH/USDT,15m,0.7,0.05,0.02,48,2.5,116,0.77,22.3,48.4,1.34,29.861,46,49,21
ETH/USDT,15m,0.7,0.05,0.025,4,2.0,116,0.77,22.3,30.0,0.69,15.39,3,7,106
ETH/USDT,15m,0.7,0.05,0.025,6,2.0,116,0.77,22.3,37.5,1.029,22.94,6,10,100
ETH/USDT,15m,0.7,0.05,0.025,8,2.0,116,0.77,22.3,41.4,1.419,31.641,12,17,87
ETH/USDT,15m,0.7,0.05,0.025,12,2.0,116,0.77,22.3,46.3,1.402,31.261,19,22,75
ETH/USDT,15m,0.7,0.05,0.025,16,2.0,116,0.77,22.3,48.1,1.372,30.584,25,27,64
ETH/USDT,15m,0.7,0.05,0.025,20,2.0,116,0.77,22.3,48.3,1.217,27.132,28,30,58
ETH/USDT,15m,0.7,0.05,0.025,24,2.0,116,0.77,22.3,50.0,1.339,29.841,33,33,50
ETH/USDT,15m,0.7,0.05,0.025,36,2.0,116,0.77,22.3,50.6,1.321,29.455,42,41,33
ETH/USDT,15m,0.7,0.05,0.025,48,2.0,116,0.77,22.3,52.7,1.338,29.837,48,43,25
ETH/USDT,15m,0.7,0.075,0.008,4,9.4,116,0.77,22.3,0.0,0.429,9.569,0,53,63
ETH/USDT,15m,0.7,0.075,0.008,6,9.4,116,0.77,22.3,3.3,0.73,16.278,2,58,56
ETH/USDT,15m,0.7,0.075,0.008,8,9.4,116,0.77,22.3,4.8,0.936,20.855,3,59,54
ETH/USDT,15m,0.7,0.075,0.008,12,9.4,116,0.77,22.3,4.7,0.815,18.158,3,61,52
ETH/USDT,15m,0.7,0.075,0.008,16,9.4,116,0.77,22.3,4.3,0.824,18.372,3,66,47
ETH/USDT,15m,0.7,0.075,0.008,20,9.4,116,0.77,22.3,6.2,0.75,16.717,5,76,35
ETH/USDT,15m,0.7,0.075,0.008,24,9.4,116,0.77,22.3,6.1,0.753,16.791,5,77,34
ETH/USDT,15m,0.7,0.075,0.008,36,9.4,116,0.77,22.3,11.4,0.9,20.073,10,78,28
ETH/USDT,15m,0.7,0.075,0.008,48,9.4,116,0.77,22.3,11.4,0.818,18.239,10,78,28
ETH/USDT,15m,0.7,0.075,0.01,4,7.5,116,0.77,22.3,0.0,0.493,10.99,0,41,75
ETH/USDT,15m,0.7,0.075,0.01,6,7.5,116,0.77,22.3,4.1,0.82,18.279,2,47,67
ETH/USDT,15m,0.7,0.075,0.01,8,7.5,116,0.77,22.3,7.4,1.082,24.124,4,50,62
ETH/USDT,15m,0.7,0.075,0.01,12,7.5,116,0.77,22.3,7.0,1.004,22.378,4,53,59
ETH/USDT,15m,0.7,0.075,0.01,16,7.5,116,0.77,22.3,6.6,0.947,21.103,4,57,55
ETH/USDT,15m,0.7,0.075,0.01,20,7.5,116,0.77,22.3,8.0,0.855,19.053,6,69,41
ETH/USDT,15m,0.7,0.075,0.01,24,7.5,116,0.77,22.3,7.7,0.822,18.331,6,72,38
ETH/USDT,15m,0.7,0.075,0.01,36,7.5,116,0.77,22.3,13.1,0.983,21.918,11,73,32
ETH/USDT,15m,0.7,0.075,0.01,48,7.5,116,0.77,22.3,13.1,0.871,19.41,11,73,32
ETH/USDT,15m,0.7,0.075,0.015,4,5.0,116,0.77,22.3,3.1,0.53,11.812,1,31,84
ETH/USDT,15m,0.7,0.075,0.015,6,5.0,116,0.77,22.3,7.9,0.866,19.295,3,35,78
ETH/USDT,15m,0.7,0.075,0.015,8,5.0,116,0.77,22.3,11.1,1.192,26.581,5,40,71
ETH/USDT,15m,0.7,0.075,0.015,12,5.0,116,0.77,22.3,12.5,1.141,25.433,6,42,68
ETH/USDT,15m,0.7,0.075,0.015,16,5.0,116,0.77,22.3,11.5,1.052,23.445,6,46,64
ETH/USDT,15m,0.7,0.075,0.015,20,5.0,116,0.77,22.3,12.9,0.947,21.099,8,54,54
ETH/USDT,15m,0.7,0.075,0.015,24,5.0,116,0.77,22.3,11.9,0.93,20.726,8,59,49
ETH/USDT,15m,0.7,0.075,0.015,36,5.0,116,0.77,22.3,16.7,0.994,22.159,13,65,38
ETH/USDT,15m,0.7,0.075,0.015,48,5.0,116,0.77,22.3,16.7,0.927,20.662,13,65,38
ETH/USDT,15m,0.7,0.075,0.02,4,3.8,116,0.77,22.3,7.1,0.671,14.959,1,13,102
ETH/USDT,15m,0.7,0.075,0.02,6,3.8,116,0.77,22.3,14.3,1.045,23.284,3,18,95
ETH/USDT,15m,0.7,0.075,0.02,8,3.8,116,0.77,22.3,17.2,1.454,32.401,5,24,87
ETH/USDT,15m,0.7,0.075,0.02,12,3.8,116,0.77,22.3,17.6,1.405,31.324,6,28,82
ETH/USDT,15m,0.7,0.075,0.02,16,3.8,116,0.77,22.3,15.8,1.398,31.17,6,32,78
ETH/USDT,15m,0.7,0.075,0.02,20,3.8,116,0.77,22.3,17.8,1.244,27.731,8,37,71
ETH/USDT,15m,0.7,0.075,0.02,24,3.8,116,0.77,22.3,17.0,1.316,29.332,8,39,69
ETH/USDT,15m,0.7,0.075,0.02,36,3.8,116,0.77,22.3,28.4,1.608,35.839,19,48,49
ETH/USDT,15m,0.7,0.075,0.02,48,3.8,116,0.77,22.3,30.0,1.592,35.497,21,49,46
ETH/USDT,15m,0.7,0.075,0.025,4,3.0,116,0.77,22.3,12.5,0.717,15.978,1,7,108
ETH/USDT,15m,0.7,0.075,0.025,6,3.0,116,0.77,22.3,23.1,1.107,24.668,3,10,103
ETH/USDT,15m,0.7,0.075,0.025,8,3.0,116,0.77,22.3,22.7,1.503,33.5,5,17,94
ETH/USDT,15m,0.7,0.075,0.025,12,3.0,116,0.77,22.3,21.4,1.444,32.193,6,22,88
ETH/USDT,15m,0.7,0.075,0.025,16,3.0,116,0.77,22.3,18.2,1.369,30.509,6,27,83
ETH/USDT,15m,0.7,0.075,0.025,20,3.0,116,0.77,22.3,21.1,1.213,27.044,8,30,78
ETH/USDT,15m,0.7,0.075,0.025,24,3.0,116,0.77,22.3,19.5,1.297,28.912,8,33,75
ETH/USDT,15m,0.7,0.075,0.025,36,3.0,116,0.77,22.3,31.7,1.605,35.769,19,41,56
ETH/USDT,15m,0.7,0.075,0.025,48,3.0,116,0.77,22.3,33.8,1.624,36.202,22,43,51
ETH/USDT,15m,0.7,0.1,0.008,4,12.5,116,0.77,22.3,0.0,0.429,9.569,0,53,63
ETH/USDT,15m,0.7,0.1,0.008,6,12.5,116,0.77,22.3,0.0,0.717,15.978,0,58,58
ETH/USDT,15m,0.7,0.1,0.008,8,12.5,116,0.77,22.3,1.7,0.94,20.959,1,59,56
ETH/USDT,15m,0.7,0.1,0.008,12,12.5,116,0.77,22.3,1.6,0.792,17.648,1,61,54
ETH/USDT,15m,0.7,0.1,0.008,16,12.5,116,0.77,22.3,1.5,0.799,17.81,1,66,49
ETH/USDT,15m,0.7,0.1,0.008,20,12.5,116,0.77,22.3,1.3,0.73,16.27,1,76,39
ETH/USDT,15m,0.7,0.1,0.008,24,12.5,116,0.77,22.3,2.5,0.754,16.818,2,77,37
ETH/USDT,15m,0.7,0.1,0.008,36,12.5,116,0.77,22.3,7.1,0.98,21.85,6,78,32
ETH/USDT,15m,0.7,0.1,0.008,48,12.5,116,0.77,22.3,7.1,0.876,19.522,6,78,32
ETH/USDT,15m,0.7,0.1,0.01,4,10.0,116,0.77,22.3,0.0,0.493,10.99,0,41,75
ETH/USDT,15m,0.7,0.1,0.01,6,10.0,116,0.77,22.3,0.0,0.807,17.98,0,47,69
ETH/USDT,15m,0.7,0.1,0.01,8,10.0,116,0.77,22.3,3.8,1.108,24.708,2,50,64
ETH/USDT,15m,0.7,0.1,0.01,12,10.0,116,0.77,22.3,3.6,1.003,22.349,2,53,61
ETH/USDT,15m,0.7,0.1,0.01,16,10.0,116,0.77,22.3,3.4,0.943,21.022,2,57,57
ETH/USDT,15m,0.7,0.1,0.01,20,10.0,116,0.77,22.3,2.8,0.856,19.086,2,69,45
ETH/USDT,15m,0.7,0.1,0.01,24,10.0,116,0.77,22.3,4.0,0.845,18.839,3,72,41
ETH/USDT,15m,0.7,0.1,0.01,36,10.0,116,0.77,22.3,8.8,1.085,24.176,7,73,36
ETH/USDT,15m,0.7,0.1,0.01,48,10.0,116,0.77,22.3,8.8,0.95,21.174,7,73,36
ETH/USDT,15m,0.7,0.1,0.015,4,6.7,116,0.77,22.3,0.0,0.526,11.73,0,31,85
ETH/USDT,15m,0.7,0.1,0.015,6,6.7,116,0.77,22.3,0.0,0.861,19.202,0,35,81
ETH/USDT,15m,0.7,0.1,0.015,8,6.7,116,0.77,22.3,7.0,1.24,27.646,3,40,73
ETH/USDT,15m,0.7,0.1,0.015,12,6.7,116,0.77,22.3,6.7,1.162,25.911,3,42,71
ETH/USDT,15m,0.7,0.1,0.015,16,6.7,116,0.77,22.3,6.1,1.057,23.573,3,46,67
ETH/USDT,15m,0.7,0.1,0.015,20,6.7,116,0.77,22.3,5.3,0.944,21.053,3,54,59
ETH/USDT,15m,0.7,0.1,0.015,24,6.7,116,0.77,22.3,6.3,0.954,21.265,4,59,53
ETH/USDT,15m,0.7,0.1,0.015,36,6.7,116,0.77,22.3,11.0,1.105,24.629,8,65,43
ETH/USDT,15m,0.7,0.1,0.015,48,6.7,116,0.77,22.3,11.0,1.017,22.661,8,65,43
ETH/USDT,15m,0.7,0.1,0.02,4,5.0,116,0.77,22.3,0.0,0.667,14.878,0,13,103
ETH/USDT,15m,0.7,0.1,0.02,6,5.0,116,0.77,22.3,0.0,1.04,23.19,0,18,98
ETH/USDT,15m,0.7,0.1,0.02,8,5.0,116,0.77,22.3,11.1,1.501,33.465,3,24,89
ETH/USDT,15m,0.7,0.1,0.02,12,5.0,116,0.77,22.3,9.7,1.427,31.802,3,28,85
ETH/USDT,15m,0.7,0.1,0.02,16,5.0,116,0.77,22.3,8.6,1.404,31.298,3,32,81
ETH/USDT,15m,0.7,0.1,0.02,20,5.0,116,0.77,22.3,7.5,1.242,27.685,3,37,76
ETH/USDT,15m,0.7,0.1,0.02,24,5.0,116,0.77,22.3,9.3,1.34,29.87,4,39,73
ETH/USDT,15m,0.7,0.1,0.02,36,5.0,116,0.77,22.3,14.3,1.695,37.774,8,48,60
ETH/USDT,15m,0.7,0.1,0.02,48,5.0,116,0.77,22.3,15.5,1.69,37.679,9,49,58
ETH/USDT,15m,0.7,0.1,0.025,4,4.0,116,0.77,22.3,0.0,0.713,15.897,0,7,109
ETH/USDT,15m,0.7,0.1,0.025,6,4.0,116,0.77,22.3,0.0,1.102,24.575,0,10,106
ETH/USDT,15m,0.7,0.1,0.025,8,4.0,116,0.77,22.3,15.0,1.551,34.564,3,17,96
ETH/USDT,15m,0.7,0.1,0.025,12,4.0,116,0.77,22.3,12.0,1.466,32.671,3,22,91
ETH/USDT,15m,0.7,0.1,0.025,16,4.0,116,0.77,22.3,10.0,1.374,30.637,3,27,86
ETH/USDT,15m,0.7,0.1,0.025,20,4.0,116,0.77,22.3,9.1,1.211,26.998,3,30,83
ETH/USDT,15m,0.7,0.1,0.025,24,4.0,116,0.77,22.3,10.8,1.321,29.451,4,33,79
ETH/USDT,15m,0.7,0.1,0.025,36,4.0,116,0.77,22.3,16.3,1.691,37.704,8,41,67
ETH/USDT,15m,0.7,0.1,0.025,48,4.0,116,0.77,22.3,17.3,1.725,38.442,9,43,64
XRP/USDT,15m,0.3,0.01,0.008,4,1.2,916,6.11,176.0,47.3,0.06,10.557,257,286,373
XRP/USDT,15m,0.3,0.01,0.008,6,1.2,916,6.11,176.0,48.0,0.06,10.572,316,342,258
XRP/USDT,15m,0.3,0.01,0.008,8,1.2,916,6.11,176.0,47.9,0.054,9.442,345,375,196
XRP/USDT,15m,0.3,0.01,0.008,12,1.2,916,6.11,176.0,46.9,0.045,7.972,376,425,115
XRP/USDT,15m,0.3,0.01,0.008,16,1.2,916,6.11,176.0,46.9,0.04,7.063,398,450,68
XRP/USDT,15m,0.3,0.01,0.008,20,1.2,916,6.11,176.0,45.8,0.024,4.185,406,480,30
XRP/USDT,15m,0.3,0.01,0.008,24,1.2,916,6.11,176.0,45.6,0.017,3.04,410,489,17
XRP/USDT,15m,0.3,0.01,0.008,36,1.2,916,6.11,176.0,45.3,0.015,2.712,412,498,6
XRP/USDT,15m,0.3,0.01,0.008,48,1.2,916,6.11,176.0,45.2,0.014,2.471,413,500,3
XRP/USDT,15m,0.3,0.015,0.008,4,1.9,916,6.11,176.0,36.2,0.11,19.414,166,292,458
XRP/USDT,15m,0.3,0.015,0.008,6,1.9,916,6.11,176.0,39.0,0.136,23.936,227,355,334
XRP/USDT,15m,0.3,0.015,0.008,8,1.9,916,6.11,176.0,40.5,0.144,25.281,265,390,261
XRP/USDT,15m,0.3,0.015,0.008,12,1.9,916,6.11,176.0,39.9,0.137,24.059,298,448,170
XRP/USDT,15m,0.3,0.015,0.008,16,1.9,916,6.11,176.0,39.7,0.129,22.789,315,478,123
XRP/USDT,15m,0.3,0.015,0.008,20,1.9,916,6.11,176.0,38.7,0.102,18.001,325,514,77
XRP/USDT,15m,0.3,0.015,0.008,24,1.9,916,6.11,176.0,38.3,0.083,14.593,331,533,52
XRP/USDT,15m,0.3,0.015,0.008,36,1.9,916,6.11,176.0,37.5,0.063,11.104,334,557,25
XRP/USDT,15m,0.3,0.015,0.008,48,1.9,916,6.11,176.0,37.6,0.068,11.934,341,565,10
XRP/USDT,15m,0.3,0.015,0.01,4,1.5,916,6.11,176.0,45.0,0.109,19.117,171,209,536
XRP/USDT,15m,0.3,0.015,0.01,6,1.5,916,6.11,176.0,45.9,0.139,24.444,237,279,400
XRP/USDT,15m,0.3,0.015,0.01,8,1.5,916,6.11,176.0,47.0,0.149,26.228,277,312,327
XRP/USDT,15m,0.3,0.015,0.01,12,1.5,916,6.11,176.0,46.5,0.15,26.348,316,364,236
XRP/USDT,15m,0.3,0.015,0.01,16,1.5,916,6.11,176.0,45.3,0.135,23.702,340,411,165
XRP/USDT,15m,0.3,0.015,0.01,20,1.5,916,6.11,176.0,44.0,0.103,18.201,353,450,113
XRP/USDT,15m,0.3,0.015,0.01,24,1.5,916,6.11,176.0,43.3,0.077,13.597,359,471,86
XRP/USDT,15m,0.3,0.015,0.01,36,1.5,916,6.11,176.0,41.8,0.047,8.214,365,508,43
XRP/USDT,15m,0.3,0.015,0.01,48,1.5,916,6.11,176.0,41.8,0.046,8.045,376,523,17
XRP/USDT,15m,0.3,0.02,0.008,4,2.5,916,6.11,176.0,25.8,0.147,25.924,102,293,521
XRP/USDT,15m,0.3,0.02,0.008,6,2.5,916,6.11,176.0,30.5,0.194,34.135,157,357,402
XRP/USDT,15m,0.3,0.02,0.008,8,2.5,916,6.11,176.0,33.8,0.221,38.855,201,393,322
XRP/USDT,15m,0.3,0.02,0.008,12,2.5,916,6.11,176.0,34.9,0.226,39.869,243,454,219
XRP/USDT,15m,0.3,0.02,0.008,16,2.5,916,6.11,176.0,34.6,0.209,36.841,260,491,165
XRP/USDT,15m,0.3,0.02,0.008,20,2.5,916,6.11,176.0,33.9,0.182,32.089,272,531,113
XRP/USDT,15m,0.3,0.02,0.008,24,2.5,916,6.11,176.0,33.7,0.159,27.909,280,551,85
XRP/USDT,15m,0.3,0.02,0.008,36,2.5,916,6.11,176.0,33.0,0.128,22.595,288,586,42
XRP/USDT,15m,0.3,0.02,0.008,48,2.5,916,6.11,176.0,33.3,0.136,23.949,299,600,17
XRP/USDT,15m,0.3,0.02,0.01,4,2.0,916,6.11,176.0,33.3,0.146,25.619,105,210,601
XRP/USDT,15m,0.3,0.02,0.01,6,2.0,916,6.11,176.0,37.1,0.203,35.675,165,280,471
XRP/USDT,15m,0.3,0.02,0.01,8,2.0,916,6.11,176.0,40.3,0.234,41.197,212,314,390
XRP/USDT,15m,0.3,0.02,0.01,12,2.0,916,6.11,176.0,41.0,0.249,43.851,255,367,294
XRP/USDT,15m,0.3,0.02,0.01,16,2.0,916,6.11,176.0,39.9,0.225,39.554,279,420,217
XRP/USDT,15m,0.3,0.02,0.01,20,2.0,916,6.11,176.0,39.1,0.197,34.701,296,462,158
XRP/USDT,15m,0.3,0.02,0.01,24,2.0,916,6.11,176.0,38.5,0.162,28.515,305,487,124
XRP/USDT,15m,0.3,0.02,0.01,36,2.0,916,6.11,176.0,37.2,0.119,21.006,316,534,66
XRP/USDT,15m,0.3,0.02,0.01,48,2.0,916,6.11,176.0,37.3,0.123,21.619,330,555,31
XRP/USDT,15m,0.3,0.02,0.015,4,1.3,916,6.11,176.0,56.4,0.174,30.558,114,88,714
XRP/USDT,15m,0.3,0.02,0.015,6,1.3,916,6.11,176.0,58.1,0.229,40.327,176,127,613
XRP/USDT,15m,0.3,0.02,0.015,8,1.3,916,6.11,176.0,57.1,0.258,45.38,226,170,520
XRP/USDT,15m,0.3,0.02,0.015,12,1.3,916,6.11,176.0,55.0,0.266,46.755,274,224,418
XRP/USDT,15m,0.3,0.02,0.015,16,1.3,916,6.11,176.0,52.8,0.221,38.96,300,268,348
XRP/USDT,15m,0.3,0.02,0.015,20,1.3,916,6.11,176.0,50.6,0.187,32.841,317,310,289
XRP/USDT,15m,0.3,0.02,0.015,24,1.3,916,6.11,176.0,48.2,0.126,22.256,328,353,235
XRP/USDT,15m,0.3,0.02,0.015,36,1.3,916,6.11,176.0,44.8,0.035,6.194,343,423,150
XRP/USDT,15m,0.3,0.02,0.015,48,1.3,916,6.11,176.0,43.9,0.035,6.178,368,471,77
XRP/USDT,15m,0.3,0.025,0.008,4,3.1,916,6.11,176.0,16.9,0.158,27.728,60,295,561
XRP/USDT,15m,0.3,0.025,0.008,6,3.1,916,6.11,176.0,22.7,0.228,40.109,106,361,449
XRP/USDT,15m,0.3,0.025,0.008,8,3.1,916,6.11,176.0,27.6,0.277,48.753,151,397,368
XRP/USDT,15m,0.3,0.025,0.008,12,3.1,916,6.11,176.0,28.9,0.286,50.288,187,460,269
XRP/USDT,15m,0.3,0.025,0.008,16,3.1,916,6.11,176.0,30.4,0.285,50.253,217,497,202
XRP/USDT,15m,0.3,0.025,0.008,20,3.1,916,6.11,176.0,29.6,0.256,45.107,226,538,152
XRP/USDT,15m,0.3,0.025,0.008,24,3.1,916,6.11,176.0,29.4,0.22,38.745,234,561,121
XRP/USDT,15m,0.3,0.025,0.008,36,3.1,916,6.11,176.0,28.6,0.164,28.848,242,605,69
XRP/USDT,15m,0.3,0.025,0.008,48,3.1,916,6.11,176.0,28.3,0.163,28.62,247,625,44
XRP/USDT,15m,0.3,0.025,0.01,4,2.5,916,6.11,176.0,22.6,0.157,27.557,62,212,642
XRP/USDT,15m,0.3,0.025,0.01,6,2.5,916,6.11,176.0,28.3,0.237,41.746,112,284,520
XRP/USDT,15m,0.3,0.025,0.01,8,2.5,916,6.11,176.0,33.2,0.288,50.747,158,318,440
XRP/USDT,15m,0.3,0.025,0.01,12,2.5,916,6.11,176.0,34.6,0.308,54.258,197,373,346
XRP/USDT,15m,0.3,0.025,0.01,16,2.5,916,6.11,176.0,35.1,0.301,53.051,230,426,260
XRP/USDT,15m,0.3,0.025,0.01,20,2.5,916,6.11,176.0,34.3,0.274,48.305,245,469,202
XRP/USDT,15m,0.3,0.025,0.01,24,2.5,916,6.11,176.0,33.9,0.227,40.026,255,498,163
XRP/USDT,15m,0.3,0.025,0.01,36,2.5,916,6.11,176.0,32.5,0.159,27.918,267,554,95
XRP/USDT,15m,0.3,0.025,0.01,48,2.5,916,6.11,176.0,32.2,0.154,27.188,275,580,61
XRP/USDT,15m,0.3,0.025,0.015,4,1.7,916,6.11,176.0,43.7,0.187,32.985,69,89,758
XRP/USDT,15m,0.3,0.025,0.015,6,1.7,916,6.11,176.0,48.2,0.268,47.136,121,130,665
XRP/USDT,15m,0.3,0.025,0.015,8,1.7,916,6.11,176.0,49.3,0.318,55.998,168,173,575
XRP/USDT,15m,0.3,0.025,0.015,12,1.7,916,6.11,176.0,48.0,0.329,57.997,211,229,476
XRP/USDT,15m,0.3,0.025,0.015,16,1.7,916,6.11,176.0,47.4,0.299,52.627,246,273,397
XRP/USDT,15m,0.3,0.025,0.015,20,1.7,916,6.11,176.0,45.3,0.264,46.488,262,316,338
XRP/USDT,15m,0.3,0.025,0.015,24,1.7,916,6.11,176.0,42.9,0.192,33.779,274,364,278
XRP/USDT,15m,0.3,0.025,0.015,36,1.7,916,6.11,176.0,39.6,0.069,12.169,291,443,182
XRP/USDT,15m,0.3,0.025,0.015,48,1.7,916,6.11,176.0,38.6,0.067,11.823,309,491,116
XRP/USDT,15m,0.3,0.025,0.02,4,1.2,916,6.11,176.0,61.2,0.197,34.653,71,45,800
XRP/USDT,15m,0.3,0.025,0.02,6,1.2,916,6.11,176.0,60.6,0.271,47.708,123,80,713
XRP/USDT,15m,0.3,0.025,0.02,8,1.2,916,6.11,176.0,61.8,0.316,55.55,170,105,641
XRP/USDT,15m,0.3,0.025,0.02,12,1.2,916,6.11,176.0,60.9,0.344,60.595,218,140,558
XRP/USDT,15m,0.3,0.025,0.02,16,1.2,916,6.11,176.0,58.8,0.296,52.17,254,178,484
XRP/USDT,15m,0.3,0.025,0.02,20,1.2,916,6.11,176.0,55.6,0.247,43.563,270,216,430
XRP/USDT,15m,0.3,0.025,0.02,24,1.2,916,6.11,176.0,52.2,0.147,25.839,282,258,376
XRP/USDT,15m,0.3,0.025,0.02,36,1.2,916,6.11,176.0,46.0,-0.006,-1.048,302,354,260
XRP/USDT,15m,0.3,0.025,0.02,48,1.2,916,6.11,176.0,43.8,-0.037,-6.464,323,414,179
XRP/USDT,15m,0.3,0.03,0.008,4,3.8,916,6.11,176.0,12.5,0.173,30.399,42,295,579
XRP/USDT,15m,0.3,0.03,0.008,6,3.8,916,6.11,176.0,17.4,0.249,43.849,76,362,478
XRP/USDT,15m,0.3,0.03,0.008,8,3.8,916,6.11,176.0,20.0,0.302,53.123,100,399,417
XRP/USDT,15m,0.3,0.03,0.008,12,3.8,916,6.11,176.0,23.3,0.318,55.969,141,465,310
XRP/USDT,15m,0.3,0.03,0.008,16,3.8,916,6.11,176.0,24.7,0.312,54.857,165,504,247
XRP/USDT,15m,0.3,0.03,0.008,20,3.8,916,6.11,176.0,25.0,0.29,51.091,182,546,188
XRP/USDT,15m,0.3,0.03,0.008,24,3.8,916,6.11,176.0,25.3,0.259,45.619,193,571,152
XRP/USDT,15m,0.3,0.03,0.008,36,3.8,916,6.11,176.0,24.6,0.183,32.269,202,620,94
XRP/USDT,15m,0.3,0.03,0.008,48,3.8,916,6.11,176.0,24.3,0.175,30.727,207,644,65
XRP/USDT,15m,0.3,0.03,0.01,4,3.0,916,6.11,176.0,16.9,0.172,30.272,43,212,661
XRP/USDT,15m,0.3,0.03,0.01,6,3.0,916,6.11,176.0,22.1,0.261,45.934,81,285,550
XRP/USDT,15m,0.3,0.03,0.01,8,3.0,916,6.11,176.0,25.1,0.319,56.138,107,319,490
XRP/USDT,15m,0.3,0.03,0.01,12,3.0,916,6.11,176.0,28.3,0.343,60.332,149,377,390
XRP/USDT,15m,0.3,0.03,0.01,16,3.0,916,6.11,176.0,28.8,0.329,57.925,175,432,309
XRP/USDT,15m,0.3,0.03,0.01,20,3.0,916,6.11,176.0,28.8,0.307,53.979,193,477,246
XRP/USDT,15m,0.3,0.03,0.01,24,3.0,916,6.11,176.0,29.1,0.267,46.915,208,508,200
XRP/USDT,15m,0.3,0.03,0.01,36,3.0,916,6.11,176.0,28.2,0.179,31.575,223,569,124
XRP/USDT,15m,0.3,0.03,0.01,48,3.0,916,6.11,176.0,27.9,0.169,29.762,231,598,87
XRP/USDT,15m,0.3,0.03,0.015,4,2.0,916,6.11,176.0,35.0,0.203,35.797,48,89,779
XRP/USDT,15m,0.3,0.03,0.015,6,2.0,916,6.11,176.0,40.2,0.292,51.338,88,131,697
XRP/USDT,15m,0.3,0.03,0.015,8,2.0,916,6.11,176.0,39.7,0.348,61.291,115,175,626
XRP/USDT,15m,0.3,0.03,0.015,12,2.0,916,6.11,176.0,40.7,0.363,63.855,160,233,523
XRP/USDT,15m,0.3,0.03,0.015,16,2.0,916,6.11,176.0,40.4,0.324,57.091,189,279,448
XRP/USDT,15m,0.3,0.03,0.015,20,2.0,916,6.11,176.0,39.0,0.295,51.931,207,324,385
XRP/USDT,15m,0.3,0.03,0.015,24,2.0,916,6.11,176.0,37.5,0.228,40.115,224,374,318
XRP/USDT,15m,0.3,0.03,0.015,36,2.0,916,6.11,176.0,34.7,0.087,15.304,243,458,215
XRP/USDT,15m,0.3,0.03,0.015,48,2.0,916,6.11,176.0,33.6,0.073,12.863,257,509,150
XRP/USDT,15m,0.3,0.03,0.02,4,1.5,916,6.11,176.0,52.1,0.212,37.398,49,45,822
XRP/USDT,15m,0.3,0.03,0.02,6,1.5,916,6.11,176.0,52.7,0.295,51.961,89,80,747
XRP/USDT,15m,0.3,0.03,0.02,8,1.5,916,6.11,176.0,52.3,0.346,60.984,116,106,694
XRP/USDT,15m,0.3,0.03,0.02,12,1.5,916,6.11,176.0,54.2,0.384,67.62,167,141,608
XRP/USDT,15m,0.3,0.03,0.02,16,1.5,916,6.11,176.0,52.0,0.331,58.306,196,181,539
XRP/USDT,15m,0.3,0.03,0.02,20,1.5,916,6.11,176.0,49.5,0.292,51.472,215,219,482
XRP/USDT,15m,0.3,0.03,0.02,24,1.5,916,6.11,176.0,47.1,0.2,35.154,233,262,421
XRP/USDT,15m,0.3,0.03,0.02,36,1.5,916,6.11,176.0,41.0,0.018,3.253,253,364,299
XRP/USDT,15m,0.3,0.03,0.02,48,1.5,916,6.11,176.0,38.7,-0.029,-5.184,270,428,218
XRP/USDT,15m,0.3,0.03,0.025,4,1.2,916,6.11,176.0,57.6,0.202,35.474,49,36,831
XRP/USDT,15m,0.3,0.03,0.025,6,1.2,916,6.11,176.0,62.3,0.292,51.328,91,55,770
XRP/USDT,15m,0.3,0.03,0.025,8,1.2,916,6.11,176.0,64.1,0.34,59.826,118,66,732
XRP/USDT,15m,0.3,0.03,0.025,12,1.2,916,6.11,176.0,63.2,0.375,65.929,170,99,647
XRP/USDT,15m,0.3,0.03,0.025,16,1.2,916,6.11,176.0,60.3,0.315,55.517,199,131,586
XRP/USDT,15m,0.3,0.03,0.025,20,1.2,916,6.11,176.0,57.2,0.253,44.572,218,163,535
XRP/USDT,15m,0.3,0.03,0.025,24,1.2,916,6.11,176.0,54.9,0.153,26.951,236,194,486
XRP/USDT,15m,0.3,0.03,0.025,36,1.2,916,6.11,176.0,47.4,-0.04,-7.035,257,285,374
XRP/USDT,15m,0.3,0.03,0.025,48,1.2,916,6.11,176.0,43.6,-0.12,-21.21,275,356,285
XRP/USDT,15m,0.3,0.04,0.008,4,5.0,916,6.11,176.0,5.7,0.175,30.881,18,296,602
XRP/USDT,15m,0.3,0.04,0.008,6,5.0,916,6.11,176.0,8.3,0.25,43.964,33,365,518
XRP/USDT,15m,0.3,0.04,0.008,8,5.0,916,6.11,176.0,11.0,0.31,54.533,50,403,463
XRP/USDT,15m,0.3,0.04,0.008,12,5.0,916,6.11,176.0,13.3,0.329,57.855,72,470,374
XRP/USDT,15m,0.3,0.04,0.008,16,5.0,916,6.11,176.0,16.0,0.325,57.264,98,516,302
XRP/USDT,15m,0.3,0.04,0.008,20,5.0,916,6.11,176.0,16.4,0.306,53.836,110,560,246
XRP/USDT,15m,0.3,0.04,0.008,24,5.0,916,6.11,176.0,16.9,0.275,48.414,119,586,211
XRP/USDT,15m,0.3,0.04,0.008,36,5.0,916,6.11,176.0,17.6,0.21,36.986,136,635,145
XRP/USDT,15m,0.3,0.04,0.008,48,5.0,916,6.11,176.0,17.3,0.193,34.024,138,659,119
XRP/USDT,15m,0.3,0.04,0.01,4,4.0,916,6.11,176.0,7.8,0.174,30.558,18,213,685
XRP/USDT,15m,0.3,0.04,0.01,6,4.0,916,6.11,176.0,10.3,0.259,45.567,33,288,595
XRP/USDT,15m,0.3,0.04,0.01,8,4.0,916,6.11,176.0,13.9,0.326,57.362,52,323,541
XRP/USDT,15m,0.3,0.04,0.01,12,4.0,916,6.11,176.0,17.0,0.357,62.781,78,382,456
XRP/USDT,15m,0.3,0.04,0.01,16,4.0,916,6.11,176.0,19.0,0.343,60.429,104,444,368
XRP/USDT,15m,0.3,0.04,0.01,20,4.0,916,6.11,176.0,19.2,0.321,56.553,117,491,308
XRP/USDT,15m,0.3,0.04,0.01,24,4.0,916,6.11,176.0,19.5,0.283,49.749,127,523,266
XRP/USDT,15m,0.3,0.04,0.01,36,4.0,916,6.11,176.0,20.2,0.206,36.266,148,584,184
XRP/USDT,15m,0.3,0.04,0.01,48,4.0,916,6.11,176.0,20.0,0.191,33.664,153,613,150
XRP/USDT,15m,0.3,0.04,0.015,4,2.7,916,6.11,176.0,18.3,0.206,36.18,20,89,807
XRP/USDT,15m,0.3,0.04,0.015,6,2.7,916,6.11,176.0,21.2,0.29,51.063,36,134,746
XRP/USDT,15m,0.3,0.04,0.015,8,2.7,916,6.11,176.0,23.8,0.355,62.475,56,179,681
XRP/USDT,15m,0.3,0.04,0.015,12,2.7,916,6.11,176.0,25.9,0.377,66.338,83,237,596
XRP/USDT,15m,0.3,0.04,0.015,16,2.7,916,6.11,176.0,28.8,0.347,61.151,115,284,517
XRP/USDT,15m,0.3,0.04,0.015,20,2.7,916,6.11,176.0,27.9,0.328,57.808,128,330,458
XRP/USDT,15m,0.3,0.04,0.015,24,2.7,916,6.11,176.0,27.1,0.276,48.608,141,380,395
XRP/USDT,15m,0.3,0.04,0.015,36,2.7,916,6.11,176.0,26.2,0.144,25.338,166,467,283
XRP/USDT,15m,0.3,0.04,0.015,48,2.7,916,6.11,176.0,24.8,0.114,20.055,172,521,223
XRP/USDT,15m,0.3,0.04,0.02,4,2.0,916,6.11,176.0,31.8,0.216,37.973,21,45,850
XRP/USDT,15m,0.3,0.04,0.02,6,2.0,916,6.11,176.0,31.1,0.294,51.787,37,82,797
XRP/USDT,15m,0.3,0.04,0.02,8,2.0,916,6.11,176.0,34.1,0.352,61.975,57,110,749
XRP/USDT,15m,0.3,0.04,0.02,12,2.0,916,6.11,176.0,37.8,0.402,70.686,88,145,683
XRP/USDT,15m,0.3,0.04,0.02,16,2.0,916,6.11,176.0,39.5,0.36,63.334,121,185,610
XRP/USDT,15m,0.3,0.04,0.02,20,2.0,916,6.11,176.0,37.7,0.334,58.769,135,223,558
XRP/USDT,15m,0.3,0.04,0.02,24,2.0,916,6.11,176.0,35.7,0.26,45.73,148,266,502
XRP/USDT,15m,0.3,0.04,0.02,36,2.0,916,6.11,176.0,32.5,0.096,16.956,178,370,368
XRP/USDT,15m,0.3,0.04,0.02,48,2.0,916,6.11,176.0,30.0,0.038,6.734,187,437,292
XRP/USDT,15m,0.3,0.04,0.025,4,1.6,916,6.11,176.0,36.8,0.205,36.049,21,36,859
XRP/USDT,15m,0.3,0.04,0.025,6,1.6,916,6.11,176.0,40.4,0.291,51.258,38,56,822
XRP/USDT,15m,0.3,0.04,0.025,8,1.6,916,6.11,176.0,45.7,0.346,60.817,59,70,787
XRP/USDT,15m,0.3,0.04,0.025,12,1.6,916,6.11,176.0,46.9,0.393,69.187,91,103,722
XRP/USDT,15m,0.3,0.04,0.025,16,1.6,916,6.11,176.0,47.9,0.345,60.737,124,135,657
XRP/USDT,15m,0.3,0.04,0.025,20,1.6,916,6.11,176.0,45.2,0.296,52.061,138,167,611
XRP/USDT,15m,0.3,0.04,0.025,24,1.6,916,6.11,176.0,43.3,0.214,37.719,151,198,567
XRP/USDT,15m,0.3,0.04,0.025,36,1.6,916,6.11,176.0,38.6,0.04,7.077,182,290,444
XRP/USDT,15m,0.3,0.04,0.025,48,1.6,916,6.11,176.0,34.5,-0.052,-9.196,192,365,359
XRP/USDT,15m,0.3,0.05,0.008,4,6.2,916,6.11,176.0,2.3,0.174,30.555,7,296,613
XRP/USDT,15m,0.3,0.05,0.008,6,6.2,916,6.11,176.0,3.2,0.241,42.406,12,365,539
XRP/USDT,15m,0.3,0.05,0.008,8,6.2,916,6.11,176.0,5.4,0.305,53.63,23,404,489
XRP/USDT,15m,0.3,0.05,0.008,12,6.2,916,6.11,176.0,8.5,0.348,61.179,44,472,400
XRP/USDT,15m,0.3,0.05,0.008,16,6.2,916,6.11,176.0,10.8,0.357,62.794,63,518,335
XRP/USDT,15m,0.3,0.05,0.008,20,6.2,916,6.11,176.0,11.4,0.34,59.89,72,562,282
XRP/USDT,15m,0.3,0.05,0.008,24,6.2,916,6.11,176.0,12.2,0.319,56.068,82,588,246
XRP/USDT,15m,0.3,0.05,0.008,36,6.2,916,6.11,176.0,12.4,0.26,45.739,90,637,189
XRP/USDT,15m,0.3,0.05,0.008,48,6.2,916,6.11,176.0,12.8,0.23,40.565,97,661,158
XRP/USDT,15m,0.3,0.05,0.01,4,5.0,916,6.11,176.0,3.2,0.172,30.232,7,213,696
XRP/USDT,15m,0.3,0.05,0.01,6,5.0,916,6.11,176.0,4.0,0.25,44.009,12,288,616
XRP/USDT,15m,0.3,0.05,0.01,8,5.0,916,6.11,176.0,6.9,0.326,57.361,24,323,569
XRP/USDT,15m,0.3,0.05,0.01,12,5.0,916,6.11,176.0,11.5,0.387,68.132,50,383,483
XRP/USDT,15m,0.3,0.05,0.01,16,5.0,916,6.11,176.0,13.4,0.385,67.841,69,445,402
XRP/USDT,15m,0.3,0.05,0.01,20,5.0,916,6.11,176.0,13.7,0.367,64.665,78,492,346
XRP/USDT,15m,0.3,0.05,0.01,24,5.0,916,6.11,176.0,14.4,0.337,59.4,88,524,304
XRP/USDT,15m,0.3,0.05,0.01,36,5.0,916,6.11,176.0,14.6,0.272,47.83,100,585,231
XRP/USDT,15m,0.3,0.05,0.01,48,5.0,916,6.11,176.0,15.2,0.246,43.301,110,614,192
XRP/USDT,15m,0.3,0.05,0.015,4,3.3,916,6.11,176.0,8.2,0.202,35.537,8,89,819
XRP/USDT,15m,0.3,0.05,0.015,6,3.3,916,6.11,176.0,9.5,0.278,48.95,14,134,768
XRP/USDT,15m,0.3,0.05,0.015,8,3.3,916,6.11,176.0,13.1,0.355,62.436,27,179,710
XRP/USDT,15m,0.3,0.05,0.015,12,3.3,916,6.11,176.0,18.5,0.406,71.491,54,238,624
XRP/USDT,15m,0.3,0.05,0.015,16,3.3,916,6.11,176.0,20.8,0.39,68.618,75,285,556
XRP/USDT,15m,0.3,0.05,0.015,20,3.3,916,6.11,176.0,20.4,0.376,66.171,85,332,499
XRP/USDT,15m,0.3,0.05,0.015,24,3.3,916,6.11,176.0,20.6,0.337,59.284,99,382,435
XRP/USDT,15m,0.3,0.05,0.015,36,3.3,916,6.11,176.0,19.4,0.217,38.176,113,469,334
XRP/USDT,15m,0.3,0.05,0.015,48,3.3,916,6.11,176.0,19.2,0.173,30.536,124,523,269
XRP/USDT,15m,0.3,0.05,0.02,4,2.5,916,6.11,176.0,15.1,0.212,37.232,8,45,863
XRP/USDT,15m,0.3,0.05,0.02,6,2.5,916,6.11,176.0,14.6,0.282,49.62,14,82,820
XRP/USDT,15m,0.3,0.05,0.02,8,2.5,916,6.11,176.0,20.3,0.353,62.128,28,110,778
XRP/USDT,15m,0.3,0.05,0.02,12,2.5,916,6.11,176.0,28.1,0.433,76.22,57,146,713
XRP/USDT,15m,0.3,0.05,0.02,16,2.5,916,6.11,176.0,29.5,0.403,70.953,78,186,652
XRP/USDT,15m,0.3,0.05,0.02,20,2.5,916,6.11,176.0,28.6,0.384,67.539,90,225,601
XRP/USDT,15m,0.3,0.05,0.02,24,2.5,916,6.11,176.0,28.2,0.323,56.853,105,268,543
XRP/USDT,15m,0.3,0.05,0.02,36,2.5,916,6.11,176.0,24.5,0.175,30.828,121,372,423
XRP/USDT,15m,0.3,0.05,0.02,48,2.5,916,6.11,176.0,23.4,0.103,18.09,134,439,343
XRP/USDT,15m,0.3,0.05,0.025,4,2.0,916,6.11,176.0,18.2,0.201,35.309,8,36,872
XRP/USDT,15m,0.3,0.05,0.025,6,2.0,916,6.11,176.0,21.1,0.28,49.283,15,56,845
XRP/USDT,15m,0.3,0.05,0.025,8,2.0,916,6.11,176.0,30.0,0.349,61.355,30,70,816
XRP/USDT,15m,0.3,0.05,0.025,12,2.0,916,6.11,176.0,36.2,0.425,74.874,59,104,753
XRP/USDT,15m,0.3,0.05,0.025,16,2.0,916,6.11,176.0,37.0,0.389,68.453,80,136,700
XRP/USDT,15m,0.3,0.05,0.025,20,2.0,916,6.11,176.0,35.2,0.345,60.678,92,169,655
XRP/USDT,15m,0.3,0.05,0.025,24,2.0,916,6.11,176.0,34.9,0.275,48.458,107,200,609
XRP/USDT,15m,0.3,0.05,0.025,36,2.0,916,6.11,176.0,29.6,0.117,20.647,123,292,501
XRP/USDT,15m,0.3,0.05,0.025,48,2.0,916,6.11,176.0,27.2,0.012,2.03,137,367,412
XRP/USDT,15m,0.3,0.075,0.008,4,9.4,916,6.11,176.0,0.3,0.169,29.676,1,296,619
XRP/USDT,15m,0.3,0.075,0.008,6,9.4,916,6.11,176.0,0.5,0.229,40.336,2,366,548
XRP/USDT,15m,0.3,0.075,0.008,8,9.4,916,6.11,176.0,0.7,0.291,51.201,3,406,507
XRP/USDT,15m,0.3,0.075,0.008,12,9.4,916,6.11,176.0,1.7,0.334,58.793,8,474,434
XRP/USDT,15m,0.3,0.075,0.008,16,9.4,916,6.11,176.0,4.1,0.371,65.307,22,520,374
XRP/USDT,15m,0.3,0.075,0.008,20,9.4,916,6.11,176.0,4.9,0.365,64.281,29,565,322
XRP/USDT,15m,0.3,0.075,0.008,24,9.4,916,6.11,176.0,6.2,0.343,60.418,39,595,282
XRP/USDT,15m,0.3,0.075,0.008,36,9.4,916,6.11,176.0,7.3,0.327,57.481,51,646,219
XRP/USDT,15m,0.3,0.075,0.008,48,9.4,916,6.11,176.0,7.2,0.295,51.916,52,670,194
XRP/USDT,15m,0.3,0.075,0.01,4,7.5,916,6.11,176.0,0.5,0.167,29.353,1,213,702
XRP/USDT,15m,0.3,0.075,0.01,6,7.5,916,6.11,176.0,0.7,0.238,41.901,2,289,625
XRP/USDT,15m,0.3,0.075,0.01,8,7.5,916,6.11,176.0,0.9,0.311,54.753,3,325,588
XRP/USDT,15m,0.3,0.075,0.01,12,7.5,916,6.11,176.0,2.5,0.376,66.163,10,385,521
XRP/USDT,15m,0.3,0.075,0.01,16,7.5,916,6.11,176.0,5.1,0.4,70.329,24,447,445
XRP/USDT,15m,0.3,0.075,0.01,20,7.5,916,6.11,176.0,5.9,0.388,68.373,31,495,390
XRP/USDT,15m,0.3,0.075,0.01,24,7.5,916,6.11,176.0,7.3,0.364,64.012,42,531,343
XRP/USDT,15m,0.3,0.075,0.01,36,7.5,916,6.11,176.0,8.9,0.354,62.329,58,594,264
XRP/USDT,15m,0.3,0.075,0.01,48,7.5,916,6.11,176.0,8.8,0.328,57.734,60,623,233
XRP/USDT,15m,0.3,0.075,0.015,4,5.0,916,6.11,176.0,1.1,0.197,34.739,1,89,826
XRP/USDT,15m,0.3,0.075,0.015,6,5.0,916,6.11,176.0,2.2,0.267,46.962,3,135,778
XRP/USDT,15m,0.3,0.075,0.015,8,5.0,916,6.11,176.0,2.2,0.34,59.889,4,181,731
XRP/USDT,15m,0.3,0.075,0.015,12,5.0,916,6.11,176.0,4.8,0.398,70.107,12,240,664
XRP/USDT,15m,0.3,0.075,0.015,16,5.0,916,6.11,176.0,8.3,0.405,71.295,26,287,603
XRP/USDT,15m,0.3,0.075,0.015,20,5.0,916,6.11,176.0,9.5,0.404,71.163,35,334,547
XRP/USDT,15m,0.3,0.075,0.015,24,5.0,916,6.11,176.0,10.6,0.368,64.713,46,389,481
XRP/USDT,15m,0.3,0.075,0.015,36,5.0,916,6.11,176.0,12.1,0.317,55.86,66,478,372
XRP/USDT,15m,0.3,0.075,0.015,48,5.0,916,6.11,176.0,11.5,0.275,48.428,69,532,315
XRP/USDT,15m,0.3,0.075,0.02,4,3.8,916,6.11,176.0,2.2,0.207,36.435,1,45,870
XRP/USDT,15m,0.3,0.075,0.02,6,3.8,916,6.11,176.0,3.5,0.27,47.536,3,83,830
XRP/USDT,15m,0.3,0.075,0.02,8,3.8,916,6.11,176.0,4.3,0.34,59.87,5,112,799
XRP/USDT,15m,0.3,0.075,0.02,12,3.8,916,6.11,176.0,8.1,0.427,75.153,13,148,755
XRP/USDT,15m,0.3,0.075,0.02,16,3.8,916,6.11,176.0,12.6,0.417,73.331,27,188,701
XRP/USDT,15m,0.3,0.075,0.02,20,3.8,916,6.11,176.0,14.3,0.416,73.196,38,227,651
XRP/USDT,15m,0.3,0.075,0.02,24,3.8,916,6.11,176.0,15.5,0.359,63.151,50,273,593
XRP/USDT,15m,0.3,0.075,0.02,36,3.8,916,6.11,176.0,15.5,0.28,49.259,70,381,465
XRP/USDT,15m,0.3,0.075,0.02,48,3.8,916,6.11,176.0,14.3,0.215,37.831,75,448,393
XRP/USDT,15m,0.3,0.075,0.025,4,3.0,916,6.11,176.0,2.7,0.196,34.511,1,36,879
XRP/USDT,15m,0.3,0.075,0.025,6,3.0,916,6.11,176.0,6.6,0.27,47.584,4,57,855
XRP/USDT,15m,0.3,0.075,0.025,8,3.0,916,6.11,176.0,8.9,0.34,59.865,7,72,837
XRP/USDT,15m,0.3,0.075,0.025,12,3.0,916,6.11,176.0,12.4,0.424,74.576,15,106,795
XRP/USDT,15m,0.3,0.075,0.025,16,3.0,916,6.11,176.0,17.4,0.407,71.599,29,138,749
XRP/USDT,15m,0.3,0.075,0.025,20,3.0,916,6.11,176.0,19.0,0.381,67.104,40,171,705
XRP/USDT,15m,0.3,0.075,0.025,24,3.0,916,6.11,176.0,20.4,0.316,55.598,52,203,661
XRP/USDT,15m,0.3,0.075,0.025,36,3.0,916,6.11,176.0,19.3,0.223,39.174,72,301,543
XRP/USDT,15m,0.3,0.075,0.025,48,3.0,916,6.11,176.0,17.0,0.124,21.867,77,376,463
XRP/USDT,15m,0.3,0.1,0.008,4,12.5,916,6.11,176.0,0.0,0.169,29.712,0,296,620
XRP/USDT,15m,0.3,0.1,0.008,6,12.5,916,6.11,176.0,0.3,0.231,40.719,1,366,549
XRP/USDT,15m,0.3,0.1,0.008,8,12.5,916,6.11,176.0,0.2,0.293,51.583,1,406,509
XRP/USDT,15m,0.3,0.1,0.008,12,12.5,916,6.11,176.0,0.6,0.339,59.751,3,474,439
XRP/USDT,15m,0.3,0.1,0.008,16,12.5,916,6.11,176.0,1.1,0.376,66.213,6,520,390
XRP/USDT,15m,0.3,0.1,0.008,20,12.5,916,6.11,176.0,2.6,0.383,67.448,15,565,336
XRP/USDT,15m,0.3,0.1,0.008,24,12.5,916,6.11,176.0,3.1,0.362,63.678,19,595,302
XRP/USDT,15m,0.3,0.1,0.008,36,12.5,916,6.11,176.0,5.1,0.371,65.269,35,651,230
XRP/USDT,15m,0.3,0.1,0.008,48,12.5,916,6.11,176.0,5.5,0.341,60.012,39,676,201
XRP/USDT,15m,0.3,0.1,0.01,4,10.0,916,6.11,176.0,0.0,0.167,29.389,0,213,703
XRP/USDT,15m,0.3,0.1,0.01,6,10.0,916,6.11,176.0,0.3,0.24,42.284,1,289,626
XRP/USDT,15m,0.3,0.1,0.01,8,10.0,916,6.11,176.0,0.3,0.313,55.136,1,325,590
XRP/USDT,15m,0.3,0.1,0.01,12,10.0,916,6.11,176.0,0.8,0.382,67.28,3,385,528
XRP/USDT,15m,0.3,0.1,0.01,16,10.0,916,6.11,176.0,1.5,0.398,70.081,7,448,461
XRP/USDT,15m,0.3,0.1,0.01,20,10.0,916,6.11,176.0,3.1,0.4,70.386,16,496,404
XRP/USDT,15m,0.3,0.1,0.01,24,10.0,916,6.11,176.0,3.6,0.376,66.15,20,532,364
XRP/USDT,15m,0.3,0.1,0.01,36,10.0,916,6.11,176.0,6.0,0.4,70.382,38,600,278
XRP/USDT,15m,0.3,0.1,0.01,48,10.0,916,6.11,176.0,6.8,0.382,67.329,46,630,240
XRP/USDT,15m,0.3,0.1,0.015,4,6.7,916,6.11,176.0,0.0,0.198,34.775,0,89,827
XRP/USDT,15m,0.3,0.1,0.015,6,6.7,916,6.11,176.0,0.7,0.269,47.292,1,135,780
XRP/USDT,15m,0.3,0.1,0.015,8,6.7,916,6.11,176.0,0.5,0.339,59.691,1,181,734
XRP/USDT,15m,0.3,0.1,0.015,12,6.7,916,6.11,176.0,1.2,0.395,69.616,3,241,672
XRP/USDT,15m,0.3,0.1,0.015,16,6.7,916,6.11,176.0,2.4,0.392,68.981,7,289,620
XRP/USDT,15m,0.3,0.1,0.015,20,6.7,916,6.11,176.0,4.5,0.403,70.932,16,336,564
XRP/USDT,15m,0.3,0.1,0.015,24,6.7,916,6.11,176.0,5.1,0.366,64.512,21,391,504
XRP/USDT,15m,0.3,0.1,0.015,36,6.7,916,6.11,176.0,7.8,0.359,63.196,41,483,392
XRP/USDT,15m,0.3,0.1,0.015,48,6.7,916,6.11,176.0,8.8,0.329,57.877,52,539,325
XRP/USDT,15m,0.3,0.1,0.02,4,5.0,916,6.11,176.0,0.0,0.207,36.47,0,45,871
XRP/USDT,15m,0.3,0.1,0.02,6,5.0,916,6.11,176.0,1.2,0.272,47.866,1,83,832
XRP/USDT,15m,0.3,0.1,0.02,8,5.0,916,6.11,176.0,0.9,0.337,59.353,1,112,803
XRP/USDT,15m,0.3,0.1,0.02,12,5.0,916,6.11,176.0,2.0,0.42,73.941,3,149,764
XRP/USDT,15m,0.3,0.1,0.02,16,5.0,916,6.11,176.0,3.6,0.399,70.261,7,190,719
XRP/USDT,15m,0.3,0.1,0.02,20,5.0,916,6.11,176.0,6.5,0.408,71.82,16,229,671
XRP/USDT,15m,0.3,0.1,0.02,24,5.0,916,6.11,176.0,7.4,0.349,61.474,22,275,619
XRP/USDT,15m,0.3,0.1,0.02,36,5.0,916,6.11,176.0,9.8,0.306,53.823,42,386,488
XRP/USDT,15m,0.3,0.1,0.02,48,5.0,916,6.11,176.0,10.5,0.25,43.99,53,454,409
XRP/USDT,15m,0.3,0.1,0.025,4,4.0,916,6.11,176.0,0.0,0.196,34.546,0,36,880
XRP/USDT,15m,0.3,0.1,0.025,6,4.0,916,6.11,176.0,1.7,0.272,47.858,1,57,858
XRP/USDT,15m,0.3,0.1,0.025,8,4.0,916,6.11,176.0,1.4,0.333,58.679,1,72,843
XRP/USDT,15m,0.3,0.1,0.025,12,4.0,916,6.11,176.0,2.7,0.394,69.424,3,109,804
XRP/USDT,15m,0.3,0.1,0.025,16,4.0,916,6.11,176.0,4.7,0.366,64.494,7,142,767
XRP/USDT,15m,0.3,0.1,0.025,20,4.0,916,6.11,176.0,8.4,0.35,61.692,16,175,725
XRP/USDT,15m,0.3,0.1,0.025,24,4.0,916,6.11,176.0,9.6,0.283,49.886,22,207,687
XRP/USDT,15m,0.3,0.1,0.025,36,4.0,916,6.11,176.0,12.1,0.226,39.714,42,306,568
XRP/USDT,15m,0.3,0.1,0.025,48,4.0,916,6.11,176.0,12.2,0.135,23.819,53,383,480
XRP/USDT,15m,0.35,0.01,0.008,4,1.2,673,4.49,129.3,50.5,0.103,13.33,211,207,255
XRP/USDT,15m,0.35,0.01,0.008,6,1.2,673,4.49,129.3,50.9,0.101,13.121,254,245,174
XRP/USDT,15m,0.35,0.01,0.008,8,1.2,673,4.49,129.3,50.7,0.096,12.366,277,269,127
XRP/USDT,15m,0.35,0.01,0.008,12,1.2,673,4.49,129.3,49.3,0.083,10.691,297,305,71
XRP/USDT,15m,0.35,0.01,0.008,16,1.2,673,4.49,129.3,49.4,0.082,10.669,311,319,43
XRP/USDT,15m,0.35,0.01,0.008,20,1.2,673,4.49,129.3,48.1,0.063,8.158,316,341,16
XRP/USDT,15m,0.35,0.01,0.008,24,1.2,673,4.49,129.3,47.7,0.053,6.911,317,348,8
XRP/USDT,15m,0.35,0.01,0.008,36,1.2,673,4.49,129.3,47.3,0.052,6.729,317,353,3
XRP/USDT,15m,0.35,0.01,0.008,48,1.2,673,4.49,129.3,47.2,0.051,6.581,317,354,2
XRP/USDT,15m,0.35,0.015,0.008,4,1.9,673,4.49,129.3,39.4,0.163,21.1,137,211,325
XRP/USDT,15m,0.35,0.015,0.008,6,1.9,673,4.49,129.3,42.7,0.192,24.872,190,255,228
XRP/USDT,15m,0.35,0.015,0.008,8,1.9,673,4.49,129.3,43.8,0.203,26.262,219,281,173
XRP/USDT,15m,0.35,0.015,0.008,12,1.9,673,4.49,129.3,43.2,0.197,25.512,245,322,106
XRP/USDT,15m,0.35,0.015,0.008,16,1.9,673,4.49,129.3,43.2,0.196,25.376,257,338,78
XRP/USDT,15m,0.35,0.015,0.008,20,1.9,673,4.49,129.3,42.0,0.17,21.926,264,365,44
XRP/USDT,15m,0.35,0.015,0.008,24,1.9,673,4.49,129.3,41.4,0.146,18.844,267,378,28
XRP/USDT,15m,0.35,0.015,0.008,36,1.9,673,4.49,129.3,40.7,0.134,17.271,268,390,15
XRP/USDT,15m,0.35,0.015,0.008,48,1.9,673,4.49,129.3,40.8,0.143,18.443,272,394,7
XRP/USDT,15m,0.35,0.015,0.01,4,1.5,673,4.49,129.3,48.5,0.168,21.665,142,151,380
XRP/USDT,15m,0.35,0.015,0.01,6,1.5,673,4.49,129.3,49.8,0.201,26.031,199,201,273
XRP/USDT,15m,0.35,0.015,0.01,8,1.5,673,4.49,129.3,50.7,0.214,27.649,230,224,219
XRP/USDT,15m,0.35,0.015,0.01,12,1.5,673,4.49,129.3,50.0,0.221,28.56,261,261,151
XRP/USDT,15m,0.35,0.015,0.01,16,1.5,673,4.49,129.3,49.0,0.212,27.365,279,290,104
XRP/USDT,15m,0.35,0.015,0.01,20,1.5,673,4.49,129.3,47.4,0.177,22.897,287,319,67
XRP/USDT,15m,0.35,0.015,0.01,24,1.5,673,4.49,129.3,46.4,0.146,18.835,290,335,48
XRP/USDT,15m,0.35,0.015,0.01,36,1.5,673,4.49,129.3,45.1,0.123,15.849,292,356,25
XRP/USDT,15m,0.35,0.015,0.01,48,1.5,673,4.49,129.3,44.7,0.12,15.529,297,367,9
XRP/USDT,15m,0.35,0.02,0.008,4,2.5,673,4.49,129.3,29.3,0.21,27.196,88,212,373
XRP/USDT,15m,0.35,0.02,0.008,6,2.5,673,4.49,129.3,34.8,0.266,34.453,137,257,279
XRP/USDT,15m,0.35,0.02,0.008,8,2.5,673,4.49,129.3,38.4,0.304,39.355,177,284,212
XRP/USDT,15m,0.35,0.02,0.008,12,2.5,673,4.49,129.3,39.0,0.314,40.554,208,326,139
XRP/USDT,15m,0.35,0.02,0.008,16,2.5,673,4.49,129.3,38.8,0.303,39.126,219,346,108
XRP/USDT,15m,0.35,0.02,0.008,20,2.5,673,4.49,129.3,37.6,0.275,35.598,227,376,70
XRP/USDT,15m,0.35,0.02,0.008,24,2.5,673,4.49,129.3,37.4,0.248,32.031,233,390,50
XRP/USDT,15m,0.35,0.02,0.008,36,2.5,673,4.49,129.3,36.6,0.227,29.328,236,409,28
XRP/USDT,15m,0.35,0.02,0.008,48,2.5,673,4.49,129.3,37.0,0.24,31.064,244,416,13
XRP/USDT,15m,0.35,0.02,0.01,4,2.0,673,4.49,129.3,37.4,0.215,27.753,91,152,430
XRP/USDT,15m,0.35,0.02,0.01,6,2.0,673,4.49,129.3,41.6,0.283,36.547,144,202,327
XRP/USDT,15m,0.35,0.02,0.01,8,2.0,673,4.49,129.3,45.3,0.325,42.042,187,226,260
XRP/USDT,15m,0.35,0.02,0.01,12,2.0,673,4.49,129.3,45.4,0.349,45.154,219,263,191
XRP/USDT,15m,0.35,0.02,0.01,16,2.0,673,4.49,129.3,44.5,0.331,42.843,237,295,141
XRP/USDT,15m,0.35,0.02,0.01,20,2.0,673,4.49,129.3,43.2,0.3,38.757,249,327,97
XRP/USDT,15m,0.35,0.02,0.01,24,2.0,673,4.49,129.3,42.4,0.259,33.53,255,346,72
XRP/USDT,15m,0.35,0.02,0.01,36,2.0,673,4.49,129.3,41.0,0.226,29.265,259,373,41
XRP/USDT,15m,0.35,0.02,0.01,48,2.0,673,4.49,129.3,40.8,0.226,29.18,267,388,18
XRP/USDT,15m,0.35,0.02,0.015,4,1.3,673,4.49,129.3,62.1,0.255,32.953,100,61,512
XRP/USDT,15m,0.35,0.02,0.015,6,1.3,673,4.49,129.3,64.0,0.325,42.094,155,87,431
XRP/USDT,15m,0.35,0.02,0.015,8,1.3,673,4.49,129.3,62.8,0.37,47.869,201,119,353
XRP/USDT,15m,0.35,0.02,0.015,12,1.3,673,4.49,129.3,59.8,0.386,49.928,237,159,277
XRP/USDT,15m,0.35,0.02,0.015,16,1.3,673,4.49,129.3,57.8,0.355,45.897,256,187,230
XRP/USDT,15m,0.35,0.02,0.015,20,1.3,673,4.49,129.3,54.9,0.307,39.678,268,220,185
XRP/USDT,15m,0.35,0.02,0.015,24,1.3,673,4.49,129.3,52.6,0.243,31.377,274,247,152
XRP/USDT,15m,0.35,0.02,0.015,36,1.3,673,4.49,129.3,48.9,0.166,21.458,280,293,100
XRP/USDT,15m,0.35,0.02,0.015,48,1.3,673,4.49,129.3,47.7,0.165,21.286,297,325,51
XRP/USDT,15m,0.35,0.025,0.008,4,3.1,673,4.49,129.3,19.9,0.232,29.968,53,213,407
XRP/USDT,15m,0.35,0.025,0.008,6,3.1,673,4.49,129.3,27.2,0.319,41.315,97,259,317
XRP/USDT,15m,0.35,0.025,0.008,8,3.1,673,4.49,129.3,32.7,0.387,50.058,139,286,248
XRP/USDT,15m,0.35,0.025,0.008,12,3.1,673,4.49,129.3,33.9,0.404,52.203,169,329,175
XRP/USDT,15m,0.35,0.025,0.008,16,3.1,673,4.49,129.3,35.4,0.41,53.002,191,349,133
XRP/USDT,15m,0.35,0.025,0.008,20,3.1,673,4.49,129.3,34.1,0.379,48.968,197,380,96
XRP/USDT,15m,0.35,0.025,0.008,24,3.1,673,4.49,129.3,33.8,0.337,43.595,203,397,73
XRP/USDT,15m,0.35,0.025,0.008,36,3.1,673,4.49,129.3,32.9,0.293,37.938,207,422,44
XRP/USDT,15m,0.35,0.025,0.008,48,3.1,673,4.49,129.3,32.7,0.296,38.285,211,435,27
XRP/USDT,15m,0.35,0.025,0.01,4,2.5,673,4.49,129.3,26.4,0.237,30.697,55,153,465
XRP/USDT,15m,0.35,0.025,0.01,6,2.5,673,4.49,129.3,33.3,0.336,43.487,102,204,367
XRP/USDT,15m,0.35,0.025,0.01,8,2.5,673,4.49,129.3,38.9,0.405,52.377,145,228,300
XRP/USDT,15m,0.35,0.025,0.01,12,2.5,673,4.49,129.3,40.1,0.439,56.811,178,266,229
XRP/USDT,15m,0.35,0.025,0.01,16,2.5,673,4.49,129.3,40.5,0.439,56.822,203,298,172
XRP/USDT,15m,0.35,0.025,0.01,20,2.5,673,4.49,129.3,39.4,0.409,52.873,215,331,127
XRP/USDT,15m,0.35,0.025,0.01,24,2.5,673,4.49,129.3,38.5,0.354,45.831,222,354,97
XRP/USDT,15m,0.35,0.025,0.01,36,2.5,673,4.49,129.3,37.0,0.296,38.284,227,387,59
XRP/USDT,15m,0.35,0.025,0.01,48,2.5,673,4.49,129.3,36.2,0.284,36.76,231,407,35
XRP/USDT,15m,0.35,0.025,0.015,4,1.7,673,4.49,129.3,50.4,0.282,36.483,62,61,550
XRP/USDT,15m,0.35,0.025,0.015,6,1.7,673,4.49,129.3,55.8,0.386,49.964,111,88,474
XRP/USDT,15m,0.35,0.025,0.015,8,1.7,673,4.49,129.3,56.4,0.46,59.465,155,120,398
XRP/USDT,15m,0.35,0.025,0.015,12,1.7,673,4.49,129.3,54.3,0.484,62.612,191,161,321
XRP/USDT,15m,0.35,0.025,0.015,16,1.7,673,4.49,129.3,53.6,0.466,60.243,218,189,266
XRP/USDT,15m,0.35,0.025,0.015,20,1.7,673,4.49,129.3,50.8,0.417,53.932,230,223,220
XRP/USDT,15m,0.35,0.025,0.015,24,1.7,673,4.49,129.3,48.3,0.337,43.608,238,255,180
XRP/USDT,15m,0.35,0.025,0.015,36,1.7,673,4.49,129.3,44.3,0.226,29.281,245,308,120
XRP/USDT,15m,0.35,0.025,0.015,48,1.7,673,4.49,129.3,43.0,0.221,28.541,257,340,76
XRP/USDT,15m,0.35,0.025,0.02,4,1.2,673,4.49,129.3,63.6,0.281,36.314,63,36,574
XRP/USDT,15m,0.35,0.025,0.02,6,1.2,673,4.49,129.3,65.9,0.387,50.013,112,58,503
XRP/USDT,15m,0.35,0.025,0.02,8,1.2,673,4.49,129.3,68.1,0.455,58.783,156,73,444
XRP/USDT,15m,0.35,0.025,0.02,12,1.2,673,4.49,129.3,66.7,0.494,63.83,196,98,379
XRP/USDT,15m,0.35,0.025,0.02,16,1.2,673,4.49,129.3,63.5,0.449,58.015,224,129,320
XRP/USDT,15m,0.35,0.025,0.02,20,1.2,673,4.49,129.3,60.2,0.387,50.016,236,156,281
XRP/USDT,15m,0.35,0.025,0.02,24,1.2,673,4.49,129.3,57.1,0.279,36.117,244,183,246
XRP/USDT,15m,0.35,0.025,0.02,36,1.2,673,4.49,129.3,50.4,0.146,18.919,253,249,171
XRP/USDT,15m,0.35,0.025,0.02,48,1.2,673,4.49,129.3,48.0,0.121,15.684,267,289,117
XRP/USDT,15m,0.35,0.03,0.008,4,3.8,673,4.49,129.3,14.8,0.252,32.568,37,213,423
XRP/USDT,15m,0.35,0.03,0.008,6,3.8,673,4.49,129.3,21.2,0.348,45.016,70,260,343
XRP/USDT,15m,0.35,0.03,0.008,8,3.8,673,4.49,129.3,24.5,0.425,54.927,93,287,293
XRP/USDT,15m,0.35,0.03,0.008,12,3.8,673,4.49,129.3,27.8,0.447,57.868,128,333,212
XRP/USDT,15m,0.35,0.03,0.008,16,3.8,673,4.49,129.3,29.8,0.45,58.168,150,354,169
XRP/USDT,15m,0.35,0.03,0.008,20,3.8,673,4.49,129.3,29.7,0.432,55.828,163,386,124
XRP/USDT,15m,0.35,0.03,0.008,24,3.8,673,4.49,129.3,30.0,0.398,51.533,173,404,96
XRP/USDT,15m,0.35,0.03,0.008,36,3.8,673,4.49,129.3,29.0,0.332,42.886,177,433,63
XRP/USDT,15m,0.35,0.03,0.008,48,3.8,673,4.49,129.3,28.5,0.323,41.733,179,449,45
XRP/USDT,15m,0.35,0.03,0.01,4,3.0,673,4.49,129.3,19.9,0.258,33.34,38,153,482
XRP/USDT,15m,0.35,0.03,0.01,6,3.0,673,4.49,129.3,26.8,0.368,47.63,75,205,393
XRP/USDT,15m,0.35,0.03,0.01,8,3.0,673,4.49,129.3,30.2,0.447,57.784,99,229,345
XRP/USDT,15m,0.35,0.03,0.01,12,3.0,673,4.49,129.3,33.4,0.486,62.81,135,269,269
XRP/USDT,15m,0.35,0.03,0.01,16,3.0,673,4.49,129.3,34.5,0.481,62.24,159,302,212
XRP/USDT,15m,0.35,0.03,0.01,20,3.0,673,4.49,129.3,33.9,0.459,59.403,173,337,163
XRP/USDT,15m,0.35,0.03,0.01,24,3.0,673,4.49,129.3,34.1,0.417,53.97,187,361,125
XRP/USDT,15m,0.35,0.03,0.01,36,3.0,673,4.49,129.3,32.9,0.339,43.898,195,398,80
XRP/USDT,15m,0.35,0.03,0.01,48,3.0,673,4.49,129.3,31.9,0.313,40.461,197,421,55
XRP/USDT,15m,0.35,0.03,0.015,4,2.0,673,4.49,129.3,41.3,0.303,39.223,43,61,569
XRP/USDT,15m,0.35,0.03,0.015,6,2.0,673,4.49,129.3,48.0,0.418,54.12,82,89,502
XRP/USDT,15m,0.35,0.03,0.015,8,2.0,673,4.49,129.3,46.7,0.501,64.775,107,122,444
XRP/USDT,15m,0.35,0.03,0.015,12,2.0,673,4.49,129.3,47.1,0.529,68.439,146,164,363
XRP/USDT,15m,0.35,0.03,0.015,16,2.0,673,4.49,129.3,47.1,0.505,65.346,172,193,308
XRP/USDT,15m,0.35,0.03,0.015,20,2.0,673,4.49,129.3,44.8,0.466,60.331,186,229,258
XRP/USDT,15m,0.35,0.03,0.015,24,2.0,673,4.49,129.3,43.3,0.396,51.249,201,263,209
XRP/USDT,15m,0.35,0.03,0.015,36,2.0,673,4.49,129.3,39.8,0.268,34.63,211,319,143
XRP/USDT,15m,0.35,0.03,0.015,48,2.0,673,4.49,129.3,38.1,0.241,31.149,218,354,101
XRP/USDT,15m,0.35,0.03,0.02,4,1.5,673,4.49,129.3,54.4,0.301,38.891,43,36,594
XRP/USDT,15m,0.35,0.03,0.02,6,1.5,673,4.49,129.3,58.6,0.419,54.124,82,58,533
XRP/USDT,15m,0.35,0.03,0.02,8,1.5,673,4.49,129.3,59.1,0.496,64.137,107,74,492
XRP/USDT,15m,0.35,0.03,0.02,12,1.5,673,4.49,129.3,60.4,0.547,70.689,151,99,423
XRP/USDT,15m,0.35,0.03,0.02,16,1.5,673,4.49,129.3,57.5,0.498,64.381,177,131,365
XRP/USDT,15m,0.35,0.03,0.02,20,1.5,673,4.49,129.3,54.9,0.451,58.295,192,158,323
XRP/USDT,15m,0.35,0.03,0.02,24,1.5,673,4.49,129.3,52.8,0.357,46.154,208,186,279
XRP/USDT,15m,0.35,0.03,0.02,36,1.5,673,4.49,129.3,46.0,0.195,25.251,218,256,199
XRP/USDT,15m,0.35,0.03,0.02,48,1.5,673,4.49,129.3,43.0,0.136,17.571,226,300,147
XRP/USDT,15m,0.35,0.03,0.025,4,1.2,673,4.49,129.3,58.9,0.288,37.289,43,30,600
XRP/USDT,15m,0.35,0.03,0.025,6,1.2,673,4.49,129.3,66.7,0.412,53.28,84,42,547
XRP/USDT,15m,0.35,0.03,0.025,8,1.2,673,4.49,129.3,68.6,0.487,62.935,109,50,514
XRP/USDT,15m,0.35,0.03,0.025,12,1.2,673,4.49,129.3,67.4,0.533,68.959,153,74,446
XRP/USDT,15m,0.35,0.03,0.025,16,1.2,673,4.49,129.3,64.2,0.469,60.609,179,100,394
XRP/USDT,15m,0.35,0.03,0.025,20,1.2,673,4.49,129.3,61.6,0.402,52.038,194,121,358
XRP/USDT,15m,0.35,0.03,0.025,24,1.2,673,4.49,129.3,59.5,0.303,39.215,210,143,320
XRP/USDT,15m,0.35,0.03,0.025,36,1.2,673,4.49,129.3,51.9,0.126,16.249,220,204,249
XRP/USDT,15m,0.35,0.03,0.025,48,1.2,673,4.49,129.3,47.4,0.03,3.931,228,253,192
XRP/USDT,15m,0.35,0.04,0.008,4,5.0,673,4.49,129.3,7.0,0.256,33.106,16,214,443
XRP/USDT,15m,0.35,0.04,0.008,6,5.0,673,4.49,129.3,10.2,0.352,45.509,30,263,380
XRP/USDT,15m,0.35,0.04,0.008,8,5.0,673,4.49,129.3,13.9,0.441,57.068,47,290,336
XRP/USDT,15m,0.35,0.04,0.008,12,5.0,673,4.49,129.3,16.6,0.467,60.398,67,337,269
XRP/USDT,15m,0.35,0.04,0.008,16,5.0,673,4.49,129.3,20.2,0.479,61.905,92,364,217
XRP/USDT,15m,0.35,0.04,0.008,20,5.0,673,4.49,129.3,20.7,0.467,60.419,104,398,171
XRP/USDT,15m,0.35,0.04,0.008,24,5.0,673,4.49,129.3,21.0,0.431,55.801,111,417,145
XRP/USDT,15m,0.35,0.04,0.008,36,5.0,673,4.49,129.3,21.6,0.376,48.632,123,446,104
XRP/USDT,15m,0.35,0.04,0.008,48,5.0,673,4.49,129.3,21.3,0.358,46.334,125,462,86
XRP/USDT,15m,0.35,0.04,0.01,4,4.0,673,4.49,129.3,9.4,0.26,33.684,16,154,503
XRP/USDT,15m,0.35,0.04,0.01,6,4.0,673,4.49,129.3,12.6,0.368,47.642,30,208,435
XRP/USDT,15m,0.35,0.04,0.01,8,4.0,673,4.49,129.3,17.1,0.461,59.586,48,232,393
XRP/USDT,15m,0.35,0.04,0.01,12,4.0,673,4.49,129.3,20.9,0.508,65.751,72,273,328
XRP/USDT,15m,0.35,0.04,0.01,16,4.0,673,4.49,129.3,23.7,0.51,65.959,97,312,264
XRP/USDT,15m,0.35,0.04,0.01,20,4.0,673,4.49,129.3,24.0,0.493,63.708,110,349,214
XRP/USDT,15m,0.35,0.04,0.01,24,4.0,673,4.49,129.3,24.0,0.45,58.161,118,374,181
XRP/USDT,15m,0.35,0.04,0.01,36,4.0,673,4.49,129.3,24.6,0.384,49.633,134,411,128
XRP/USDT,15m,0.35,0.04,0.01,48,4.0,673,4.49,129.3,24.1,0.355,45.881,138,434,101
XRP/USDT,15m,0.35,0.04,0.015,4,2.7,673,4.49,129.3,22.8,0.307,39.662,18,61,594
XRP/USDT,15m,0.35,0.04,0.015,6,2.7,673,4.49,129.3,26.4,0.419,54.224,33,92,548
XRP/USDT,15m,0.35,0.04,0.015,8,2.7,673,4.49,129.3,29.4,0.515,66.632,52,125,496
XRP/USDT,15m,0.35,0.04,0.015,12,2.7,673,4.49,129.3,31.6,0.553,71.509,77,167,429
XRP/USDT,15m,0.35,0.04,0.015,16,2.7,673,4.49,129.3,35.4,0.546,70.584,108,197,368
XRP/USDT,15m,0.35,0.04,0.015,20,2.7,673,4.49,129.3,34.1,0.526,68.022,121,234,318
XRP/USDT,15m,0.35,0.04,0.015,24,2.7,673,4.49,129.3,33.0,0.471,60.867,132,268,273
XRP/USDT,15m,0.35,0.04,0.015,36,2.7,673,4.49,129.3,31.4,0.352,45.473,149,326,198
XRP/USDT,15m,0.35,0.04,0.015,48,2.7,673,4.49,129.3,29.7,0.309,39.997,154,364,155
XRP/USDT,15m,0.35,0.04,0.02,4,2.0,673,4.49,129.3,33.3,0.304,39.33,18,36,619
XRP/USDT,15m,0.35,0.04,0.02,6,2.0,673,4.49,129.3,35.5,0.419,54.136,33,60,580
XRP/USDT,15m,0.35,0.04,0.02,8,2.0,673,4.49,129.3,40.3,0.508,65.706,52,77,544
XRP/USDT,15m,0.35,0.04,0.02,12,2.0,673,4.49,129.3,44.0,0.573,74.055,80,102,491
XRP/USDT,15m,0.35,0.04,0.02,16,2.0,673,4.49,129.3,45.5,0.544,70.298,112,134,427
XRP/USDT,15m,0.35,0.04,0.02,20,2.0,673,4.49,129.3,43.9,0.519,67.118,126,161,386
XRP/USDT,15m,0.35,0.04,0.02,24,2.0,673,4.49,129.3,42.0,0.445,57.566,137,189,347
XRP/USDT,15m,0.35,0.04,0.02,36,2.0,673,4.49,129.3,37.7,0.302,39.073,158,261,254
XRP/USDT,15m,0.35,0.04,0.02,48,2.0,673,4.49,129.3,34.6,0.226,29.224,163,308,202
XRP/USDT,15m,0.35,0.04,0.025,4,1.6,673,4.49,129.3,37.5,0.292,37.729,18,30,625
XRP/USDT,15m,0.35,0.04,0.025,6,1.6,673,4.49,129.3,44.2,0.413,53.396,34,43,596
XRP/USDT,15m,0.35,0.04,0.025,8,1.6,673,4.49,129.3,50.5,0.5,64.6,54,53,566
XRP/USDT,15m,0.35,0.04,0.025,12,1.6,673,4.49,129.3,51.6,0.56,72.422,82,77,514
XRP/USDT,15m,0.35,0.04,0.025,16,1.6,673,4.49,129.3,52.5,0.515,66.622,114,103,456
XRP/USDT,15m,0.35,0.04,0.025,20,1.6,673,4.49,129.3,50.8,0.471,60.958,128,124,421
XRP/USDT,15m,0.35,0.04,0.025,24,1.6,673,4.49,129.3,48.8,0.392,50.724,139,146,388
XRP/USDT,15m,0.35,0.04,0.025,36,1.6,673,4.49,129.3,43.5,0.233,30.192,160,208,305
XRP/USDT,15m,0.35,0.04,0.025,48,1.6,673,4.49,129.3,38.7,0.118,15.199,165,261,247
XRP/USDT,15m,0.35,0.05,0.008,4,6.2,673,4.49,129.3,2.7,0.253,32.708,6,214,453
XRP/USDT,15m,0.35,0.05,0.008,6,6.2,673,4.49,129.3,4.0,0.343,44.358,11,263,399
XRP/USDT,15m,0.35,0.05,0.008,8,6.2,673,4.49,129.3,7.0,0.44,56.888,22,291,360
XRP/USDT,15m,0.35,0.05,0.008,12,6.2,673,4.49,129.3,10.8,0.498,64.419,41,338,294
XRP/USDT,15m,0.35,0.05,0.008,16,6.2,673,4.49,129.3,13.9,0.525,67.902,59,365,249
XRP/USDT,15m,0.35,0.05,0.008,20,6.2,673,4.49,129.3,14.6,0.517,66.91,68,399,206
XRP/USDT,15m,0.35,0.05,0.008,24,6.2,673,4.49,129.3,15.7,0.494,63.838,78,418,177
XRP/USDT,15m,0.35,0.05,0.008,36,6.2,673,4.49,129.3,16.0,0.448,57.992,85,447,141
XRP/USDT,15m,0.35,0.05,0.008,48,6.2,673,4.49,129.3,16.3,0.414,53.486,90,463,120
XRP/USDT,15m,0.35,0.05,0.01,4,5.0,673,4.49,129.3,3.8,0.257,33.286,6,154,513
XRP/USDT,15m,0.35,0.05,0.01,6,5.0,673,4.49,129.3,5.0,0.359,46.491,11,208,454
XRP/USDT,15m,0.35,0.05,0.01,8,5.0,673,4.49,129.3,9.0,0.466,60.331,23,232,418
XRP/USDT,15m,0.35,0.05,0.01,12,5.0,673,4.49,129.3,14.4,0.554,71.645,46,273,354
XRP/USDT,15m,0.35,0.05,0.01,16,5.0,673,4.49,129.3,17.0,0.57,73.685,64,312,297
XRP/USDT,15m,0.35,0.05,0.01,20,5.0,673,4.49,129.3,17.3,0.558,72.104,73,349,251
XRP/USDT,15m,0.35,0.05,0.01,24,5.0,673,4.49,129.3,18.2,0.526,68.041,83,374,216
XRP/USDT,15m,0.35,0.05,0.01,36,5.0,673,4.49,129.3,18.6,0.477,61.651,94,411,168
XRP/USDT,15m,0.35,0.05,0.01,48,5.0,673,4.49,129.3,19.0,0.433,56.004,102,434,137
XRP/USDT,15m,0.35,0.05,0.015,4,3.3,673,4.49,129.3,10.3,0.301,38.948,7,61,605
XRP/USDT,15m,0.35,0.05,0.015,6,3.3,673,4.49,129.3,12.4,0.406,52.518,13,92,568
XRP/USDT,15m,0.35,0.05,0.015,8,3.3,673,4.49,129.3,17.2,0.521,67.339,26,125,522
XRP/USDT,15m,0.35,0.05,0.015,12,3.3,673,4.49,129.3,22.9,0.596,77.115,50,168,455
XRP/USDT,15m,0.35,0.05,0.015,16,3.3,673,4.49,129.3,26.1,0.605,78.199,70,198,405
XRP/USDT,15m,0.35,0.05,0.015,20,3.3,673,4.49,129.3,25.4,0.594,76.765,80,235,358
XRP/USDT,15m,0.35,0.05,0.015,24,3.3,673,4.49,129.3,25.9,0.556,71.868,94,269,310
XRP/USDT,15m,0.35,0.05,0.015,36,3.3,673,4.49,129.3,24.5,0.453,58.65,106,327,240
XRP/USDT,15m,0.35,0.05,0.015,48,3.3,673,4.49,129.3,23.8,0.393,50.856,114,365,194
XRP/USDT,15m,0.35,0.05,0.02,4,2.5,673,4.49,129.3,16.3,0.299,38.616,7,36,630
XRP/USDT,15m,0.35,0.05,0.02,6,2.5,673,4.49,129.3,17.8,0.405,52.43,13,60,600
XRP/USDT,15m,0.35,0.05,0.02,8,2.5,673,4.49,129.3,25.2,0.514,66.413,26,77,570
XRP/USDT,15m,0.35,0.05,0.02,12,2.5,673,4.49,129.3,33.5,0.618,79.921,52,103,518
XRP/USDT,15m,0.35,0.05,0.02,16,2.5,673,4.49,129.3,34.8,0.603,77.993,72,135,466
XRP/USDT,15m,0.35,0.05,0.02,20,2.5,673,4.49,129.3,33.9,0.587,75.98,83,162,428
XRP/USDT,15m,0.35,0.05,0.02,24,2.5,673,4.49,129.3,34.0,0.531,68.726,98,190,385
XRP/USDT,15m,0.35,0.05,0.02,36,2.5,673,4.49,129.3,29.9,0.409,52.887,112,262,299
XRP/USDT,15m,0.35,0.05,0.02,48,2.5,673,4.49,129.3,28.0,0.312,40.364,120,309,244
XRP/USDT,15m,0.35,0.05,0.025,4,2.0,673,4.49,129.3,18.9,0.286,37.015,7,30,636
XRP/USDT,15m,0.35,0.05,0.025,6,2.0,673,4.49,129.3,24.6,0.401,51.882,14,43,616
XRP/USDT,15m,0.35,0.05,0.025,8,2.0,673,4.49,129.3,34.6,0.508,65.692,28,53,592
XRP/USDT,15m,0.35,0.05,0.025,12,2.0,673,4.49,129.3,40.9,0.608,78.576,54,78,541
XRP/USDT,15m,0.35,0.05,0.025,16,2.0,673,4.49,129.3,41.6,0.577,74.605,74,104,495
XRP/USDT,15m,0.35,0.05,0.025,20,2.0,673,4.49,129.3,40.5,0.542,70.108,85,125,463
XRP/USDT,15m,0.35,0.05,0.025,24,2.0,673,4.49,129.3,40.5,0.481,62.172,100,147,426
XRP/USDT,15m,0.35,0.05,0.025,36,2.0,673,4.49,129.3,35.3,0.342,44.294,114,209,350
XRP/USDT,15m,0.35,0.05,0.025,48,2.0,673,4.49,129.3,31.8,0.206,26.628,122,262,289
XRP/USDT,15m,0.35,0.075,0.008,4,9.4,673,4.49,129.3,0.5,0.246,31.858,1,214,458
XRP/USDT,15m,0.35,0.075,0.008,6,9.4,673,4.49,129.3,0.4,0.323,41.807,1,264,408
XRP/USDT,15m,0.35,0.075,0.008,8,9.4,673,4.49,129.3,0.7,0.417,53.978,2,293,378
XRP/USDT,15m,0.35,0.075,0.008,12,9.4,673,4.49,129.3,2.0,0.477,61.709,7,340,326
XRP/USDT,15m,0.35,0.075,0.008,16,9.4,673,4.49,129.3,4.9,0.532,68.858,19,367,287
XRP/USDT,15m,0.35,0.075,0.008,20,9.4,673,4.49,129.3,5.9,0.536,69.38,25,402,246
XRP/USDT,15m,0.35,0.075,0.008,24,9.4,673,4.49,129.3,7.6,0.512,66.266,35,425,213
XRP/USDT,15m,0.35,0.075,0.008,36,9.4,673,4.49,129.3,9.3,0.522,67.558,47,456,170
XRP/USDT,15m,0.35,0.075,0.008,48,9.4,673,4.49,129.3,9.1,0.482,62.376,47,472,154
XRP/USDT,15m,0.35,0.075,0.01,4,7.5,673,4.49,129.3,0.6,0.251,32.436,1,154,518
XRP/USDT,15m,0.35,0.075,0.01,6,7.5,673,4.49,129.3,0.5,0.339,43.902,1,209,463
XRP/USDT,15m,0.35,0.075,0.01,8,7.5,673,4.49,129.3,0.8,0.443,57.243,2,234,437
XRP/USDT,15m,0.35,0.075,0.01,12,7.5,673,4.49,129.3,3.2,0.535,69.142,9,275,389
XRP/USDT,15m,0.35,0.075,0.01,16,7.5,673,4.49,129.3,6.3,0.575,74.375,21,314,338
XRP/USDT,15m,0.35,0.075,0.01,20,7.5,673,4.49,129.3,7.1,0.569,73.633,27,352,294
XRP/USDT,15m,0.35,0.075,0.01,24,7.5,673,4.49,129.3,8.9,0.543,70.252,37,381,255
XRP/USDT,15m,0.35,0.075,0.01,36,7.5,673,4.49,129.3,11.2,0.568,73.492,53,420,200
XRP/USDT,15m,0.35,0.075,0.01,48,7.5,673,4.49,129.3,10.9,0.522,67.495,54,443,176
XRP/USDT,15m,0.35,0.075,0.015,4,5.0,673,4.49,129.3,1.6,0.295,38.179,1,61,611
XRP/USDT,15m,0.35,0.075,0.015,6,5.0,673,4.49,129.3,2.1,0.387,50.049,2,93,578
XRP/USDT,15m,0.35,0.075,0.015,8,5.0,673,4.49,129.3,2.3,0.497,64.312,3,127,543
XRP/USDT,15m,0.35,0.075,0.015,12,5.0,673,4.49,129.3,6.1,0.581,75.198,11,170,492
XRP/USDT,15m,0.35,0.075,0.015,16,5.0,673,4.49,129.3,10.3,0.611,79.078,23,200,450
XRP/USDT,15m,0.35,0.075,0.015,20,5.0,673,4.49,129.3,11.6,0.615,79.579,31,237,405
XRP/USDT,15m,0.35,0.075,0.015,24,5.0,673,4.49,129.3,12.9,0.579,74.895,41,276,356
XRP/USDT,15m,0.35,0.075,0.015,36,5.0,673,4.49,129.3,15.2,0.566,73.195,60,336,277
XRP/USDT,15m,0.35,0.075,0.015,48,5.0,673,4.49,129.3,14.0,0.501,64.846,61,374,238
XRP/USDT,15m,0.35,0.075,0.02,4,3.8,673,4.49,129.3,2.7,0.293,37.847,1,36,636
XRP/USDT,15m,0.35,0.075,0.02,6,3.8,673,4.49,129.3,3.2,0.386,49.866,2,61,610
XRP/USDT,15m,0.35,0.075,0.02,8,3.8,673,4.49,129.3,3.7,0.489,63.194,3,79,591
XRP/USDT,15m,0.35,0.075,0.02,12,3.8,673,4.49,129.3,9.5,0.602,77.841,11,105,557
XRP/USDT,15m,0.35,0.075,0.02,16,3.8,673,4.49,129.3,14.4,0.604,78.093,23,137,513
XRP/USDT,15m,0.35,0.075,0.02,20,3.8,673,4.49,129.3,16.3,0.607,78.498,32,164,477
XRP/USDT,15m,0.35,0.075,0.02,24,3.8,673,4.49,129.3,18.1,0.554,71.661,43,195,435
XRP/USDT,15m,0.35,0.075,0.02,36,3.8,673,4.49,129.3,18.6,0.52,67.219,62,271,340
XRP/USDT,15m,0.35,0.075,0.02,48,3.8,673,4.49,129.3,16.5,0.42,54.283,63,318,292
XRP/USDT,15m,0.35,0.075,0.025,4,3.0,673,4.49,129.3,3.2,0.28,36.246,1,30,642
XRP/USDT,15m,0.35,0.075,0.025,6,3.0,673,4.49,129.3,6.4,0.384,49.702,3,44,626
XRP/USDT,15m,0.35,0.075,0.025,8,3.0,673,4.49,129.3,8.3,0.489,63.241,5,55,613
XRP/USDT,15m,0.35,0.075,0.025,12,3.0,673,4.49,129.3,14.0,0.597,77.264,13,80,580
XRP/USDT,15m,0.35,0.075,0.025,16,3.0,673,4.49,129.3,19.1,0.584,75.473,25,106,542
XRP/USDT,15m,0.35,0.075,0.025,20,3.0,673,4.49,129.3,21.1,0.568,73.394,34,127,512
XRP/USDT,15m,0.35,0.075,0.025,24,3.0,673,4.49,129.3,23.1,0.51,65.949,45,150,478
XRP/USDT,15m,0.35,0.075,0.025,36,3.0,673,4.49,129.3,22.7,0.454,58.722,64,218,391
XRP/USDT,15m,0.35,0.075,0.025,48,3.0,673,4.49,129.3,19.3,0.314,40.642,65,271,337
XRP/USDT,15m,0.35,0.1,0.008,4,12.5,673,4.49,129.3,0.0,0.247,31.894,0,214,459
XRP/USDT,15m,0.35,0.1,0.008,6,12.5,673,4.49,129.3,0.4,0.327,42.288,1,264,408
XRP/USDT,15m,0.35,0.1,0.008,8,12.5,673,4.49,129.3,0.3,0.42,54.378,1,293,379
XRP/USDT,15m,0.35,0.1,0.008,12,12.5,673,4.49,129.3,0.9,0.486,62.826,3,340,330
XRP/USDT,15m,0.35,0.1,0.008,16,12.5,673,4.49,129.3,1.6,0.543,70.267,6,367,300
XRP/USDT,15m,0.35,0.1,0.008,20,12.5,673,4.49,129.3,3.1,0.559,72.252,13,402,258
XRP/USDT,15m,0.35,0.1,0.008,24,12.5,673,4.49,129.3,3.8,0.537,69.386,17,425,231
XRP/USDT,15m,0.35,0.1,0.008,36,12.5,673,4.49,129.3,6.5,0.577,74.628,32,461,180
XRP/USDT,15m,0.35,0.1,0.008,48,12.5,673,4.49,129.3,7.0,0.541,69.903,36,478,159
XRP/USDT,15m,0.35,0.1,0.01,4,10.0,673,4.49,129.3,0.0,0.251,32.471,0,154,519
XRP/USDT,15m,0.35,0.1,0.01,6,10.0,673,4.49,129.3,0.5,0.343,44.382,1,209,463
XRP/USDT,15m,0.35,0.1,0.01,8,10.0,673,4.49,129.3,0.4,0.446,57.643,1,234,438
XRP/USDT,15m,0.35,0.1,0.01,12,10.0,673,4.49,129.3,1.1,0.544,70.418,3,275,395
XRP/USDT,15m,0.35,0.1,0.01,16,10.0,673,4.49,129.3,2.2,0.577,74.631,7,315,351
XRP/USDT,15m,0.35,0.1,0.01,20,10.0,673,4.49,129.3,3.8,0.583,75.352,14,353,306
XRP/USDT,15m,0.35,0.1,0.01,24,10.0,673,4.49,129.3,4.5,0.558,72.219,18,382,273
XRP/USDT,15m,0.35,0.1,0.01,36,10.0,673,4.49,129.3,7.6,0.623,80.523,35,426,212
XRP/USDT,15m,0.35,0.1,0.01,48,10.0,673,4.49,129.3,8.5,0.588,76.041,42,450,181
XRP/USDT,15m,0.35,0.1,0.015,4,6.7,673,4.49,129.3,0.0,0.295,38.214,0,61,612
XRP/USDT,15m,0.35,0.1,0.015,6,6.7,673,4.49,129.3,1.1,0.39,50.477,1,93,579
XRP/USDT,15m,0.35,0.1,0.015,8,6.7,673,4.49,129.3,0.8,0.496,64.131,1,127,545
XRP/USDT,15m,0.35,0.1,0.015,12,6.7,673,4.49,129.3,1.7,0.579,74.866,3,171,499
XRP/USDT,15m,0.35,0.1,0.015,16,6.7,673,4.49,129.3,3.3,0.597,77.267,7,202,464
XRP/USDT,15m,0.35,0.1,0.015,20,6.7,673,4.49,129.3,5.5,0.611,79.054,14,239,420
XRP/USDT,15m,0.35,0.1,0.015,24,6.7,673,4.49,129.3,6.4,0.576,74.523,19,278,376
XRP/USDT,15m,0.35,0.1,0.015,36,6.7,673,4.49,129.3,9.8,0.611,79.029,37,341,295
XRP/USDT,15m,0.35,0.1,0.015,48,6.7,673,4.49,129.3,11.0,0.561,72.556,47,381,245
XRP/USDT,15m,0.35,0.1,0.02,4,5.0,673,4.49,129.3,0.0,0.293,37.882,0,36,637
XRP/USDT,15m,0.35,0.1,0.02,6,5.0,673,4.49,129.3,1.6,0.389,50.293,1,61,611
XRP/USDT,15m,0.35,0.1,0.02,8,5.0,673,4.49,129.3,1.2,0.487,63.013,1,79,593
XRP/USDT,15m,0.35,0.1,0.02,12,5.0,673,4.49,129.3,2.8,0.599,77.412,3,106,564
XRP/USDT,15m,0.35,0.1,0.02,16,5.0,673,4.49,129.3,4.8,0.588,76.09,7,139,527
XRP/USDT,15m,0.35,0.1,0.02,20,5.0,673,4.49,129.3,7.8,0.602,77.8,14,166,493
XRP/USDT,15m,0.35,0.1,0.02,24,5.0,673,4.49,129.3,9.2,0.551,71.221,20,197,456
XRP/USDT,15m,0.35,0.1,0.02,36,5.0,673,4.49,129.3,12.1,0.556,71.925,38,276,359
XRP/USDT,15m,0.35,0.1,0.02,48,5.0,673,4.49,129.3,12.9,0.469,60.655,48,324,301
XRP/USDT,15m,0.35,0.1,0.025,4,4.0,673,4.49,129.3,0.0,0.281,36.281,0,30,643
XRP/USDT,15m,0.35,0.1,0.025,6,4.0,673,4.49,129.3,2.2,0.387,50.074,1,44,628
XRP/USDT,15m,0.35,0.1,0.025,8,4.0,673,4.49,129.3,1.8,0.482,62.391,1,55,617
XRP/USDT,15m,0.35,0.1,0.025,12,4.0,673,4.49,129.3,3.5,0.564,72.896,3,83,587
XRP/USDT,15m,0.35,0.1,0.025,16,4.0,673,4.49,129.3,6.0,0.537,69.435,7,110,556
XRP/USDT,15m,0.35,0.1,0.025,20,4.0,673,4.49,129.3,9.7,0.531,68.662,14,131,528
XRP/USDT,15m,0.35,0.1,0.025,24,4.0,673,4.49,129.3,11.5,0.475,61.473,20,154,499
XRP/USDT,15m,0.35,0.1,0.025,36,4.0,673,4.49,129.3,14.6,0.459,59.404,38,223,412
XRP/USDT,15m,0.35,0.1,0.025,48,4.0,673,4.49,129.3,14.7,0.331,42.808,48,278,347
XRP/USDT,15m,0.4,0.01,0.008,4,1.2,487,3.25,93.6,53.2,0.138,12.903,167,147,173
XRP/USDT,15m,0.4,0.01,0.008,6,1.2,487,3.25,93.6,54.2,0.154,14.368,205,173,109
XRP/USDT,15m,0.4,0.01,0.008,8,1.2,487,3.25,93.6,54.7,0.155,14.519,223,185,79
XRP/USDT,15m,0.4,0.01,0.008,12,1.2,487,3.25,93.6,52.9,0.142,13.303,234,208,45
XRP/USDT,15m,0.4,0.01,0.008,16,1.2,487,3.25,93.6,52.7,0.141,13.211,244,219,24
XRP/USDT,15m,0.4,0.01,0.008,20,1.2,487,3.25,93.6,51.7,0.126,11.793,248,232,7
XRP/USDT,15m,0.4,0.01,0.008,24,1.2,487,3.25,93.6,51.3,0.122,11.408,249,236,2
XRP/USDT,15m,0.4,0.01,0.008,36,1.2,487,3.25,93.6,51.2,0.122,11.453,249,237,1
XRP/USDT,15m,0.4,0.01,0.008,48,1.2,487,3.25,93.6,51.1,0.12,11.261,249,238,0
XRP/USDT,15m,0.4,0.015,0.008,4,1.9,487,3.25,93.6,44.0,0.22,20.576,117,149,221
XRP/USDT,15m,0.4,0.015,0.008,6,1.9,487,3.25,93.6,47.5,0.278,26.031,162,179,146
XRP/USDT,15m,0.4,0.015,0.008,8,1.9,487,3.25,93.6,49.1,0.297,27.818,185,192,110
XRP/USDT,15m,0.4,0.015,0.008,12,1.9,487,3.25,93.6,47.8,0.29,27.153,200,218,69
XRP/USDT,15m,0.4,0.015,0.008,16,1.9,487,3.25,93.6,47.6,0.289,27.043,209,230,48
XRP/USDT,15m,0.4,0.015,0.008,20,1.9,487,3.25,93.6,46.5,0.265,24.831,214,246,27
XRP/USDT,15m,0.4,0.015,0.008,24,1.9,487,3.25,93.6,46.0,0.249,23.277,216,254,17
XRP/USDT,15m,0.4,0.015,0.008,36,1.9,487,3.25,93.6,45.4,0.237,22.186,216,260,11
XRP/USDT,15m,0.4,0.015,0.008,48,1.9,487,3.25,93.6,45.4,0.248,23.218,219,263,5
XRP/USDT,15m,0.4,0.015,0.01,4,1.5,487,3.25,93.6,52.6,0.22,20.599,121,109,257
XRP/USDT,15m,0.4,0.015,0.01,6,1.5,487,3.25,93.6,54.2,0.284,26.613,168,142,177
XRP/USDT,15m,0.4,0.015,0.01,8,1.5,487,3.25,93.6,55.8,0.309,28.958,193,153,141
XRP/USDT,15m,0.4,0.015,0.01,12,1.5,487,3.25,93.6,54.9,0.314,29.355,212,174,101
XRP/USDT,15m,0.4,0.015,0.01,16,1.5,487,3.25,93.6,52.9,0.296,27.689,222,198,67
XRP/USDT,15m,0.4,0.015,0.01,20,1.5,487,3.25,93.6,51.0,0.265,24.835,227,218,42
XRP/USDT,15m,0.4,0.015,0.01,24,1.5,487,3.25,93.6,50.3,0.241,22.521,229,226,32
XRP/USDT,15m,0.4,0.015,0.01,36,1.5,487,3.25,93.6,48.8,0.211,19.765,229,240,18
XRP/USDT,15m,0.4,0.015,0.01,48,1.5,487,3.25,93.6,48.5,0.214,20.055,233,247,7
XRP/USDT,15m,0.4,0.02,0.008,4,2.5,487,3.25,93.6,33.9,0.28,26.203,77,150,260
XRP/USDT,15m,0.4,0.02,0.008,6,2.5,487,3.25,93.6,39.9,0.371,34.717,120,181,186
XRP/USDT,15m,0.4,0.02,0.008,8,2.5,487,3.25,93.6,44.6,0.434,40.6,156,194,137
XRP/USDT,15m,0.4,0.02,0.008,12,2.5,487,3.25,93.6,44.9,0.45,42.136,179,220,88
XRP/USDT,15m,0.4,0.02,0.008,16,2.5,487,3.25,93.6,44.9,0.453,42.385,190,233,64
XRP/USDT,15m,0.4,0.02,0.008,20,2.5,487,3.25,93.6,43.9,0.43,40.242,195,249,43
XRP/USDT,15m,0.4,0.02,0.008,24,2.5,487,3.25,93.6,43.4,0.407,38.071,198,258,31
XRP/USDT,15m,0.4,0.02,0.008,36,2.5,487,3.25,93.6,42.5,0.381,35.699,199,269,19
XRP/USDT,15m,0.4,0.02,0.008,48,2.5,487,3.25,93.6,42.8,0.401,37.492,204,273,10
XRP/USDT,15m,0.4,0.02,0.01,4,2.0,487,3.25,93.6,41.8,0.279,26.123,79,110,298
XRP/USDT,15m,0.4,0.02,0.01,6,2.0,487,3.25,93.6,46.4,0.384,35.947,124,143,220
XRP/USDT,15m,0.4,0.02,0.01,8,2.0,487,3.25,93.6,51.4,0.457,42.789,163,154,170
XRP/USDT,15m,0.4,0.02,0.01,12,2.0,487,3.25,93.6,51.7,0.485,45.37,187,175,125
XRP/USDT,15m,0.4,0.02,0.01,16,2.0,487,3.25,93.6,50.4,0.473,44.279,203,200,84
XRP/USDT,15m,0.4,0.02,0.01,20,2.0,487,3.25,93.6,48.5,0.442,41.379,208,221,58
XRP/USDT,15m,0.4,0.02,0.01,24,2.0,487,3.25,93.6,47.8,0.41,38.411,211,230,46
XRP/USDT,15m,0.4,0.02,0.01,36,2.0,487,3.25,93.6,46.2,0.368,34.452,212,247,28
XRP/USDT,15m,0.4,0.02,0.01,48,2.0,487,3.25,93.6,45.8,0.376,35.149,217,257,13
XRP/USDT,15m,0.4,0.02,0.015,4,1.3,487,3.25,93.6,66.2,0.339,31.753,88,45,354
XRP/USDT,15m,0.4,0.02,0.015,6,1.3,487,3.25,93.6,68.5,0.447,41.849,135,62,290
XRP/USDT,15m,0.4,0.02,0.015,8,1.3,487,3.25,93.6,69.1,0.522,48.832,177,79,231
XRP/USDT,15m,0.4,0.02,0.015,12,1.3,487,3.25,93.6,65.9,0.532,49.771,201,104,182
XRP/USDT,15m,0.4,0.02,0.015,16,1.3,487,3.25,93.6,63.6,0.498,46.644,218,125,144
XRP/USDT,15m,0.4,0.02,0.015,20,1.3,487,3.25,93.6,60.1,0.45,42.13,223,148,116
XRP/USDT,15m,0.4,0.02,0.015,24,1.3,487,3.25,93.6,58.5,0.407,38.1,226,160,101
XRP/USDT,15m,0.4,0.02,0.015,36,1.3,487,3.25,93.6,54.0,0.314,29.376,227,193,67
XRP/USDT,15m,0.4,0.02,0.015,48,1.3,487,3.25,93.6,52.7,0.331,30.991,238,214,35
XRP/USDT,15m,0.4,0.025,0.008,4,3.1,487,3.25,93.6,23.7,0.31,29.051,47,151,289
XRP/USDT,15m,0.4,0.025,0.008,6,3.1,487,3.25,93.6,32.1,0.443,41.456,86,182,219
XRP/USDT,15m,0.4,0.025,0.008,8,3.1,487,3.25,93.6,39.1,0.545,51.01,125,195,167
XRP/USDT,15m,0.4,0.025,0.008,12,3.1,487,3.25,93.6,40.3,0.573,53.625,149,221,117
XRP/USDT,15m,0.4,0.025,0.008,16,3.1,487,3.25,93.6,41.6,0.593,55.518,167,234,86
XRP/USDT,15m,0.4,0.025,0.008,20,3.1,487,3.25,93.6,40.5,0.565,52.842,171,251,65
XRP/USDT,15m,0.4,0.025,0.008,24,3.1,487,3.25,93.6,40.1,0.526,49.195,176,263,48
XRP/USDT,15m,0.4,0.025,0.008,36,3.1,487,3.25,93.6,39.0,0.478,44.762,178,278,31
XRP/USDT,15m,0.4,0.025,0.008,48,3.1,487,3.25,93.6,38.6,0.487,45.594,181,288,18
XRP/USDT,15m,0.4,0.025,0.01,4,2.5,487,3.25,93.6,30.6,0.311,29.125,49,111,327
XRP/USDT,15m,0.4,0.025,0.01,6,2.5,487,3.25,93.6,38.5,0.46,43.031,90,144,253
XRP/USDT,15m,0.4,0.025,0.01,8,2.5,487,3.25,93.6,45.6,0.57,53.389,130,155,202
XRP/USDT,15m,0.4,0.025,0.01,12,2.5,487,3.25,93.6,47.0,0.612,57.28,156,176,155
XRP/USDT,15m,0.4,0.025,0.01,16,2.5,487,3.25,93.6,46.5,0.616,57.609,175,201,111
XRP/USDT,15m,0.4,0.025,0.01,20,2.5,487,3.25,93.6,44.8,0.581,54.351,181,223,83
XRP/USDT,15m,0.4,0.025,0.01,24,2.5,487,3.25,93.6,44.3,0.536,50.157,187,235,65
XRP/USDT,15m,0.4,0.025,0.01,36,2.5,487,3.25,93.6,42.5,0.468,43.789,189,256,42
XRP/USDT,15m,0.4,0.025,0.01,48,2.5,487,3.25,93.6,41.5,0.465,43.475,192,271,24
XRP/USDT,15m,0.4,0.025,0.015,4,1.7,487,3.25,93.6,55.4,0.378,35.34,56,45,386
XRP/USDT,15m,0.4,0.025,0.015,6,1.7,487,3.25,93.6,61.5,0.534,49.96,99,62,326
XRP/USDT,15m,0.4,0.025,0.015,8,1.7,487,3.25,93.6,63.9,0.65,60.788,140,79,268
XRP/USDT,15m,0.4,0.025,0.015,12,1.7,487,3.25,93.6,61.8,0.672,62.907,168,104,215
XRP/USDT,15m,0.4,0.025,0.015,16,1.7,487,3.25,93.6,59.9,0.647,60.579,187,125,175
XRP/USDT,15m,0.4,0.025,0.015,20,1.7,487,3.25,93.6,56.4,0.592,55.426,193,149,145
XRP/USDT,15m,0.4,0.025,0.015,24,1.7,487,3.25,93.6,54.8,0.534,49.979,200,165,122
XRP/USDT,15m,0.4,0.025,0.015,36,1.7,487,3.25,93.6,49.9,0.406,38.029,202,203,82
XRP/USDT,15m,0.4,0.025,0.015,48,1.7,487,3.25,93.6,48.4,0.419,39.201,210,224,53
XRP/USDT,15m,0.4,0.025,0.02,4,1.2,487,3.25,93.6,64.8,0.375,35.136,57,31,399
XRP/USDT,15m,0.4,0.025,0.02,6,1.2,487,3.25,93.6,69.0,0.533,49.848,100,45,342
XRP/USDT,15m,0.4,0.025,0.02,8,1.2,487,3.25,93.6,72.3,0.641,60.01,141,54,292
XRP/USDT,15m,0.4,0.025,0.02,12,1.2,487,3.25,93.6,71.8,0.679,63.536,173,68,246
XRP/USDT,15m,0.4,0.025,0.02,16,1.2,487,3.25,93.6,68.2,0.631,59.048,193,90,204
XRP/USDT,15m,0.4,0.025,0.02,20,1.2,487,3.25,93.6,65.0,0.567,53.099,199,107,181
XRP/USDT,15m,0.4,0.025,0.02,24,1.2,487,3.25,93.6,63.2,0.49,45.815,206,120,161
XRP/USDT,15m,0.4,0.025,0.02,36,1.2,487,3.25,93.6,55.5,0.329,30.794,208,167,112
XRP/USDT,15m,0.4,0.025,0.02,48,1.2,487,3.25,93.6,53.1,0.324,30.343,217,192,78
XRP/USDT,15m,0.4,0.03,0.008,4,3.8,487,3.25,93.6,17.9,0.336,31.43,33,151,303
XRP/USDT,15m,0.4,0.03,0.008,6,3.8,487,3.25,93.6,25.3,0.481,45.047,62,183,242
XRP/USDT,15m,0.4,0.03,0.008,8,3.8,487,3.25,93.6,29.7,0.595,55.673,83,196,208
XRP/USDT,15m,0.4,0.03,0.008,12,3.8,487,3.25,93.6,33.3,0.627,58.679,112,224,151
XRP/USDT,15m,0.4,0.03,0.008,16,3.8,487,3.25,93.6,35.7,0.645,60.399,132,238,117
XRP/USDT,15m,0.4,0.03,0.008,20,3.8,487,3.25,93.6,35.5,0.631,59.019,141,256,90
XRP/USDT,15m,0.4,0.03,0.008,24,3.8,487,3.25,93.6,35.6,0.6,56.108,149,269,69
XRP/USDT,15m,0.4,0.03,0.008,36,3.8,487,3.25,93.6,34.7,0.523,48.901,153,288,46
XRP/USDT,15m,0.4,0.03,0.008,48,3.8,487,3.25,93.6,33.9,0.52,48.674,154,300,33
XRP/USDT,15m,0.4,0.03,0.01,4,3.0,487,3.25,93.6,23.4,0.337,31.547,34,111,342
XRP/USDT,15m,0.4,0.03,0.01,6,3.0,487,3.25,93.6,31.3,0.502,46.968,66,145,276
XRP/USDT,15m,0.4,0.03,0.01,8,3.0,487,3.25,93.6,36.1,0.625,58.493,88,156,243
XRP/USDT,15m,0.4,0.03,0.01,12,3.0,487,3.25,93.6,39.9,0.671,62.824,118,178,191
XRP/USDT,15m,0.4,0.03,0.01,16,3.0,487,3.25,93.6,40.5,0.675,63.145,139,204,144
XRP/USDT,15m,0.4,0.03,0.01,20,3.0,487,3.25,93.6,39.5,0.651,60.92,148,227,112
XRP/USDT,15m,0.4,0.03,0.01,24,3.0,487,3.25,93.6,39.7,0.616,57.664,158,240,89
XRP/USDT,15m,0.4,0.03,0.01,36,3.0,487,3.25,93.6,38.1,0.519,48.537,163,265,59
XRP/USDT,15m,0.4,0.03,0.01,48,3.0,487,3.25,93.6,36.8,0.5,46.789,164,282,41
XRP/USDT,15m,0.4,0.03,0.015,4,2.0,487,3.25,93.6,46.4,0.405,37.859,39,45,403
XRP/USDT,15m,0.4,0.03,0.015,6,2.0,487,3.25,93.6,53.7,0.576,53.909,73,63,351
XRP/USDT,15m,0.4,0.03,0.015,8,2.0,487,3.25,93.6,54.2,0.703,65.795,96,81,310
XRP/USDT,15m,0.4,0.03,0.015,12,2.0,487,3.25,93.6,54.5,0.728,68.144,128,107,252
XRP/USDT,15m,0.4,0.03,0.015,16,2.0,487,3.25,93.6,53.6,0.699,65.454,149,129,209
XRP/USDT,15m,0.4,0.03,0.015,20,2.0,487,3.25,93.6,50.6,0.659,61.662,158,154,175
XRP/USDT,15m,0.4,0.03,0.015,24,2.0,487,3.25,93.6,49.7,0.608,56.892,169,171,147
XRP/USDT,15m,0.4,0.03,0.015,36,2.0,487,3.25,93.6,45.1,0.451,42.223,174,212,101
XRP/USDT,15m,0.4,0.03,0.015,48,2.0,487,3.25,93.6,43.3,0.451,42.189,179,234,74
XRP/USDT,15m,0.4,0.03,0.02,4,1.5,487,3.25,93.6,55.7,0.401,37.491,39,31,417
XRP/USDT,15m,0.4,0.03,0.02,6,1.5,487,3.25,93.6,61.9,0.574,53.753,73,45,369
XRP/USDT,15m,0.4,0.03,0.02,8,1.5,487,3.25,93.6,63.6,0.695,65.062,96,55,336
XRP/USDT,15m,0.4,0.03,0.02,12,1.5,487,3.25,93.6,65.8,0.746,69.806,133,69,285
XRP/USDT,15m,0.4,0.03,0.02,16,1.5,487,3.25,93.6,62.6,0.697,65.186,154,92,241
XRP/USDT,15m,0.4,0.03,0.02,20,1.5,487,3.25,93.6,60.1,0.651,60.931,164,109,214
XRP/USDT,15m,0.4,0.03,0.02,24,1.5,487,3.25,93.6,58.9,0.585,54.724,176,123,188
XRP/USDT,15m,0.4,0.03,0.02,36,1.5,487,3.25,93.6,51.3,0.394,36.844,181,172,134
XRP/USDT,15m,0.4,0.03,0.02,48,1.5,487,3.25,93.6,48.1,0.36,33.666,186,201,100
XRP/USDT,15m,0.4,0.03,0.025,4,1.2,487,3.25,93.6,60.0,0.386,36.153,39,26,422
XRP/USDT,15m,0.4,0.03,0.025,6,1.2,487,3.25,93.6,69.4,0.571,53.462,75,33,379
XRP/USDT,15m,0.4,0.03,0.025,8,1.2,487,3.25,93.6,71.5,0.689,64.463,98,39,350
XRP/USDT,15m,0.4,0.03,0.025,12,1.2,487,3.25,93.6,70.7,0.734,68.67,135,56,296
XRP/USDT,15m,0.4,0.03,0.025,16,1.2,487,3.25,93.6,68.7,0.667,62.457,156,71,260
XRP/USDT,15m,0.4,0.03,0.025,20,1.2,487,3.25,93.6,66.7,0.608,56.897,166,83,238
XRP/USDT,15m,0.4,0.03,0.025,24,1.2,487,3.25,93.6,65.0,0.538,50.394,178,96,213
XRP/USDT,15m,0.4,0.03,0.025,36,1.2,487,3.25,93.6,57.7,0.338,31.649,183,134,170
XRP/USDT,15m,0.4,0.03,0.025,48,1.2,487,3.25,93.6,52.7,0.266,24.85,188,169,130
XRP/USDT,15m,0.4,0.04,0.008,4,5.0,487,3.25,93.6,8.4,0.337,31.512,14,152,321
XRP/USDT,15m,0.4,0.04,0.008,6,5.0,487,3.25,93.6,11.8,0.478,44.769,25,186,276
XRP/USDT,15m,0.4,0.04,0.008,8,5.0,487,3.25,93.6,17.1,0.611,57.137,41,199,247
XRP/USDT,15m,0.4,0.04,0.008,12,5.0,487,3.25,93.6,20.0,0.646,60.467,57,228,202
XRP/USDT,15m,0.4,0.04,0.008,16,5.0,487,3.25,93.6,24.5,0.684,64.054,80,246,161
XRP/USDT,15m,0.4,0.04,0.008,20,5.0,487,3.25,93.6,25.5,0.676,63.307,91,266,130
XRP/USDT,15m,0.4,0.04,0.008,24,5.0,487,3.25,93.6,25.7,0.644,60.316,97,280,110
XRP/USDT,15m,0.4,0.04,0.008,36,5.0,487,3.25,93.6,26.4,0.574,53.693,107,299,81
XRP/USDT,15m,0.4,0.04,0.008,48,5.0,487,3.25,93.6,25.8,0.563,52.665,108,311,68
XRP/USDT,15m,0.4,0.04,0.01,4,4.0,487,3.25,93.6,11.1,0.336,31.434,14,112,361
XRP/USDT,15m,0.4,0.04,0.01,6,4.0,487,3.25,93.6,14.5,0.495,46.335,25,148,314
XRP/USDT,15m,0.4,0.04,0.01,8,4.0,487,3.25,93.6,20.5,0.635,59.426,41,159,287
XRP/USDT,15m,0.4,0.04,0.01,12,4.0,487,3.25,93.6,25.1,0.693,64.831,61,182,244
XRP/USDT,15m,0.4,0.04,0.01,16,4.0,487,3.25,93.6,28.4,0.713,66.693,84,212,191
XRP/USDT,15m,0.4,0.04,0.01,20,4.0,487,3.25,93.6,28.8,0.695,65.055,96,237,154
XRP/USDT,15m,0.4,0.04,0.01,24,4.0,487,3.25,93.6,29.1,0.664,62.175,103,251,133
XRP/USDT,15m,0.4,0.04,0.01,36,4.0,487,3.25,93.6,29.2,0.57,53.32,114,276,97
XRP/USDT,15m,0.4,0.04,0.01,48,4.0,487,3.25,93.6,28.4,0.548,51.29,116,293,78
XRP/USDT,15m,0.4,0.04,0.015,4,2.7,487,3.25,93.6,26.2,0.404,37.842,16,45,426
XRP/USDT,15m,0.4,0.04,0.015,6,2.7,487,3.25,93.6,29.8,0.57,53.368,28,66,393
XRP/USDT,15m,0.4,0.04,0.015,8,2.7,487,3.25,93.6,34.9,0.714,66.784,45,84,358
XRP/USDT,15m,0.4,0.04,0.015,12,2.7,487,3.25,93.6,37.5,0.751,70.293,66,110,311
XRP/USDT,15m,0.4,0.04,0.015,16,2.7,487,3.25,93.6,41.1,0.749,70.12,92,132,263
XRP/USDT,15m,0.4,0.04,0.015,20,2.7,487,3.25,93.6,39.8,0.735,68.799,104,157,226
XRP/USDT,15m,0.4,0.04,0.015,24,2.7,487,3.25,93.6,39.6,0.71,66.446,114,174,199
XRP/USDT,15m,0.4,0.04,0.015,36,2.7,487,3.25,93.6,36.7,0.555,51.968,126,217,144
XRP/USDT,15m,0.4,0.04,0.015,48,2.7,487,3.25,93.6,34.8,0.538,50.375,129,242,116
XRP/USDT,15m,0.4,0.04,0.02,4,2.0,487,3.25,93.6,34.0,0.4,37.475,16,31,440
XRP/USDT,15m,0.4,0.04,0.02,6,2.0,487,3.25,93.6,37.3,0.568,53.12,28,47,412
XRP/USDT,15m,0.4,0.04,0.02,8,2.0,487,3.25,93.6,43.7,0.703,65.763,45,58,384
XRP/USDT,15m,0.4,0.04,0.02,12,2.0,487,3.25,93.6,48.9,0.772,72.249,69,72,346
XRP/USDT,15m,0.4,0.04,0.02,16,2.0,487,3.25,93.6,50.3,0.753,70.445,96,95,296
XRP/USDT,15m,0.4,0.04,0.02,20,2.0,487,3.25,93.6,49.3,0.735,68.797,109,112,266
XRP/USDT,15m,0.4,0.04,0.02,24,2.0,487,3.25,93.6,48.6,0.696,65.164,119,126,242
XRP/USDT,15m,0.4,0.04,0.02,36,2.0,487,3.25,93.6,42.9,0.507,47.454,133,177,177
XRP/USDT,15m,0.4,0.04,0.02,48,2.0,487,3.25,93.6,39.4,0.453,42.428,136,209,142
XRP/USDT,15m,0.4,0.04,0.025,4,1.6,487,3.25,93.6,38.1,0.386,36.137,16,26,445
XRP/USDT,15m,0.4,0.04,0.025,6,1.6,487,3.25,93.6,46.0,0.566,52.934,29,34,424
XRP/USDT,15m,0.4,0.04,0.025,8,1.6,487,3.25,93.6,52.8,0.697,65.26,47,42,398
XRP/USDT,15m,0.4,0.04,0.025,12,1.6,487,3.25,93.6,54.6,0.761,71.21,71,59,357
XRP/USDT,15m,0.4,0.04,0.025,16,1.6,487,3.25,93.6,57.0,0.725,67.812,98,74,315
XRP/USDT,15m,0.4,0.04,0.025,20,1.6,487,3.25,93.6,56.3,0.693,64.86,111,86,290
XRP/USDT,15m,0.4,0.04,0.025,24,1.6,487,3.25,93.6,55.0,0.651,60.93,121,99,267
XRP/USDT,15m,0.4,0.04,0.025,36,1.6,487,3.25,93.6,49.5,0.453,42.379,135,138,214
XRP/USDT,15m,0.4,0.04,0.025,48,1.6,487,3.25,93.6,43.8,0.355,33.227,138,177,172
XRP/USDT,15m,0.4,0.05,0.008,4,6.2,487,3.25,93.6,3.2,0.33,30.838,5,152,330
XRP/USDT,15m,0.4,0.05,0.008,6,6.2,487,3.25,93.6,4.1,0.464,43.387,8,186,293
XRP/USDT,15m,0.4,0.05,0.008,8,6.2,487,3.25,93.6,8.3,0.611,57.139,18,200,269
XRP/USDT,15m,0.4,0.05,0.008,12,6.2,487,3.25,93.6,12.9,0.682,63.802,34,229,224
XRP/USDT,15m,0.4,0.05,0.008,16,6.2,487,3.25,93.6,16.8,0.735,68.771,50,247,190
XRP/USDT,15m,0.4,0.05,0.008,20,6.2,487,3.25,93.6,17.8,0.73,68.285,58,267,162
XRP/USDT,15m,0.4,0.05,0.008,24,6.2,487,3.25,93.6,19.5,0.715,66.868,68,281,138
XRP/USDT,15m,0.4,0.05,0.008,36,6.2,487,3.25,93.6,19.4,0.652,60.978,72,300,115
XRP/USDT,15m,0.4,0.05,0.008,48,6.2,487,3.25,93.6,19.6,0.617,57.725,76,312,99
XRP/USDT,15m,0.4,0.05,0.01,4,5.0,487,3.25,93.6,4.3,0.329,30.76,5,112,370
XRP/USDT,15m,0.4,0.05,0.01,6,5.0,487,3.25,93.6,5.1,0.48,44.953,8,148,331
XRP/USDT,15m,0.4,0.05,0.01,8,5.0,487,3.25,93.6,10.2,0.643,60.161,18,159,310
XRP/USDT,15m,0.4,0.05,0.01,12,5.0,487,3.25,93.6,17.3,0.746,69.847,38,182,267
XRP/USDT,15m,0.4,0.05,0.01,16,5.0,487,3.25,93.6,20.3,0.779,72.947,54,212,221
XRP/USDT,15m,0.4,0.05,0.01,20,5.0,487,3.25,93.6,20.7,0.767,71.746,62,237,188
XRP/USDT,15m,0.4,0.05,0.01,24,5.0,487,3.25,93.6,22.3,0.752,70.379,72,251,164
XRP/USDT,15m,0.4,0.05,0.01,36,5.0,487,3.25,93.6,22.0,0.67,62.655,78,276,133
XRP/USDT,15m,0.4,0.05,0.01,48,5.0,487,3.25,93.6,22.1,0.624,58.359,83,293,111
XRP/USDT,15m,0.4,0.05,0.015,4,3.3,487,3.25,93.6,11.8,0.394,36.852,6,45,436
XRP/USDT,15m,0.4,0.05,0.015,6,3.3,487,3.25,93.6,13.2,0.55,51.43,10,66,411
XRP/USDT,15m,0.4,0.05,0.015,8,3.3,487,3.25,93.6,20.0,0.721,67.481,21,84,382
XRP/USDT,15m,0.4,0.05,0.015,12,3.3,487,3.25,93.6,27.5,0.802,75.02,42,111,334
XRP/USDT,15m,0.4,0.05,0.015,16,3.3,487,3.25,93.6,30.4,0.812,75.945,58,133,296
XRP/USDT,15m,0.4,0.05,0.015,20,3.3,487,3.25,93.6,29.5,0.804,75.26,66,158,263
XRP/USDT,15m,0.4,0.05,0.015,24,3.3,487,3.25,93.6,31.4,0.803,75.194,80,175,232
XRP/USDT,15m,0.4,0.05,0.015,36,3.3,487,3.25,93.6,28.5,0.661,61.885,87,218,182
XRP/USDT,15m,0.4,0.05,0.015,48,3.3,487,3.25,93.6,27.5,0.616,57.604,92,243,152
XRP/USDT,15m,0.4,0.05,0.02,4,2.5,487,3.25,93.6,16.2,0.39,36.485,6,31,450
XRP/USDT,15m,0.4,0.05,0.02,6,2.5,487,3.25,93.6,17.5,0.547,51.182,10,47,430
XRP/USDT,15m,0.4,0.05,0.02,8,2.5,487,3.25,93.6,26.6,0.71,66.46,21,58,408
XRP/USDT,15m,0.4,0.05,0.02,12,2.5,487,3.25,93.6,37.6,0.825,77.238,44,73,370
XRP/USDT,15m,0.4,0.05,0.02,16,2.5,487,3.25,93.6,38.5,0.816,76.35,60,96,331
XRP/USDT,15m,0.4,0.05,0.02,20,2.5,487,3.25,93.6,37.9,0.805,75.377,69,113,305
XRP/USDT,15m,0.4,0.05,0.02,24,2.5,487,3.25,93.6,39.8,0.791,74.071,84,127,276
XRP/USDT,15m,0.4,0.05,0.02,36,2.5,487,3.25,93.6,34.3,0.62,57.992,93,178,216
XRP/USDT,15m,0.4,0.05,0.02,48,2.5,487,3.25,93.6,31.8,0.537,50.288,98,210,179
XRP/USDT,15m,0.4,0.05,0.025,4,2.0,487,3.25,93.6,18.8,0.376,35.146,6,26,455
XRP/USDT,15m,0.4,0.05,0.025,6,2.0,487,3.25,93.6,24.4,0.547,51.188,11,34,442
XRP/USDT,15m,0.4,0.05,0.025,8,2.0,487,3.25,93.6,35.4,0.709,66.341,23,42,422
XRP/USDT,15m,0.4,0.05,0.025,12,2.0,487,3.25,93.6,43.4,0.817,76.486,46,60,381
XRP/USDT,15m,0.4,0.05,0.025,16,2.0,487,3.25,93.6,45.3,0.791,74.006,62,75,350
XRP/USDT,15m,0.4,0.05,0.025,20,2.0,487,3.25,93.6,44.9,0.766,71.728,71,87,329
XRP/USDT,15m,0.4,0.05,0.025,24,2.0,487,3.25,93.6,46.2,0.749,70.125,86,100,301
XRP/USDT,15m,0.4,0.05,0.025,36,2.0,487,3.25,93.6,40.6,0.569,53.205,95,139,253
XRP/USDT,15m,0.4,0.05,0.025,48,2.0,487,3.25,93.6,36.0,0.442,41.376,100,178,209
XRP/USDT,15m,0.4,0.075,0.008,4,9.4,487,3.25,93.6,0.7,0.321,30.073,1,152,334
XRP/USDT,15m,0.4,0.075,0.008,6,9.4,487,3.25,93.6,0.5,0.442,41.385,1,187,299
XRP/USDT,15m,0.4,0.075,0.008,8,9.4,487,3.25,93.6,1.0,0.586,54.881,2,202,283
XRP/USDT,15m,0.4,0.075,0.008,12,9.4,487,3.25,93.6,2.1,0.657,61.459,5,231,251
XRP/USDT,15m,0.4,0.075,0.008,16,9.4,487,3.25,93.6,5.7,0.744,69.669,15,249,223
XRP/USDT,15m,0.4,0.075,0.008,20,9.4,487,3.25,93.6,7.2,0.76,71.093,21,269,197
XRP/USDT,15m,0.4,0.075,0.008,24,9.4,487,3.25,93.6,9.5,0.744,69.637,30,286,171
XRP/USDT,15m,0.4,0.075,0.008,36,9.4,487,3.25,93.6,11.8,0.752,70.382,41,307,139
XRP/USDT,15m,0.4,0.075,0.008,48,9.4,487,3.25,93.6,11.4,0.707,66.183,41,319,127
XRP/USDT,15m,0.4,0.075,0.01,4,7.5,487,3.25,93.6,0.9,0.321,29.994,1,112,374
XRP/USDT,15m,0.4,0.075,0.01,6,7.5,487,3.25,93.6,0.7,0.459,42.912,1,149,337
XRP/USDT,15m,0.4,0.075,0.01,8,7.5,487,3.25,93.6,1.2,0.618,57.826,2,161,324
XRP/USDT,15m,0.4,0.075,0.01,12,7.5,487,3.25,93.6,3.2,0.718,67.23,6,184,297
XRP/USDT,15m,0.4,0.075,0.01,16,7.5,487,3.25,93.6,7.0,0.781,73.099,16,214,257
XRP/USDT,15m,0.4,0.075,0.01,20,7.5,487,3.25,93.6,8.4,0.782,73.17,22,239,226
XRP/USDT,15m,0.4,0.075,0.01,24,7.5,487,3.25,93.6,10.8,0.775,72.526,31,256,200
XRP/USDT,15m,0.4,0.075,0.01,36,7.5,487,3.25,93.6,13.5,0.78,72.97,44,283,160
XRP/USDT,15m,0.4,0.075,0.01,48,7.5,487,3.25,93.6,12.8,0.725,67.86,44,300,143
XRP/USDT,15m,0.4,0.075,0.015,4,5.0,487,3.25,93.6,2.2,0.386,36.167,1,45,441
XRP/USDT,15m,0.4,0.075,0.015,6,5.0,487,3.25,93.6,2.9,0.529,49.511,2,67,418
XRP/USDT,15m,0.4,0.075,0.015,8,5.0,487,3.25,93.6,3.4,0.697,65.206,3,86,398
XRP/USDT,15m,0.4,0.075,0.015,12,5.0,487,3.25,93.6,6.6,0.78,72.99,8,113,366
XRP/USDT,15m,0.4,0.075,0.015,16,5.0,487,3.25,93.6,11.8,0.821,76.803,18,135,334
XRP/USDT,15m,0.4,0.075,0.015,20,5.0,487,3.25,93.6,14.0,0.838,78.414,26,160,301
XRP/USDT,15m,0.4,0.075,0.015,24,5.0,487,3.25,93.6,16.3,0.843,78.888,35,180,272
XRP/USDT,15m,0.4,0.075,0.015,36,5.0,487,3.25,93.6,17.9,0.793,74.188,49,225,213
XRP/USDT,15m,0.4,0.075,0.015,48,5.0,487,3.25,93.6,16.4,0.738,69.075,49,250,188
XRP/USDT,15m,0.4,0.075,0.02,4,3.8,487,3.25,93.6,3.1,0.383,35.8,1,31,455
XRP/USDT,15m,0.4,0.075,0.02,6,3.8,487,3.25,93.6,4.0,0.525,49.167,2,48,437
XRP/USDT,15m,0.4,0.075,0.02,8,3.8,487,3.25,93.6,4.8,0.684,63.993,3,60,424
XRP/USDT,15m,0.4,0.075,0.02,12,3.8,487,3.25,93.6,9.6,0.802,75.044,8,75,404
XRP/USDT,15m,0.4,0.075,0.02,16,3.8,487,3.25,93.6,15.5,0.817,76.429,18,98,371
XRP/USDT,15m,0.4,0.075,0.02,20,3.8,487,3.25,93.6,19.0,0.836,78.235,27,115,345
XRP/USDT,15m,0.4,0.075,0.02,24,3.8,487,3.25,93.6,22.2,0.832,77.866,37,130,320
XRP/USDT,15m,0.4,0.075,0.02,36,3.8,487,3.25,93.6,21.6,0.751,70.274,51,185,251
XRP/USDT,15m,0.4,0.075,0.02,48,3.8,487,3.25,93.6,19.0,0.661,61.88,51,217,219
XRP/USDT,15m,0.4,0.075,0.025,4,3.0,487,3.25,93.6,3.7,0.368,34.461,1,26,460
XRP/USDT,15m,0.4,0.075,0.025,6,3.0,487,3.25,93.6,7.9,0.53,49.557,3,35,449
XRP/USDT,15m,0.4,0.075,0.025,8,3.0,487,3.25,93.6,10.2,0.691,64.643,5,44,438
XRP/USDT,15m,0.4,0.075,0.025,12,3.0,487,3.25,93.6,13.9,0.802,75.061,10,62,415
XRP/USDT,15m,0.4,0.075,0.025,16,3.0,487,3.25,93.6,20.6,0.8,74.853,20,77,390
XRP/USDT,15m,0.4,0.075,0.025,20,3.0,487,3.25,93.6,24.6,0.805,75.354,29,89,369
XRP/USDT,15m,0.4,0.075,0.025,24,3.0,487,3.25,93.6,27.7,0.8,74.832,39,102,346
XRP/USDT,15m,0.4,0.075,0.025,36,3.0,487,3.25,93.6,26.6,0.703,65.776,53,146,288
XRP/USDT,15m,0.4,0.075,0.025,48,3.0,487,3.25,93.6,22.3,0.569,53.255,53,185,249
XRP/USDT,15m,0.4,0.1,0.008,4,12.5,487,3.25,93.6,0.0,0.322,30.108,0,152,335
XRP/USDT,15m,0.4,0.1,0.008,6,12.5,487,3.25,93.6,0.5,0.447,41.865,1,187,299
XRP/USDT,15m,0.4,0.1,0.008,8,12.5,487,3.25,93.6,0.5,0.591,55.28,1,202,284
XRP/USDT,15m,0.4,0.1,0.008,12,12.5,487,3.25,93.6,0.9,0.663,62.092,2,231,254
XRP/USDT,15m,0.4,0.1,0.008,16,12.5,487,3.25,93.6,1.2,0.74,69.296,3,249,235
XRP/USDT,15m,0.4,0.1,0.008,20,12.5,487,3.25,93.6,3.2,0.77,72.043,9,269,209
XRP/USDT,15m,0.4,0.1,0.008,24,12.5,487,3.25,93.6,4.3,0.755,70.697,13,286,188
XRP/USDT,15m,0.4,0.1,0.008,36,12.5,487,3.25,93.6,8.0,0.803,75.149,27,312,148
XRP/USDT,15m,0.4,0.1,0.008,48,12.5,487,3.25,93.6,8.7,0.763,71.437,31,325,131
XRP/USDT,15m,0.4,0.1,0.01,4,10.0,487,3.25,93.6,0.0,0.321,30.03,0,112,375
XRP/USDT,15m,0.4,0.1,0.01,6,10.0,487,3.25,93.6,0.7,0.464,43.392,1,149,337
XRP/USDT,15m,0.4,0.1,0.01,8,10.0,487,3.25,93.6,0.6,0.622,58.226,1,161,325
XRP/USDT,15m,0.4,0.1,0.01,12,10.0,487,3.25,93.6,1.1,0.726,67.903,2,184,301
XRP/USDT,15m,0.4,0.1,0.01,16,10.0,487,3.25,93.6,1.4,0.76,71.093,3,215,269
XRP/USDT,15m,0.4,0.1,0.01,20,10.0,487,3.25,93.6,3.6,0.775,72.487,9,240,238
XRP/USDT,15m,0.4,0.1,0.01,24,10.0,487,3.25,93.6,4.8,0.769,71.953,13,257,217
XRP/USDT,15m,0.4,0.1,0.01,36,10.0,487,3.25,93.6,8.5,0.815,76.257,27,289,171
XRP/USDT,15m,0.4,0.1,0.01,48,10.0,487,3.25,93.6,9.7,0.772,72.211,33,307,147
XRP/USDT,15m,0.4,0.1,0.015,4,6.7,487,3.25,93.6,0.0,0.387,36.202,0,45,442
XRP/USDT,15m,0.4,0.1,0.015,6,6.7,487,3.25,93.6,1.5,0.534,49.939,1,67,419
XRP/USDT,15m,0.4,0.1,0.015,8,6.7,487,3.25,93.6,1.1,0.695,65.026,1,86,400
XRP/USDT,15m,0.4,0.1,0.015,12,6.7,487,3.25,93.6,1.7,0.77,72.054,2,114,371
XRP/USDT,15m,0.4,0.1,0.015,16,6.7,487,3.25,93.6,2.1,0.777,72.731,3,137,347
XRP/USDT,15m,0.4,0.1,0.015,20,6.7,487,3.25,93.6,5.3,0.807,75.487,9,162,316
XRP/USDT,15m,0.4,0.1,0.015,24,6.7,487,3.25,93.6,7.1,0.812,75.976,14,182,291
XRP/USDT,15m,0.4,0.1,0.015,36,6.7,487,3.25,93.6,10.9,0.81,75.831,28,230,229
XRP/USDT,15m,0.4,0.1,0.015,48,6.7,487,3.25,93.6,12.3,0.765,71.629,36,257,194
XRP/USDT,15m,0.4,0.1,0.02,4,5.0,487,3.25,93.6,0.0,0.383,35.835,0,31,456
XRP/USDT,15m,0.4,0.1,0.02,6,5.0,487,3.25,93.6,2.0,0.53,49.594,1,48,438
XRP/USDT,15m,0.4,0.1,0.02,8,5.0,487,3.25,93.6,1.6,0.682,63.812,1,60,426
XRP/USDT,15m,0.4,0.1,0.02,12,5.0,487,3.25,93.6,2.6,0.791,74.012,2,76,409
XRP/USDT,15m,0.4,0.1,0.02,16,5.0,487,3.25,93.6,2.9,0.771,72.164,3,100,384
XRP/USDT,15m,0.4,0.1,0.02,20,5.0,487,3.25,93.6,7.1,0.803,75.136,9,117,361
XRP/USDT,15m,0.4,0.1,0.02,24,5.0,487,3.25,93.6,10.2,0.8,74.885,15,132,340
XRP/USDT,15m,0.4,0.1,0.02,36,5.0,487,3.25,93.6,13.2,0.756,70.789,29,190,268
XRP/USDT,15m,0.4,0.1,0.02,48,5.0,487,3.25,93.6,14.2,0.674,63.096,37,223,227
XRP/USDT,15m,0.4,0.1,0.025,4,4.0,487,3.25,93.6,0.0,0.369,34.497,0,26,461
XRP/USDT,15m,0.4,0.1,0.025,6,4.0,487,3.25,93.6,2.8,0.534,49.928,1,35,451
XRP/USDT,15m,0.4,0.1,0.025,8,4.0,487,3.25,93.6,2.2,0.682,63.794,1,44,442
XRP/USDT,15m,0.4,0.1,0.025,12,4.0,487,3.25,93.6,3.0,0.749,70.09,2,65,420
XRP/USDT,15m,0.4,0.1,0.025,16,4.0,487,3.25,93.6,3.6,0.711,66.553,3,81,403
XRP/USDT,15m,0.4,0.1,0.025,20,4.0,487,3.25,93.6,8.8,0.729,68.219,9,93,385
XRP/USDT,15m,0.4,0.1,0.025,24,4.0,487,3.25,93.6,12.4,0.725,67.816,15,106,366
XRP/USDT,15m,0.4,0.1,0.025,36,4.0,487,3.25,93.6,16.1,0.665,62.266,29,151,307
XRP/USDT,15m,0.4,0.1,0.025,48,4.0,487,3.25,93.6,16.2,0.537,50.265,37,192,258
XRP/USDT,15m,0.45,0.01,0.008,4,1.2,354,2.36,68.0,56.5,0.195,13.257,135,104,115
XRP/USDT,15m,0.45,0.01,0.008,6,1.2,354,2.36,68.0,58.3,0.221,15.022,165,118,71
XRP/USDT,15m,0.45,0.01,0.008,8,1.2,354,2.36,68.0,58.5,0.211,14.376,179,127,48
XRP/USDT,15m,0.45,0.01,0.008,12,1.2,354,2.36,68.0,56.4,0.199,13.541,185,143,26
XRP/USDT,15m,0.45,0.01,0.008,16,1.2,354,2.36,68.0,56.0,0.195,13.275,190,149,15
XRP/USDT,15m,0.45,0.01,0.008,20,1.2,354,2.36,68.0,55.0,0.184,12.535,193,158,3
XRP/USDT,15m,0.45,0.01,0.008,24,1.2,354,2.36,68.0,54.5,0.181,12.337,193,161,0
XRP/USDT,15m,0.45,0.01,0.008,36,1.2,354,2.36,68.0,54.5,0.181,12.337,193,161,0
XRP/USDT,15m,0.45,0.01,0.008,48,1.2,354,2.36,68.0,54.5,0.181,12.337,193,161,0
XRP/USDT,15m,0.45,0.015,0.008,4,1.9,354,2.36,68.0,47.8,0.296,20.11,97,106,151
XRP/USDT,15m,0.45,0.015,0.008,6,1.9,354,2.36,68.0,52.1,0.372,25.34,134,123,97
XRP/USDT,15m,0.45,0.015,0.008,8,1.9,354,2.36,68.0,53.5,0.384,26.14,152,132,70
XRP/USDT,15m,0.45,0.015,0.008,12,1.9,354,2.36,68.0,52.1,0.379,25.775,162,149,43
XRP/USDT,15m,0.45,0.015,0.008,16,1.9,354,2.36,68.0,51.7,0.372,25.333,167,156,31
XRP/USDT,15m,0.45,0.015,0.008,20,1.9,354,2.36,68.0,50.4,0.353,24.032,169,166,19
XRP/USDT,15m,0.45,0.015,0.008,24,1.9,354,2.36,68.0,50.0,0.339,23.04,171,171,12
XRP/USDT,15m,0.45,0.015,0.008,36,1.9,354,2.36,68.0,49.6,0.329,22.412,171,174,9
XRP/USDT,15m,0.45,0.015,0.008,48,1.9,354,2.36,68.0,49.6,0.343,23.333,173,176,5
XRP/USDT,15m,0.45,0.015,0.01,4,1.5,354,2.36,68.0,57.1,0.298,20.283,101,76,177
XRP/USDT,15m,0.45,0.015,0.01,6,1.5,354,2.36,68.0,58.5,0.377,25.658,138,98,118
XRP/USDT,15m,0.45,0.015,0.01,8,1.5,354,2.36,68.0,60.1,0.401,27.251,158,105,91
XRP/USDT,15m,0.45,0.015,0.01,12,1.5,354,2.36,68.0,58.6,0.399,27.126,171,121,62
XRP/USDT,15m,0.45,0.015,0.01,16,1.5,354,2.36,68.0,56.2,0.374,25.457,176,137,41
XRP/USDT,15m,0.45,0.015,0.01,20,1.5,354,2.36,68.0,54.3,0.346,23.51,178,150,26
XRP/USDT,15m,0.45,0.015,0.01,24,1.5,354,2.36,68.0,53.7,0.327,22.217,180,155,19
XRP/USDT,15m,0.45,0.015,0.01,36,1.5,354,2.36,68.0,52.8,0.305,20.763,180,161,13
XRP/USDT,15m,0.45,0.015,0.01,48,1.5,354,2.36,68.0,52.4,0.31,21.111,182,165,7
XRP/USDT,15m,0.45,0.02,0.008,4,2.5,354,2.36,68.0,38.7,0.376,25.584,67,106,181
XRP/USDT,15m,0.45,0.02,0.008,6,2.5,354,2.36,68.0,45.9,0.497,33.815,105,124,125
XRP/USDT,15m,0.45,0.02,0.008,8,2.5,354,2.36,68.0,50.4,0.558,37.953,135,133,86
XRP/USDT,15m,0.45,0.02,0.008,12,2.5,354,2.36,68.0,49.8,0.574,39.051,149,150,55
XRP/USDT,15m,0.45,0.02,0.008,16,2.5,354,2.36,68.0,49.7,0.568,38.657,156,158,40
XRP/USDT,15m,0.45,0.02,0.008,20,2.5,354,2.36,68.0,48.5,0.546,37.109,158,168,28
XRP/USDT,15m,0.45,0.02,0.008,24,2.5,354,2.36,68.0,47.7,0.522,35.507,159,174,21
XRP/USDT,15m,0.45,0.02,0.008,36,2.5,354,2.36,68.0,46.9,0.499,33.965,160,181,13
XRP/USDT,15m,0.45,0.02,0.008,48,2.5,354,2.36,68.0,47.1,0.52,35.353,163,183,8
XRP/USDT,15m,0.45,0.02,0.01,4,2.0,354,2.36,68.0,47.6,0.378,25.692,69,76,209
XRP/USDT,15m,0.45,0.02,0.01,6,2.0,354,2.36,68.0,52.7,0.512,34.838,109,98,147
XRP/USDT,15m,0.45,0.02,0.01,8,2.0,354,2.36,68.0,57.1,0.587,39.96,140,105,109
XRP/USDT,15m,0.45,0.02,0.01,12,2.0,354,2.36,68.0,56.2,0.607,41.317,155,121,78
XRP/USDT,15m,0.45,0.02,0.01,16,2.0,354,2.36,68.0,54.5,0.583,39.683,165,138,51
XRP/USDT,15m,0.45,0.02,0.01,20,2.0,354,2.36,68.0,52.4,0.549,37.376,167,152,35
XRP/USDT,15m,0.45,0.02,0.01,24,2.0,354,2.36,68.0,51.5,0.521,35.433,168,158,28
XRP/USDT,15m,0.45,0.02,0.01,36,2.0,354,2.36,68.0,50.4,0.488,33.183,169,166,19
XRP/USDT,15m,0.45,0.02,0.01,48,2.0,354,2.36,68.0,50.0,0.496,33.727,172,172,10
XRP/USDT,15m,0.45,0.02,0.015,4,1.3,354,2.36,68.0,69.4,0.427,29.062,75,33,246
XRP/USDT,15m,0.45,0.02,0.015,6,1.3,354,2.36,68.0,73.6,0.578,39.353,117,42,195
XRP/USDT,15m,0.45,0.02,0.015,8,1.3,354,2.36,68.0,74.4,0.666,45.338,151,52,151
XRP/USDT,15m,0.45,0.02,0.015,12,1.3,354,2.36,68.0,70.6,0.669,45.513,166,69,119
XRP/USDT,15m,0.45,0.02,0.015,16,1.3,354,2.36,68.0,67.8,0.625,42.502,177,84,93
XRP/USDT,15m,0.45,0.02,0.015,20,1.3,354,2.36,68.0,65.3,0.59,40.109,179,95,80
XRP/USDT,15m,0.45,0.02,0.015,24,1.3,354,2.36,68.0,63.6,0.548,37.274,180,103,71
XRP/USDT,15m,0.45,0.02,0.015,36,1.3,354,2.36,68.0,59.3,0.47,31.953,181,124,49
XRP/USDT,15m,0.45,0.02,0.015,48,1.3,354,2.36,68.0,57.3,0.48,32.665,188,140,26
XRP/USDT,15m,0.45,0.025,0.008,4,3.1,354,2.36,68.0,29.1,0.419,28.492,44,107,203
XRP/USDT,15m,0.45,0.025,0.008,6,3.1,354,2.36,68.0,38.7,0.592,40.305,79,125,150
XRP/USDT,15m,0.45,0.025,0.008,8,3.1,354,2.36,68.0,45.1,0.692,47.074,110,134,110
XRP/USDT,15m,0.45,0.025,0.008,12,3.1,354,2.36,68.0,45.7,0.722,49.089,127,151,76
XRP/USDT,15m,0.45,0.025,0.008,16,3.1,354,2.36,68.0,47.0,0.733,49.864,141,159,54
XRP/USDT,15m,0.45,0.025,0.008,20,3.1,354,2.36,68.0,45.7,0.705,47.97,143,170,41
XRP/USDT,15m,0.45,0.025,0.008,24,3.1,354,2.36,68.0,44.9,0.668,45.418,145,178,31
XRP/USDT,15m,0.45,0.025,0.008,36,3.1,354,2.36,68.0,43.8,0.627,42.673,146,187,21
XRP/USDT,15m,0.45,0.025,0.008,48,3.1,354,2.36,68.0,43.1,0.627,42.663,147,194,13
XRP/USDT,15m,0.45,0.025,0.01,4,2.5,354,2.36,68.0,37.4,0.423,28.754,46,77,231
XRP/USDT,15m,0.45,0.025,0.01,6,2.5,354,2.36,68.0,45.6,0.613,41.674,83,99,172
XRP/USDT,15m,0.45,0.025,0.01,8,2.5,354,2.36,68.0,52.0,0.728,49.523,115,106,133
XRP/USDT,15m,0.45,0.025,0.01,12,2.5,354,2.36,68.0,52.2,0.763,51.893,133,122,99
XRP/USDT,15m,0.45,0.025,0.01,16,2.5,354,2.36,68.0,51.4,0.751,51.105,147,139,68
XRP/USDT,15m,0.45,0.025,0.01,20,2.5,354,2.36,68.0,49.3,0.712,48.451,150,154,50
XRP/USDT,15m,0.45,0.025,0.01,24,2.5,354,2.36,68.0,48.6,0.675,45.891,153,162,39
XRP/USDT,15m,0.45,0.025,0.01,36,2.5,354,2.36,68.0,47.2,0.621,42.252,154,172,28
XRP/USDT,15m,0.45,0.025,0.01,48,2.5,354,2.36,68.0,46.0,0.607,41.301,155,182,17
XRP/USDT,15m,0.45,0.025,0.015,4,1.7,354,2.36,68.0,61.2,0.487,33.101,52,33,269
XRP/USDT,15m,0.45,0.025,0.015,6,1.7,354,2.36,68.0,68.2,0.696,47.321,90,42,222
XRP/USDT,15m,0.45,0.025,0.015,8,1.7,354,2.36,68.0,70.3,0.824,56.041,123,52,179
XRP/USDT,15m,0.45,0.025,0.015,12,1.7,354,2.36,68.0,67.5,0.843,57.323,143,69,142
XRP/USDT,15m,0.45,0.025,0.015,16,1.7,354,2.36,68.0,65.1,0.805,54.781,157,84,113
XRP/USDT,15m,0.45,0.025,0.015,20,1.7,354,2.36,68.0,62.7,0.764,51.989,160,95,99
XRP/USDT,15m,0.45,0.025,0.015,24,1.7,354,2.36,68.0,60.7,0.712,48.442,164,106,84
XRP/USDT,15m,0.45,0.025,0.015,36,1.7,354,2.36,68.0,55.7,0.6,40.829,165,131,58
XRP/USDT,15m,0.45,0.025,0.015,48,1.7,354,2.36,68.0,53.6,0.596,40.562,170,147,37
XRP/USDT,15m,0.45,0.025,0.02,4,1.2,354,2.36,68.0,68.8,0.485,32.997,53,24,277
XRP/USDT,15m,0.45,0.025,0.02,6,1.2,354,2.36,68.0,74.6,0.694,47.198,91,31,232
XRP/USDT,15m,0.45,0.025,0.02,8,1.2,354,2.36,68.0,77.0,0.813,55.287,124,37,193
XRP/USDT,15m,0.45,0.025,0.02,12,1.2,354,2.36,68.0,76.4,0.844,57.433,146,45,163
XRP/USDT,15m,0.45,0.025,0.02,16,1.2,354,2.36,68.0,72.2,0.781,53.156,161,62,131
XRP/USDT,15m,0.45,0.025,0.02,20,1.2,354,2.36,68.0,70.4,0.742,50.458,164,69,121
XRP/USDT,15m,0.45,0.025,0.02,24,1.2,354,2.36,68.0,68.9,0.674,45.824,168,76,110
XRP/USDT,15m,0.45,0.025,0.02,36,1.2,354,2.36,68.0,60.8,0.537,36.506,169,109,76
XRP/USDT,15m,0.45,0.025,0.02,48,1.2,354,2.36,68.0,58.3,0.523,35.607,175,125,54
XRP/USDT,15m,0.45,0.03,0.008,4,3.8,354,2.36,68.0,21.9,0.45,30.583,30,107,217
XRP/USDT,15m,0.45,0.03,0.008,6,3.8,354,2.36,68.0,31.5,0.65,44.231,58,126,170
XRP/USDT,15m,0.45,0.03,0.008,8,3.8,354,2.36,68.0,36.0,0.764,51.991,76,135,143
XRP/USDT,15m,0.45,0.03,0.008,12,3.8,354,2.36,68.0,39.8,0.804,54.706,101,153,100
XRP/USDT,15m,0.45,0.03,0.008,16,3.8,354,2.36,68.0,42.3,0.829,56.385,119,162,73
XRP/USDT,15m,0.45,0.03,0.008,20,3.8,354,2.36,68.0,41.8,0.815,55.411,124,173,57
XRP/USDT,15m,0.45,0.03,0.008,24,3.8,354,2.36,68.0,41.6,0.785,53.432,129,181,44
XRP/USDT,15m,0.45,0.03,0.008,36,3.8,354,2.36,68.0,40.2,0.714,48.539,130,193,31
XRP/USDT,15m,0.45,0.03,0.008,48,3.8,354,2.36,68.0,39.5,0.706,48.023,131,201,22
XRP/USDT,15m,0.45,0.03,0.01,4,3.0,354,2.36,68.0,28.7,0.454,30.888,31,77,246
XRP/USDT,15m,0.45,0.03,0.01,6,3.0,354,2.36,68.0,38.3,0.675,45.946,62,100,192
XRP/USDT,15m,0.45,0.03,0.01,8,3.0,354,2.36,68.0,43.1,0.807,54.883,81,107,166
XRP/USDT,15m,0.45,0.03,0.01,12,3.0,354,2.36,68.0,46.1,0.849,57.754,106,124,124
XRP/USDT,15m,0.45,0.03,0.01,16,3.0,354,2.36,68.0,47.0,0.856,58.236,125,141,88
XRP/USDT,15m,0.45,0.03,0.01,20,3.0,354,2.36,68.0,45.5,0.832,56.626,130,156,68
XRP/USDT,15m,0.45,0.03,0.01,24,3.0,354,2.36,68.0,45.5,0.806,54.801,137,164,53
XRP/USDT,15m,0.45,0.03,0.01,36,3.0,354,2.36,68.0,43.8,0.72,48.952,138,177,39
XRP/USDT,15m,0.45,0.03,0.01,48,3.0,354,2.36,68.0,42.4,0.693,47.16,139,189,26
XRP/USDT,15m,0.45,0.03,0.015,4,2.0,354,2.36,68.0,51.5,0.518,35.235,35,33,286
XRP/USDT,15m,0.45,0.03,0.015,6,2.0,354,2.36,68.0,60.9,0.756,51.413,67,43,244
XRP/USDT,15m,0.45,0.03,0.015,8,2.0,354,2.36,68.0,61.7,0.898,61.11,87,54,213
XRP/USDT,15m,0.45,0.03,0.015,12,2.0,354,2.36,68.0,61.3,0.921,62.686,114,72,168
XRP/USDT,15m,0.45,0.03,0.015,16,2.0,354,2.36,68.0,60.5,0.899,61.153,133,87,134
XRP/USDT,15m,0.45,0.03,0.015,20,2.0,354,2.36,68.0,58.2,0.87,59.203,138,99,117
XRP/USDT,15m,0.45,0.03,0.015,24,2.0,354,2.36,68.0,57.0,0.83,56.487,146,110,98
XRP/USDT,15m,0.45,0.03,0.015,36,2.0,354,2.36,68.0,51.8,0.686,46.657,147,137,70
XRP/USDT,15m,0.45,0.03,0.015,48,2.0,354,2.36,68.0,49.5,0.674,45.881,151,154,49
XRP/USDT,15m,0.45,0.03,0.02,4,1.5,354,2.36,68.0,59.3,0.514,34.969,35,24,295
XRP/USDT,15m,0.45,0.03,0.02,6,1.5,354,2.36,68.0,68.4,0.753,51.245,67,31,256
XRP/USDT,15m,0.45,0.03,0.02,8,1.5,354,2.36,68.0,69.6,0.888,60.401,87,38,229
XRP/USDT,15m,0.45,0.03,0.02,12,1.5,354,2.36,68.0,71.8,0.935,63.635,117,46,191
XRP/USDT,15m,0.45,0.03,0.02,16,1.5,354,2.36,68.0,68.0,0.885,60.192,136,64,154
XRP/USDT,15m,0.45,0.03,0.02,20,1.5,354,2.36,68.0,66.7,0.864,58.765,142,71,141
XRP/USDT,15m,0.45,0.03,0.02,24,1.5,354,2.36,68.0,65.9,0.813,55.285,151,78,125
XRP/USDT,15m,0.45,0.03,0.02,36,1.5,354,2.36,68.0,57.6,0.65,44.227,152,112,90
XRP/USDT,15m,0.45,0.03,0.02,48,1.5,354,2.36,68.0,54.4,0.608,41.357,156,131,67
XRP/USDT,15m,0.45,0.03,0.025,4,1.2,354,2.36,68.0,62.5,0.5,34.03,35,21,298
XRP/USDT,15m,0.45,0.03,0.025,6,1.2,354,2.36,68.0,74.2,0.754,51.315,69,24,261
XRP/USDT,15m,0.45,0.03,0.025,8,1.2,354,2.36,68.0,76.1,0.883,60.052,89,28,237
XRP/USDT,15m,0.45,0.03,0.025,12,1.2,354,2.36,68.0,75.8,0.924,62.853,119,38,197
XRP/USDT,15m,0.45,0.03,0.025,16,1.2,354,2.36,68.0,73.8,0.859,58.41,138,49,167
XRP/USDT,15m,0.45,0.03,0.025,20,1.2,354,2.36,68.0,72.4,0.832,56.611,144,55,155
XRP/USDT,15m,0.45,0.03,0.025,24,1.2,354,2.36,68.0,72.2,0.788,53.62,153,59,142
XRP/USDT,15m,0.45,0.03,0.025,36,1.2,354,2.36,68.0,64.7,0.623,42.405,154,84,116
XRP/USDT,15m,0.45,0.03,0.025,48,1.2,354,2.36,68.0,59.4,0.538,36.578,158,108,88
XRP/USDT,15m,0.45,0.04,0.008,4,5.0,354,2.36,68.0,11.5,0.459,31.234,14,108,232
XRP/USDT,15m,0.45,0.04,0.008,6,5.0,354,2.36,68.0,16.2,0.656,44.639,25,129,200
XRP/USDT,15m,0.45,0.04,0.008,8,5.0,354,2.36,68.0,22.5,0.794,53.984,40,138,176
XRP/USDT,15m,0.45,0.04,0.008,12,5.0,354,2.36,68.0,25.9,0.845,57.481,55,157,142
XRP/USDT,15m,0.45,0.04,0.008,16,5.0,354,2.36,68.0,30.9,0.9,61.218,76,170,108
XRP/USDT,15m,0.45,0.04,0.008,20,5.0,354,2.36,68.0,32.1,0.903,61.433,86,182,86
XRP/USDT,15m,0.45,0.04,0.008,24,5.0,354,2.36,68.0,31.9,0.873,59.378,89,190,75
XRP/USDT,15m,0.45,0.04,0.008,36,5.0,354,2.36,68.0,32.0,0.801,54.478,95,202,57
XRP/USDT,15m,0.45,0.04,0.008,48,5.0,354,2.36,68.0,31.1,0.779,53.022,95,210,49
XRP/USDT,15m,0.45,0.04,0.01,4,4.0,354,2.36,68.0,15.2,0.461,31.344,14,78,262
XRP/USDT,15m,0.45,0.04,0.01,6,4.0,354,2.36,68.0,19.5,0.676,45.998,25,103,226
XRP/USDT,15m,0.45,0.04,0.01,8,4.0,354,2.36,68.0,26.7,0.828,56.343,40,110,204
XRP/USDT,15m,0.45,0.04,0.01,12,4.0,354,2.36,68.0,31.2,0.89,60.555,58,128,168
XRP/USDT,15m,0.45,0.04,0.01,16,4.0,354,2.36,68.0,34.6,0.923,62.769,79,149,126
XRP/USDT,15m,0.45,0.04,0.01,20,4.0,354,2.36,68.0,35.3,0.916,62.341,90,165,99
XRP/USDT,15m,0.45,0.04,0.01,24,4.0,354,2.36,68.0,35.2,0.896,60.936,94,173,87
XRP/USDT,15m,0.45,0.04,0.01,36,4.0,354,2.36,68.0,35.0,0.802,54.575,100,186,68
XRP/USDT,15m,0.45,0.04,0.01,48,4.0,354,2.36,68.0,33.8,0.77,52.361,101,198,55
XRP/USDT,15m,0.45,0.04,0.015,4,2.7,354,2.36,68.0,31.2,0.523,35.595,15,33,306
XRP/USDT,15m,0.45,0.04,0.015,6,2.7,354,2.36,68.0,37.0,0.754,51.308,27,46,281
XRP/USDT,15m,0.45,0.04,0.015,8,2.7,354,2.36,68.0,42.4,0.915,62.242,42,57,255
XRP/USDT,15m,0.45,0.04,0.015,12,2.7,354,2.36,68.0,44.9,0.959,65.244,61,75,218
XRP/USDT,15m,0.45,0.04,0.015,16,2.7,354,2.36,68.0,48.6,0.976,66.42,85,90,179
XRP/USDT,15m,0.45,0.04,0.015,20,2.7,354,2.36,68.0,48.5,0.991,67.43,96,102,156
XRP/USDT,15m,0.45,0.04,0.015,24,2.7,354,2.36,68.0,47.7,0.986,67.057,103,113,138
XRP/USDT,15m,0.45,0.04,0.015,36,2.7,354,2.36,68.0,43.6,0.823,55.992,109,141,104
XRP/USDT,15m,0.45,0.04,0.015,48,2.7,354,2.36,68.0,40.8,0.787,53.544,111,161,82
XRP/USDT,15m,0.45,0.04,0.02,4,2.0,354,2.36,68.0,38.5,0.519,35.329,15,24,315
XRP/USDT,15m,0.45,0.04,0.02,6,2.0,354,2.36,68.0,45.0,0.75,51.048,27,33,294
XRP/USDT,15m,0.45,0.04,0.02,8,2.0,354,2.36,68.0,50.6,0.9,61.245,42,41,271
XRP/USDT,15m,0.45,0.04,0.02,12,2.0,354,2.36,68.0,56.2,0.975,66.295,63,49,242
XRP/USDT,15m,0.45,0.04,0.02,16,2.0,354,2.36,68.0,56.5,0.965,65.668,87,67,200
XRP/USDT,15m,0.45,0.04,0.02,20,2.0,354,2.36,68.0,57.2,0.99,67.337,99,74,181
XRP/USDT,15m,0.45,0.04,0.02,24,2.0,354,2.36,68.0,56.7,0.975,66.357,106,81,167
XRP/USDT,15m,0.45,0.04,0.02,36,2.0,354,2.36,68.0,49.6,0.796,54.138,114,116,124
XRP/USDT,15m,0.45,0.04,0.02,48,2.0,354,2.36,68.0,45.7,0.725,49.308,116,138,100
XRP/USDT,15m,0.45,0.04,0.025,4,1.6,354,2.36,68.0,41.7,0.506,34.391,15,21,318
XRP/USDT,15m,0.45,0.04,0.025,6,1.6,354,2.36,68.0,52.8,0.753,51.222,28,25,301
XRP/USDT,15m,0.45,0.04,0.025,8,1.6,354,2.36,68.0,58.7,0.897,60.992,44,31,279
XRP/USDT,15m,0.45,0.04,0.025,12,1.6,354,2.36,68.0,61.3,0.964,65.609,65,41,248
XRP/USDT,15m,0.45,0.04,0.025,16,1.6,354,2.36,68.0,63.1,0.941,63.983,89,52,213
XRP/USDT,15m,0.45,0.04,0.025,20,1.6,354,2.36,68.0,63.5,0.96,65.278,101,58,195
XRP/USDT,15m,0.45,0.04,0.025,24,1.6,354,2.36,68.0,63.5,0.952,64.788,108,62,184
XRP/USDT,15m,0.45,0.04,0.025,36,1.6,354,2.36,68.0,56.9,0.769,52.316,116,88,150
XRP/USDT,15m,0.45,0.04,0.025,48,1.6,354,2.36,68.0,50.6,0.65,44.241,118,115,121
XRP/USDT,15m,0.45,0.05,0.008,4,6.2,354,2.36,68.0,4.4,0.449,30.56,5,108,241
XRP/USDT,15m,0.45,0.05,0.008,6,6.2,354,2.36,68.0,5.8,0.636,43.257,8,129,217
XRP/USDT,15m,0.45,0.05,0.008,8,6.2,354,2.36,68.0,11.5,0.794,54.043,18,139,197
XRP/USDT,15m,0.45,0.05,0.008,12,6.2,354,2.36,68.0,17.3,0.893,60.729,33,158,163
XRP/USDT,15m,0.45,0.05,0.008,16,6.2,354,2.36,68.0,21.6,0.963,65.479,47,171,136
XRP/USDT,15m,0.45,0.05,0.008,20,6.2,354,2.36,68.0,23.1,0.971,66.025,55,183,116
XRP/USDT,15m,0.45,0.05,0.008,24,6.2,354,2.36,68.0,25.1,0.962,65.429,64,191,99
XRP/USDT,15m,0.45,0.05,0.008,36,6.2,354,2.36,68.0,25.1,0.907,61.668,68,203,83
XRP/USDT,15m,0.45,0.05,0.008,48,6.2,354,2.36,68.0,24.6,0.85,57.816,69,211,74
XRP/USDT,15m,0.45,0.05,0.01,4,5.0,354,2.36,68.0,6.0,0.451,30.67,5,78,271
XRP/USDT,15m,0.45,0.05,0.01,6,5.0,354,2.36,68.0,7.2,0.656,44.616,8,103,243
XRP/USDT,15m,0.45,0.05,0.01,8,5.0,354,2.36,68.0,14.1,0.84,57.136,18,110,226
XRP/USDT,15m,0.45,0.05,0.01,12,5.0,354,2.36,68.0,22.4,0.963,65.494,37,128,189
XRP/USDT,15m,0.45,0.05,0.01,16,5.0,354,2.36,68.0,25.5,1.01,68.721,51,149,154
XRP/USDT,15m,0.45,0.05,0.01,20,5.0,354,2.36,68.0,26.3,1.009,68.665,59,165,130
XRP/USDT,15m,0.45,0.05,0.01,24,5.0,354,2.36,68.0,28.2,1.011,68.78,68,173,113
XRP/USDT,15m,0.45,0.05,0.01,36,5.0,354,2.36,68.0,28.2,0.936,63.701,73,186,95
XRP/USDT,15m,0.45,0.05,0.01,48,5.0,354,2.36,68.0,27.2,0.864,58.779,74,198,82
XRP/USDT,15m,0.45,0.05,0.015,4,3.3,354,2.36,68.0,15.4,0.516,35.113,6,33,315
XRP/USDT,15m,0.45,0.05,0.015,6,3.3,354,2.36,68.0,17.9,0.74,50.31,10,46,298
XRP/USDT,15m,0.45,0.05,0.015,8,3.3,354,2.36,68.0,26.0,0.932,63.419,20,57,277
XRP/USDT,15m,0.45,0.05,0.015,12,3.3,354,2.36,68.0,34.8,1.04,70.759,40,75,239
XRP/USDT,15m,0.45,0.05,0.015,16,3.3,354,2.36,68.0,37.5,1.07,72.807,54,90,210
XRP/USDT,15m,0.45,0.05,0.015,20,3.3,354,2.36,68.0,37.8,1.094,74.389,62,102,190
XRP/USDT,15m,0.45,0.05,0.015,24,3.3,354,2.36,68.0,39.9,1.122,76.311,75,113,166
XRP/USDT,15m,0.45,0.05,0.015,36,3.3,354,2.36,68.0,36.2,0.976,66.373,80,141,133
XRP/USDT,15m,0.45,0.05,0.015,48,3.3,354,2.36,68.0,33.5,0.894,60.795,81,161,112
XRP/USDT,15m,0.45,0.05,0.02,4,2.5,354,2.36,68.0,20.0,0.512,34.847,6,24,324
XRP/USDT,15m,0.45,0.05,0.02,6,2.5,354,2.36,68.0,23.3,0.736,50.05,10,33,311
XRP/USDT,15m,0.45,0.05,0.02,8,2.5,354,2.36,68.0,32.8,0.918,62.422,20,41,293
XRP/USDT,15m,0.45,0.05,0.02,12,2.5,354,2.36,68.0,46.2,1.061,72.195,42,49,263
XRP/USDT,15m,0.45,0.05,0.02,16,2.5,354,2.36,68.0,45.5,1.065,72.44,56,67,231
XRP/USDT,15m,0.45,0.05,0.02,20,2.5,354,2.36,68.0,46.4,1.098,74.72,64,74,216
XRP/USDT,15m,0.45,0.05,0.02,24,2.5,354,2.36,68.0,49.1,1.12,76.187,78,81,195
XRP/USDT,15m,0.45,0.05,0.02,36,2.5,354,2.36,68.0,42.3,0.963,65.48,85,116,153
XRP/USDT,15m,0.45,0.05,0.02,48,2.5,354,2.36,68.0,38.4,0.846,57.52,86,138,130
XRP/USDT,15m,0.45,0.05,0.025,4,2.0,354,2.36,68.0,22.2,0.498,33.908,6,21,327
XRP/USDT,15m,0.45,0.05,0.025,6,2.0,354,2.36,68.0,30.6,0.741,50.416,11,25,318
XRP/USDT,15m,0.45,0.05,0.025,8,2.0,354,2.36,68.0,41.5,0.92,62.553,22,31,301
XRP/USDT,15m,0.45,0.05,0.025,12,2.0,354,2.36,68.0,51.8,1.057,71.893,44,41,269
XRP/USDT,15m,0.45,0.05,0.025,16,2.0,354,2.36,68.0,52.7,1.046,71.139,58,52,244
XRP/USDT,15m,0.45,0.05,0.025,20,2.0,354,2.36,68.0,53.2,1.074,73.046,66,58,230
XRP/USDT,15m,0.45,0.05,0.025,24,2.0,354,2.36,68.0,56.3,1.103,75.002,80,62,212
XRP/USDT,15m,0.45,0.05,0.025,36,2.0,354,2.36,68.0,49.7,0.941,64.042,87,88,179
XRP/USDT,15m,0.45,0.05,0.025,48,2.0,354,2.36,68.0,43.3,0.777,52.837,88,115,151
XRP/USDT,15m,0.45,0.075,0.008,4,9.4,354,2.36,68.0,0.9,0.438,29.795,1,108,245
XRP/USDT,15m,0.45,0.075,0.008,6,9.4,354,2.36,68.0,0.8,0.606,41.254,1,130,223
XRP/USDT,15m,0.45,0.075,0.008,8,9.4,354,2.36,68.0,1.4,0.761,51.785,2,141,211
XRP/USDT,15m,0.45,0.075,0.008,12,9.4,354,2.36,68.0,3.0,0.865,58.823,5,160,189
XRP/USDT,15m,0.45,0.075,0.008,16,9.4,354,2.36,68.0,7.5,0.976,66.408,14,173,167
XRP/USDT,15m,0.45,0.075,0.008,20,9.4,354,2.36,68.0,9.3,1.011,68.795,19,185,150
XRP/USDT,15m,0.45,0.075,0.008,24,9.4,354,2.36,68.0,12.5,1.008,68.539,28,196,130
XRP/USDT,15m,0.45,0.075,0.008,36,9.4,354,2.36,68.0,15.7,1.048,71.277,39,209,106
XRP/USDT,15m,0.45,0.075,0.008,48,9.4,354,2.36,68.0,15.2,0.972,66.146,39,217,98
XRP/USDT,15m,0.45,0.075,0.01,4,7.5,354,2.36,68.0,1.3,0.44,29.905,1,78,275
XRP/USDT,15m,0.45,0.075,0.01,6,7.5,354,2.36,68.0,1.0,0.626,42.575,1,104,249
XRP/USDT,15m,0.45,0.075,0.01,8,7.5,354,2.36,68.0,1.8,0.806,54.801,2,112,240
XRP/USDT,15m,0.45,0.075,0.01,12,7.5,354,2.36,68.0,4.4,0.931,63.314,6,130,218
XRP/USDT,15m,0.45,0.075,0.01,16,7.5,354,2.36,68.0,9.0,1.013,68.905,15,151,188
XRP/USDT,15m,0.45,0.075,0.01,20,7.5,354,2.36,68.0,10.7,1.03,70.052,20,167,167
XRP/USDT,15m,0.45,0.075,0.01,24,7.5,354,2.36,68.0,14.0,1.048,71.269,29,178,147
XRP/USDT,15m,0.45,0.075,0.01,36,7.5,354,2.36,68.0,17.9,1.092,74.317,42,192,120
XRP/USDT,15m,0.45,0.075,0.01,48,7.5,354,2.36,68.0,17.1,1.004,68.27,42,204,108
XRP/USDT,15m,0.45,0.075,0.015,4,5.0,354,2.36,68.0,2.9,0.506,34.429,1,33,320
XRP/USDT,15m,0.45,0.075,0.015,6,5.0,354,2.36,68.0,4.1,0.711,48.39,2,47,305
XRP/USDT,15m,0.45,0.075,0.015,8,5.0,354,2.36,68.0,4.8,0.9,61.241,3,59,292
XRP/USDT,15m,0.45,0.075,0.015,12,5.0,354,2.36,68.0,8.3,1.01,68.686,7,77,270
XRP/USDT,15m,0.45,0.075,0.015,16,5.0,354,2.36,68.0,14.8,1.076,73.218,16,92,246
XRP/USDT,15m,0.45,0.075,0.015,20,5.0,354,2.36,68.0,18.1,1.132,77.025,23,104,227
XRP/USDT,15m,0.45,0.075,0.015,24,5.0,354,2.36,68.0,21.3,1.174,79.866,32,118,204
XRP/USDT,15m,0.45,0.075,0.015,36,5.0,354,2.36,68.0,23.8,1.156,78.663,46,147,161
XRP/USDT,15m,0.45,0.075,0.015,48,5.0,354,2.36,68.0,21.6,1.061,72.157,46,167,141
XRP/USDT,15m,0.45,0.075,0.02,4,3.8,354,2.36,68.0,4.0,0.502,34.162,1,24,329
XRP/USDT,15m,0.45,0.075,0.02,6,3.8,354,2.36,68.0,5.6,0.706,48.035,2,34,318
XRP/USDT,15m,0.45,0.075,0.02,8,3.8,354,2.36,68.0,6.5,0.883,60.051,3,43,308
XRP/USDT,15m,0.45,0.075,0.02,12,3.8,354,2.36,68.0,12.1,1.028,69.958,7,51,296
XRP/USDT,15m,0.45,0.075,0.02,16,3.8,354,2.36,68.0,18.8,1.059,72.07,16,69,269
XRP/USDT,15m,0.45,0.075,0.02,20,3.8,354,2.36,68.0,23.2,1.126,76.579,23,76,255
XRP/USDT,15m,0.45,0.075,0.02,24,3.8,354,2.36,68.0,28.2,1.167,79.363,33,84,237
XRP/USDT,15m,0.45,0.075,0.02,36,3.8,354,2.36,68.0,27.8,1.137,77.365,47,122,185
XRP/USDT,15m,0.45,0.075,0.02,48,3.8,354,2.36,68.0,24.6,1.009,68.618,47,144,163
XRP/USDT,15m,0.45,0.075,0.025,4,3.0,354,2.36,68.0,4.5,0.488,33.224,1,21,332
XRP/USDT,15m,0.45,0.075,0.025,6,3.0,354,2.36,68.0,10.3,0.717,48.785,3,26,325
XRP/USDT,15m,0.45,0.075,0.025,8,3.0,354,2.36,68.0,13.2,0.896,60.95,5,33,316
XRP/USDT,15m,0.45,0.075,0.025,12,3.0,354,2.36,68.0,17.3,1.035,70.425,9,43,302
XRP/USDT,15m,0.45,0.075,0.025,16,3.0,354,2.36,68.0,25.0,1.052,71.538,18,54,282
XRP/USDT,15m,0.45,0.075,0.025,20,3.0,354,2.36,68.0,29.4,1.112,75.674,25,60,269
XRP/USDT,15m,0.45,0.075,0.025,24,3.0,354,2.36,68.0,35.4,1.163,79.089,35,64,255
XRP/USDT,15m,0.45,0.075,0.025,36,3.0,354,2.36,68.0,34.3,1.122,76.312,49,94,211
XRP/USDT,15m,0.45,0.075,0.025,48,3.0,354,2.36,68.0,28.8,0.945,64.319,49,121,184
XRP/USDT,15m,0.45,0.1,0.008,4,12.5,354,2.36,68.0,0.0,0.439,29.83,0,108,246
XRP/USDT,15m,0.45,0.1,0.008,6,12.5,354,2.36,68.0,0.8,0.614,41.735,1,130,223
XRP/USDT,15m,0.45,0.1,0.008,8,12.5,354,2.36,68.0,0.7,0.767,52.184,1,141,212
XRP/USDT,15m,0.45,0.1,0.008,12,12.5,354,2.36,68.0,1.2,0.874,59.456,2,160,192
XRP/USDT,15m,0.45,0.1,0.008,16,12.5,354,2.36,68.0,1.7,0.969,65.931,3,173,178
XRP/USDT,15m,0.45,0.1,0.008,20,12.5,354,2.36,68.0,4.6,1.029,69.979,9,185,160
XRP/USDT,15m,0.45,0.1,0.008,24,12.5,354,2.36,68.0,6.2,1.031,70.131,13,196,145
XRP/USDT,15m,0.45,0.1,0.008,36,12.5,354,2.36,68.0,10.8,1.133,77.08,26,214,114
XRP/USDT,15m,0.45,0.1,0.008,48,12.5,354,2.36,68.0,11.9,1.066,72.514,30,222,102
XRP/USDT,15m,0.45,0.1,0.01,4,10.0,354,2.36,68.0,0.0,0.44,29.94,0,78,276
XRP/USDT,15m,0.45,0.1,0.01,6,10.0,354,2.36,68.0,1.0,0.633,43.055,1,104,249
XRP/USDT,15m,0.45,0.1,0.01,8,10.0,354,2.36,68.0,0.9,0.811,55.2,1,112,241
XRP/USDT,15m,0.45,0.1,0.01,12,10.0,354,2.36,68.0,1.5,0.941,63.987,2,130,222
XRP/USDT,15m,0.45,0.1,0.01,16,10.0,354,2.36,68.0,1.9,0.982,66.795,3,152,199
XRP/USDT,15m,0.45,0.1,0.01,20,10.0,354,2.36,68.0,5.1,1.023,69.603,9,168,177
XRP/USDT,15m,0.45,0.1,0.01,24,10.0,354,2.36,68.0,6.8,1.047,71.227,13,179,162
XRP/USDT,15m,0.45,0.1,0.01,36,10.0,354,2.36,68.0,11.6,1.156,78.641,26,198,130
XRP/USDT,15m,0.45,0.1,0.01,48,10.0,354,2.36,68.0,13.2,1.084,73.774,32,210,112
XRP/USDT,15m,0.45,0.1,0.015,4,6.7,354,2.36,68.0,0.0,0.507,34.464,0,33,321
XRP/USDT,15m,0.45,0.1,0.015,6,6.7,354,2.36,68.0,2.1,0.718,48.818,1,47,306
XRP/USDT,15m,0.45,0.1,0.015,8,6.7,354,2.36,68.0,1.7,0.898,61.06,1,59,294
XRP/USDT,15m,0.45,0.1,0.015,12,6.7,354,2.36,68.0,2.5,0.994,67.629,2,78,274
XRP/USDT,15m,0.45,0.1,0.015,16,6.7,354,2.36,68.0,3.1,1.018,69.282,3,94,257
XRP/USDT,15m,0.45,0.1,0.015,20,6.7,354,2.36,68.0,7.8,1.101,74.879,9,106,239
XRP/USDT,15m,0.45,0.1,0.015,24,6.7,354,2.36,68.0,10.4,1.154,78.481,14,120,220
XRP/USDT,15m,0.45,0.1,0.015,36,6.7,354,2.36,68.0,15.1,1.206,82.068,27,152,175
XRP/USDT,15m,0.45,0.1,0.015,48,6.7,354,2.36,68.0,16.7,1.129,76.796,35,174,145
XRP/USDT,15m,0.45,0.1,0.02,4,5.0,354,2.36,68.0,0.0,0.503,34.198,0,24,330
XRP/USDT,15m,0.45,0.1,0.02,6,5.0,354,2.36,68.0,2.9,0.712,48.462,1,34,319
XRP/USDT,15m,0.45,0.1,0.02,8,5.0,354,2.36,68.0,2.3,0.88,59.87,1,43,310
XRP/USDT,15m,0.45,0.1,0.02,12,5.0,354,2.36,68.0,3.7,1.011,68.805,2,52,300
XRP/USDT,15m,0.45,0.1,0.02,16,5.0,354,2.36,68.0,4.1,0.999,67.942,3,71,280
XRP/USDT,15m,0.45,0.1,0.02,20,5.0,354,2.36,68.0,10.3,1.091,74.241,9,78,267
XRP/USDT,15m,0.45,0.1,0.02,24,5.0,354,2.36,68.0,14.9,1.151,78.266,15,86,253
XRP/USDT,15m,0.45,0.1,0.02,36,5.0,354,2.36,68.0,18.1,1.187,80.769,28,127,199
XRP/USDT,15m,0.45,0.1,0.02,48,5.0,354,2.36,68.0,19.4,1.077,73.248,36,150,168
XRP/USDT,15m,0.45,0.1,0.025,4,4.0,354,2.36,68.0,0.0,0.489,33.259,0,21,333
XRP/USDT,15m,0.45,0.1,0.025,6,4.0,354,2.36,68.0,3.7,0.723,49.157,1,26,327
XRP/USDT,15m,0.45,0.1,0.025,8,4.0,354,2.36,68.0,2.9,0.883,60.101,1,33,320
XRP/USDT,15m,0.45,0.1,0.025,12,4.0,354,2.36,68.0,4.2,0.96,65.333,2,46,306
XRP/USDT,15m,0.45,0.1,0.025,16,4.0,354,2.36,68.0,4.9,0.932,63.374,3,58,293
XRP/USDT,15m,0.45,0.1,0.025,20,4.0,354,2.36,68.0,12.3,1.019,69.301,9,64,281
XRP/USDT,15m,0.45,0.1,0.025,24,4.0,354,2.36,68.0,18.1,1.087,73.957,15,68,271
XRP/USDT,15m,0.45,0.1,0.025,36,4.0,354,2.36,68.0,22.0,1.113,75.692,28,99,227
XRP/USDT,15m,0.45,0.1,0.025,48,4.0,354,2.36,68.0,22.0,0.952,64.742,36,128,190
XRP/USDT,15m,0.5,0.01,0.008,4,1.2,249,1.66,47.8,57.0,0.224,10.698,102,77,70
XRP/USDT,15m,0.5,0.01,0.008,6,1.2,249,1.66,47.8,59.7,0.252,12.067,126,85,38
XRP/USDT,15m,0.5,0.01,0.008,8,1.2,249,1.66,47.8,59.8,0.241,11.517,134,90,25
XRP/USDT,15m,0.5,0.01,0.008,12,1.2,249,1.66,47.8,58.1,0.228,10.904,136,98,15
XRP/USDT,15m,0.5,0.01,0.008,16,1.2,249,1.66,47.8,57.6,0.218,10.408,137,101,11
XRP/USDT,15m,0.5,0.01,0.008,20,1.2,249,1.66,47.8,56.3,0.208,9.958,139,108,2
XRP/USDT,15m,0.5,0.01,0.008,24,1.2,249,1.66,47.8,55.8,0.205,9.8,139,110,0
XRP/USDT,15m,0.5,0.01,0.008,36,1.2,249,1.66,47.8,55.8,0.205,9.8,139,110,0
XRP/USDT,15m,0.5,0.01,0.008,48,1.2,249,1.66,47.8,55.8,0.205,9.8,139,110,0
XRP/USDT,15m,0.5,0.015,0.008,4,1.9,249,1.66,47.8,47.7,0.328,15.675,72,79,98
XRP/USDT,15m,0.5,0.015,0.008,6,1.9,249,1.66,47.8,54.1,0.423,20.24,105,89,55
XRP/USDT,15m,0.5,0.015,0.008,8,1.9,249,1.66,47.8,55.7,0.438,20.974,118,94,37
XRP/USDT,15m,0.5,0.015,0.008,12,1.9,249,1.66,47.8,54.8,0.426,20.403,125,103,21
XRP/USDT,15m,0.5,0.015,0.008,16,1.9,249,1.66,47.8,54.3,0.417,19.941,126,106,17
XRP/USDT,15m,0.5,0.015,0.008,20,1.9,249,1.66,47.8,52.9,0.402,19.241,127,113,9
XRP/USDT,15m,0.5,0.015,0.008,24,1.9,249,1.66,47.8,52.3,0.391,18.7,127,116,6
XRP/USDT,15m,0.5,0.015,0.008,36,1.9,249,1.66,47.8,51.6,0.382,18.271,127,119,3
XRP/USDT,15m,0.5,0.015,0.008,48,1.9,249,1.66,47.8,51.4,0.384,18.398,127,120,2
XRP/USDT,15m,0.5,0.015,0.01,4,1.5,249,1.66,47.8,56.3,0.337,16.135,76,59,114
XRP/USDT,15m,0.5,0.015,0.01,6,1.5,249,1.66,47.8,60.9,0.441,21.083,109,70,70
XRP/USDT,15m,0.5,0.015,0.01,8,1.5,249,1.66,47.8,63.3,0.474,22.7,124,72,53
XRP/USDT,15m,0.5,0.015,0.01,12,1.5,249,1.66,47.8,62.0,0.47,22.492,134,82,33
XRP/USDT,15m,0.5,0.015,0.01,16,1.5,249,1.66,47.8,59.5,0.444,21.245,135,92,22
XRP/USDT,15m,0.5,0.015,0.01,20,1.5,249,1.66,47.8,57.4,0.417,19.976,136,101,12
XRP/USDT,15m,0.5,0.015,0.01,24,1.5,249,1.66,47.8,57.1,0.41,19.611,136,102,11
XRP/USDT,15m,0.5,0.015,0.01,36,1.5,249,1.66,47.8,55.7,0.382,18.298,136,108,5
XRP/USDT,15m,0.5,0.015,0.01,48,1.5,249,1.66,47.8,55.3,0.381,18.246,136,110,3
XRP/USDT,15m,0.5,0.02,0.008,4,2.5,249,1.66,47.8,39.7,0.422,20.18,52,79,118
XRP/USDT,15m,0.5,0.02,0.008,6,2.5,249,1.66,47.8,47.7,0.563,26.927,82,90,77
XRP/USDT,15m,0.5,0.02,0.008,8,2.5,249,1.66,47.8,52.7,0.642,30.721,106,95,48
XRP/USDT,15m,0.5,0.02,0.008,12,2.5,249,1.66,47.8,52.3,0.639,30.578,114,104,31
XRP/USDT,15m,0.5,0.02,0.008,16,2.5,249,1.66,47.8,52.9,0.636,30.432,120,107,22
XRP/USDT,15m,0.5,0.02,0.008,20,2.5,249,1.66,47.8,51.5,0.621,29.705,121,114,14
XRP/USDT,15m,0.5,0.02,0.008,24,2.5,249,1.66,47.8,50.8,0.6,28.7,121,117,11
XRP/USDT,15m,0.5,0.02,0.008,36,2.5,249,1.66,47.8,49.6,0.579,27.692,121,123,5
XRP/USDT,15m,0.5,0.02,0.008,48,2.5,249,1.66,47.8,49.6,0.588,28.14,122,124,3
XRP/USDT,15m,0.5,0.02,0.01,4,2.0,249,1.66,47.8,47.8,0.43,20.576,54,59,136
XRP/USDT,15m,0.5,0.02,0.01,6,2.0,249,1.66,47.8,55.1,0.595,28.474,86,70,93
XRP/USDT,15m,0.5,0.02,0.01,8,2.0,249,1.66,47.8,60.7,0.697,33.343,111,72,66
XRP/USDT,15m,0.5,0.02,0.01,12,2.0,249,1.66,47.8,59.4,0.702,33.582,120,82,47
XRP/USDT,15m,0.5,0.02,0.01,16,2.0,249,1.66,47.8,58.4,0.683,32.676,129,92,28
XRP/USDT,15m,0.5,0.02,0.01,20,2.0,249,1.66,47.8,56.0,0.653,31.266,130,102,17
XRP/USDT,15m,0.5,0.02,0.01,24,2.0,249,1.66,47.8,55.8,0.636,30.437,130,103,16
XRP/USDT,15m,0.5,0.02,0.01,36,2.0,249,1.66,47.8,54.2,0.6,28.7,130,110,9
XRP/USDT,15m,0.5,0.02,0.01,48,2.0,249,1.66,47.8,53.5,0.6,28.7,131,114,4
XRP/USDT,15m,0.5,0.02,0.015,4,1.3,249,1.66,47.8,67.8,0.478,22.855,59,28,162
XRP/USDT,15m,0.5,0.02,0.015,6,1.3,249,1.66,47.8,73.8,0.66,31.591,93,33,123
XRP/USDT,15m,0.5,0.02,0.015,8,1.3,249,1.66,47.8,75.9,0.77,36.849,120,38,91
XRP/USDT,15m,0.5,0.02,0.015,12,1.3,249,1.66,47.8,73.3,0.769,36.807,129,47,73
XRP/USDT,15m,0.5,0.02,0.015,16,1.3,249,1.66,47.8,71.3,0.744,35.599,139,56,54
XRP/USDT,15m,0.5,0.02,0.015,20,1.3,249,1.66,47.8,69.0,0.712,34.075,140,63,46
XRP/USDT,15m,0.5,0.02,0.015,24,1.3,249,1.66,47.8,67.0,0.685,32.789,140,69,40
XRP/USDT,15m,0.5,0.02,0.015,36,1.3,249,1.66,47.8,63.6,0.611,29.234,140,80,29
XRP/USDT,15m,0.5,0.02,0.015,48,1.3,249,1.66,47.8,61.1,0.612,29.267,143,91,15
XRP/USDT,15m,0.5,0.025,0.008,4,3.1,249,1.66,47.8,29.2,0.461,22.063,33,80,136
XRP/USDT,15m,0.5,0.025,0.008,6,3.1,249,1.66,47.8,40.9,0.669,32.015,63,91,95
XRP/USDT,15m,0.5,0.025,0.008,8,3.1,249,1.66,47.8,47.5,0.792,37.909,87,96,66
XRP/USDT,15m,0.5,0.025,0.008,12,3.1,249,1.66,47.8,48.8,0.81,38.78,100,105,44
XRP/USDT,15m,0.5,0.025,0.008,16,3.1,249,1.66,47.8,50.5,0.823,39.372,110,108,31
XRP/USDT,15m,0.5,0.025,0.008,20,3.1,249,1.66,47.8,48.9,0.802,38.378,111,116,22
XRP/USDT,15m,0.5,0.025,0.008,24,3.1,249,1.66,47.8,48.5,0.774,37.033,113,120,16
XRP/USDT,15m,0.5,0.025,0.008,36,3.1,249,1.66,47.8,47.1,0.742,35.505,113,127,9
XRP/USDT,15m,0.5,0.025,0.008,48,3.1,249,1.66,47.8,46.5,0.736,35.208,113,130,6
XRP/USDT,15m,0.5,0.025,0.01,4,2.5,249,1.66,47.8,36.8,0.473,22.612,35,60,154
XRP/USDT,15m,0.5,0.025,0.01,6,2.5,249,1.66,47.8,48.6,0.709,33.907,67,71,111
XRP/USDT,15m,0.5,0.025,0.01,8,2.5,249,1.66,47.8,55.8,0.856,40.974,92,73,84
XRP/USDT,15m,0.5,0.025,0.01,12,2.5,249,1.66,47.8,56.1,0.884,42.322,106,83,60
XRP/USDT,15m,0.5,0.025,0.01,16,2.5,249,1.66,47.8,55.5,0.874,41.831,116,93,40
XRP/USDT,15m,0.5,0.025,0.01,20,2.5,249,1.66,47.8,53.2,0.839,40.154,118,104,27
XRP/USDT,15m,0.5,0.025,0.01,24,2.5,249,1.66,47.8,53.3,0.822,39.355,121,106,22
XRP/USDT,15m,0.5,0.025,0.01,36,2.5,249,1.66,47.8,51.5,0.772,36.951,121,114,14
XRP/USDT,15m,0.5,0.025,0.01,48,2.5,249,1.66,47.8,50.2,0.752,36.0,121,120,8
XRP/USDT,15m,0.5,0.025,0.015,4,1.7,249,1.66,47.8,58.8,0.539,25.772,40,28,181
XRP/USDT,15m,0.5,0.025,0.015,6,1.7,249,1.66,47.8,68.9,0.795,38.06,73,33,143
XRP/USDT,15m,0.5,0.025,0.015,8,1.7,249,1.66,47.8,72.3,0.953,45.599,99,38,112
XRP/USDT,15m,0.5,0.025,0.015,12,1.7,249,1.66,47.8,70.8,0.974,46.59,114,47,88
XRP/USDT,15m,0.5,0.025,0.015,16,1.7,249,1.66,47.8,68.9,0.949,45.42,124,56,69
XRP/USDT,15m,0.5,0.025,0.015,20,1.7,249,1.66,47.8,66.7,0.911,43.576,126,63,60
XRP/USDT,15m,0.5,0.025,0.015,24,1.7,249,1.66,47.8,64.7,0.884,42.322,130,71,48
XRP/USDT,15m,0.5,0.025,0.015,36,1.7,249,1.66,47.8,60.5,0.779,37.293,130,85,34
XRP/USDT,15m,0.5,0.025,0.015,48,1.7,249,1.66,47.8,57.9,0.763,36.53,132,96,21
XRP/USDT,15m,0.5,0.025,0.02,4,1.2,249,1.66,47.8,66.1,0.542,25.926,41,21,187
XRP/USDT,15m,0.5,0.025,0.02,6,1.2,249,1.66,47.8,74.0,0.8,38.258,74,26,149
XRP/USDT,15m,0.5,0.025,0.02,8,1.2,249,1.66,47.8,79.4,0.947,45.291,100,26,123
XRP/USDT,15m,0.5,0.025,0.02,12,1.2,249,1.66,47.8,78.9,0.975,46.661,116,31,102
XRP/USDT,15m,0.5,0.025,0.02,16,1.2,249,1.66,47.8,75.6,0.927,44.378,127,41,81
XRP/USDT,15m,0.5,0.025,0.02,20,1.2,249,1.66,47.8,73.7,0.894,42.79,129,46,74
XRP/USDT,15m,0.5,0.025,0.02,24,1.2,249,1.66,47.8,72.7,0.863,41.291,133,50,66
XRP/USDT,15m,0.5,0.025,0.02,36,1.2,249,1.66,47.8,66.2,0.745,35.668,133,68,48
XRP/USDT,15m,0.5,0.025,0.02,48,1.2,249,1.66,47.8,63.3,0.722,34.524,136,79,34
XRP/USDT,15m,0.5,0.03,0.008,4,3.8,249,1.66,47.8,23.8,0.507,24.239,25,80,144
XRP/USDT,15m,0.5,0.03,0.008,6,3.8,249,1.66,47.8,34.1,0.745,35.648,47,91,111
XRP/USDT,15m,0.5,0.03,0.008,8,3.8,249,1.66,47.8,38.9,0.896,42.851,61,96,92
XRP/USDT,15m,0.5,0.03,0.008,12,3.8,249,1.66,47.8,44.1,0.937,44.857,83,105,61
XRP/USDT,15m,0.5,0.03,0.008,16,3.8,249,1.66,47.8,46.8,0.963,46.085,96,109,44
XRP/USDT,15m,0.5,0.03,0.008,20,3.8,249,1.66,47.8,46.1,0.961,45.968,100,117,32
XRP/USDT,15m,0.5,0.03,0.008,24,3.8,249,1.66,47.8,46.0,0.94,44.996,103,121,25
XRP/USDT,15m,0.5,0.03,0.008,36,3.8,249,1.66,47.8,44.4,0.872,41.706,103,129,17
XRP/USDT,15m,0.5,0.03,0.008,48,3.8,249,1.66,47.8,43.6,0.857,41.009,103,133,13
XRP/USDT,15m,0.5,0.03,0.01,4,3.0,249,1.66,47.8,30.2,0.519,24.831,26,60,163
XRP/USDT,15m,0.5,0.03,0.01,6,3.0,249,1.66,47.8,41.8,0.793,37.925,51,71,127
XRP/USDT,15m,0.5,0.03,0.01,8,3.0,249,1.66,47.8,47.5,0.97,46.396,66,73,110
XRP/USDT,15m,0.5,0.03,0.01,12,3.0,249,1.66,47.8,51.5,1.018,48.719,88,83,78
XRP/USDT,15m,0.5,0.03,0.01,16,3.0,249,1.66,47.8,52.3,1.029,49.231,102,93,54
XRP/USDT,15m,0.5,0.03,0.01,20,3.0,249,1.66,47.8,50.5,1.015,48.554,106,104,39
XRP/USDT,15m,0.5,0.03,0.01,24,3.0,249,1.66,47.8,51.2,1.009,48.291,111,106,32
XRP/USDT,15m,0.5,0.03,0.01,36,3.0,249,1.66,47.8,49.1,0.922,44.141,111,115,23
XRP/USDT,15m,0.5,0.03,0.01,48,3.0,249,1.66,47.8,47.4,0.887,42.454,111,123,15
XRP/USDT,15m,0.5,0.03,0.015,4,2.0,249,1.66,47.8,51.7,0.59,28.236,30,28,191
XRP/USDT,15m,0.5,0.03,0.015,6,2.0,249,1.66,47.8,62.9,0.889,42.518,56,33,160
XRP/USDT,15m,0.5,0.03,0.015,8,2.0,249,1.66,47.8,65.5,1.078,51.597,72,38,139
XRP/USDT,15m,0.5,0.03,0.015,12,2.0,249,1.66,47.8,67.1,1.123,53.756,96,47,106
XRP/USDT,15m,0.5,0.03,0.015,16,2.0,249,1.66,47.8,66.3,1.12,53.588,110,56,83
XRP/USDT,15m,0.5,0.03,0.015,20,2.0,249,1.66,47.8,64.4,1.102,52.745,114,63,72
XRP/USDT,15m,0.5,0.03,0.015,24,2.0,249,1.66,47.8,62.8,1.089,52.122,120,71,58
XRP/USDT,15m,0.5,0.03,0.015,36,2.0,249,1.66,47.8,58.5,0.952,45.531,120,85,44
XRP/USDT,15m,0.5,0.03,0.015,48,2.0,249,1.66,47.8,55.7,0.927,44.336,122,97,30
XRP/USDT,15m,0.5,0.03,0.02,4,1.5,249,1.66,47.8,58.8,0.59,28.228,30,21,198
XRP/USDT,15m,0.5,0.03,0.02,6,1.5,249,1.66,47.8,68.3,0.889,42.544,56,26,167
XRP/USDT,15m,0.5,0.03,0.02,8,1.5,249,1.66,47.8,73.5,1.071,51.234,72,26,151
XRP/USDT,15m,0.5,0.03,0.02,12,1.5,249,1.66,47.8,76.0,1.129,54.019,98,31,120
XRP/USDT,15m,0.5,0.03,0.02,16,1.5,249,1.66,47.8,73.2,1.1,52.634,112,41,96
XRP/USDT,15m,0.5,0.03,0.02,20,1.5,249,1.66,47.8,71.8,1.092,52.247,117,46,86
XRP/USDT,15m,0.5,0.03,0.02,24,1.5,249,1.66,47.8,71.1,1.074,51.379,123,50,76
XRP/USDT,15m,0.5,0.03,0.02,36,1.5,249,1.66,47.8,64.4,0.924,44.194,123,68,58
XRP/USDT,15m,0.5,0.03,0.02,48,1.5,249,1.66,47.8,61.0,0.884,42.282,125,80,44
XRP/USDT,15m,0.5,0.03,0.025,4,1.2,249,1.66,47.8,62.5,0.576,27.578,30,18,201
XRP/USDT,15m,0.5,0.03,0.025,6,1.2,249,1.66,47.8,74.4,0.895,42.842,58,20,171
XRP/USDT,15m,0.5,0.03,0.025,8,1.2,249,1.66,47.8,77.9,1.074,51.404,74,21,154
XRP/USDT,15m,0.5,0.03,0.025,12,1.2,249,1.66,47.8,80.6,1.131,54.115,100,24,125
XRP/USDT,15m,0.5,0.03,0.025,16,1.2,249,1.66,47.8,79.2,1.093,52.288,114,30,105
XRP/USDT,15m,0.5,0.03,0.025,20,1.2,249,1.66,47.8,77.8,1.08,51.7,119,34,96
XRP/USDT,15m,0.5,0.03,0.025,24,1.2,249,1.66,47.8,77.2,1.064,50.905,125,37,87
XRP/USDT,15m,0.5,0.03,0.025,36,1.2,249,1.66,47.8,71.0,0.902,43.174,125,51,73
XRP/USDT,15m,0.5,0.03,0.025,48,1.2,249,1.66,47.8,66.5,0.845,40.437,127,64,58
XRP/USDT,15m,0.5,0.04,0.008,4,5.0,249,1.66,47.8,12.0,0.506,24.218,11,81,157
XRP/USDT,15m,0.5,0.04,0.008,6,5.0,249,1.66,47.8,18.3,0.75,35.882,21,94,134
XRP/USDT,15m,0.5,0.04,0.008,8,5.0,249,1.66,47.8,25.6,0.926,44.306,34,99,116
XRP/USDT,15m,0.5,0.04,0.008,12,5.0,249,1.66,47.8,30.8,1.004,48.039,48,108,93
XRP/USDT,15m,0.5,0.04,0.008,16,5.0,249,1.66,47.8,35.8,1.06,50.722,64,115,70
XRP/USDT,15m,0.5,0.04,0.008,20,5.0,249,1.66,47.8,37.1,1.067,51.078,73,124,52
XRP/USDT,15m,0.5,0.04,0.008,24,5.0,249,1.66,47.8,36.6,1.046,50.051,74,128,47
XRP/USDT,15m,0.5,0.04,0.008,36,5.0,249,1.66,47.8,36.2,0.973,46.575,77,136,36
XRP/USDT,15m,0.5,0.04,0.008,48,5.0,249,1.66,47.8,35.5,0.937,44.812,77,140,32
XRP/USDT,15m,0.5,0.04,0.01,4,4.0,249,1.66,47.8,15.3,0.514,24.615,11,61,177
XRP/USDT,15m,0.5,0.04,0.01,6,4.0,249,1.66,47.8,22.1,0.79,37.803,21,74,154
XRP/USDT,15m,0.5,0.04,0.01,8,4.0,249,1.66,47.8,30.9,0.989,47.319,34,76,139
XRP/USDT,15m,0.5,0.04,0.01,12,4.0,249,1.66,47.8,37.2,1.086,51.966,51,86,112
XRP/USDT,15m,0.5,0.04,0.01,16,4.0,249,1.66,47.8,40.4,1.121,53.645,67,99,83
XRP/USDT,15m,0.5,0.04,0.01,20,4.0,249,1.66,47.8,41.0,1.117,53.434,77,111,61
XRP/USDT,15m,0.5,0.04,0.01,24,4.0,249,1.66,47.8,41.1,1.12,53.612,79,113,57
XRP/USDT,15m,0.5,0.04,0.01,36,4.0,249,1.66,47.8,40.2,1.019,48.771,82,122,45
XRP/USDT,15m,0.5,0.04,0.01,48,4.0,249,1.66,47.8,39.0,0.973,46.535,83,130,36
XRP/USDT,15m,0.5,0.04,0.015,4,2.7,249,1.66,47.8,30.0,0.584,27.924,12,28,209
XRP/USDT,15m,0.5,0.04,0.015,6,2.7,249,1.66,47.8,39.0,0.883,42.239,23,36,190
XRP/USDT,15m,0.5,0.04,0.015,8,2.7,249,1.66,47.8,46.8,1.091,52.192,36,41,172
XRP/USDT,15m,0.5,0.04,0.015,12,2.7,249,1.66,47.8,51.9,1.186,56.748,54,50,145
XRP/USDT,15m,0.5,0.04,0.015,16,2.7,249,1.66,47.8,55.3,1.223,58.54,73,59,117
XRP/USDT,15m,0.5,0.04,0.015,20,2.7,249,1.66,47.8,55.7,1.247,59.68,83,66,100
XRP/USDT,15m,0.5,0.04,0.015,24,2.7,249,1.66,47.8,53.8,1.253,59.957,86,74,89
XRP/USDT,15m,0.5,0.04,0.015,36,2.7,249,1.66,47.8,50.0,1.086,51.952,89,89,71
XRP/USDT,15m,0.5,0.04,0.015,48,2.7,249,1.66,47.8,46.7,1.025,49.035,91,104,54
XRP/USDT,15m,0.5,0.04,0.02,4,2.0,249,1.66,47.8,36.4,0.583,27.916,12,21,216
XRP/USDT,15m,0.5,0.04,0.02,6,2.0,249,1.66,47.8,45.1,0.881,42.173,23,28,198
XRP/USDT,15m,0.5,0.04,0.02,8,2.0,249,1.66,47.8,55.4,1.077,51.541,36,29,184
XRP/USDT,15m,0.5,0.04,0.02,12,2.0,249,1.66,47.8,61.8,1.19,56.921,55,34,160
XRP/USDT,15m,0.5,0.04,0.02,16,2.0,249,1.66,47.8,62.7,1.204,57.604,74,44,131
XRP/USDT,15m,0.5,0.04,0.02,20,2.0,249,1.66,47.8,63.4,1.24,59.335,85,49,115
XRP/USDT,15m,0.5,0.04,0.02,24,2.0,249,1.66,47.8,62.4,1.243,59.463,88,53,108
XRP/USDT,15m,0.5,0.04,0.02,36,2.0,249,1.66,47.8,56.1,1.062,50.807,92,72,85
XRP/USDT,15m,0.5,0.04,0.02,48,2.0,249,1.66,47.8,51.9,0.98,46.884,94,87,68
XRP/USDT,15m,0.5,0.04,0.025,4,1.6,249,1.66,47.8,40.0,0.57,27.266,12,18,219
XRP/USDT,15m,0.5,0.04,0.025,6,1.6,249,1.66,47.8,53.3,0.89,42.575,24,21,204
XRP/USDT,15m,0.5,0.04,0.025,8,1.6,249,1.66,47.8,61.3,1.083,51.807,38,24,187
XRP/USDT,15m,0.5,0.04,0.025,12,1.6,249,1.66,47.8,67.9,1.194,57.113,57,27,165
XRP/USDT,15m,0.5,0.04,0.025,16,1.6,249,1.66,47.8,69.7,1.199,57.354,76,33,140
XRP/USDT,15m,0.5,0.04,0.025,20,1.6,249,1.66,47.8,70.2,1.231,58.885,87,37,125
XRP/USDT,15m,0.5,0.04,0.025,24,1.6,249,1.66,47.8,69.2,1.235,59.085,90,40,119
XRP/USDT,15m,0.5,0.04,0.025,36,1.6,249,1.66,47.8,63.1,1.041,49.787,94,55,100
XRP/USDT,15m,0.5,0.04,0.025,48,1.6,249,1.66,47.8,57.5,0.935,44.752,96,71,82
XRP/USDT,15m,0.5,0.05,0.008,4,6.2,249,1.66,47.8,4.7,0.497,23.802,4,81,164
XRP/USDT,15m,0.5,0.05,0.008,6,6.2,249,1.66,47.8,6.0,0.727,34.806,6,94,149
XRP/USDT,15m,0.5,0.05,0.008,8,6.2,249,1.66,47.8,13.0,0.922,44.122,15,100,134
XRP/USDT,15m,0.5,0.05,0.008,12,6.2,249,1.66,47.8,21.0,1.062,50.794,29,109,111
XRP/USDT,15m,0.5,0.05,0.008,16,6.2,249,1.66,47.8,26.1,1.133,54.209,41,116,92
XRP/USDT,15m,0.5,0.05,0.008,20,6.2,249,1.66,47.8,27.3,1.138,54.438,47,125,77
XRP/USDT,15m,0.5,0.05,0.008,24,6.2,249,1.66,47.8,29.1,1.146,54.858,53,129,67
XRP/USDT,15m,0.5,0.05,0.008,36,6.2,249,1.66,47.8,29.4,1.095,52.381,57,137,55
XRP/USDT,15m,0.5,0.05,0.008,48,6.2,249,1.66,47.8,28.8,1.019,48.738,57,141,51
XRP/USDT,15m,0.5,0.05,0.01,4,5.0,249,1.66,47.8,6.2,0.506,24.199,4,61,184
XRP/USDT,15m,0.5,0.05,0.01,6,5.0,249,1.66,47.8,7.5,0.768,36.727,6,74,169
XRP/USDT,15m,0.5,0.05,0.01,8,5.0,249,1.66,47.8,16.5,1.0,47.869,15,76,158
XRP/USDT,15m,0.5,0.05,0.01,12,5.0,249,1.66,47.8,27.7,1.179,56.412,33,86,130
XRP/USDT,15m,0.5,0.05,0.01,16,5.0,249,1.66,47.8,31.2,1.229,58.824,45,99,105
XRP/USDT,15m,0.5,0.05,0.01,20,5.0,249,1.66,47.8,31.5,1.223,58.526,51,111,87
XRP/USDT,15m,0.5,0.05,0.01,24,5.0,249,1.66,47.8,33.5,1.258,60.213,57,113,79
XRP/USDT,15m,0.5,0.05,0.01,36,5.0,249,1.66,47.8,33.7,1.181,56.512,62,122,65
XRP/USDT,15m,0.5,0.05,0.01,48,5.0,249,1.66,47.8,32.3,1.089,52.087,62,130,57
XRP/USDT,15m,0.5,0.05,0.015,4,3.3,249,1.66,47.8,15.2,0.579,27.701,5,28,216
XRP/USDT,15m,0.5,0.05,0.015,6,3.3,249,1.66,47.8,18.2,0.868,41.548,8,36,205
XRP/USDT,15m,0.5,0.05,0.015,8,3.3,249,1.66,47.8,29.3,1.11,53.126,17,41,191
XRP/USDT,15m,0.5,0.05,0.015,12,3.3,249,1.66,47.8,41.9,1.291,61.77,36,50,163
XRP/USDT,15m,0.5,0.05,0.015,16,3.3,249,1.66,47.8,44.9,1.341,64.154,48,59,142
XRP/USDT,15m,0.5,0.05,0.015,20,3.3,249,1.66,47.8,45.0,1.367,65.407,54,66,129
XRP/USDT,15m,0.5,0.05,0.015,24,3.3,249,1.66,47.8,46.4,1.419,67.903,64,74,111
XRP/USDT,15m,0.5,0.05,0.015,36,3.3,249,1.66,47.8,43.7,1.276,61.038,69,89,91
XRP/USDT,15m,0.5,0.05,0.015,48,3.3,249,1.66,47.8,39.9,1.164,55.711,69,104,76
XRP/USDT,15m,0.5,0.05,0.02,4,2.5,249,1.66,47.8,19.2,0.579,27.693,5,21,223
XRP/USDT,15m,0.5,0.05,0.02,6,2.5,249,1.66,47.8,22.2,0.867,41.482,8,28,213
XRP/USDT,15m,0.5,0.05,0.02,8,2.5,249,1.66,47.8,37.0,1.097,52.475,17,29,203
XRP/USDT,15m,0.5,0.05,0.02,12,2.5,249,1.66,47.8,52.1,1.299,62.135,37,34,178
XRP/USDT,15m,0.5,0.05,0.02,16,2.5,249,1.66,47.8,52.7,1.325,63.41,49,44,156
XRP/USDT,15m,0.5,0.05,0.02,20,2.5,249,1.66,47.8,52.9,1.365,65.294,55,49,145
XRP/USDT,15m,0.5,0.05,0.02,24,2.5,249,1.66,47.8,55.5,1.417,67.793,66,53,130
XRP/USDT,15m,0.5,0.05,0.02,36,2.5,249,1.66,47.8,50.0,1.264,60.47,72,72,105
XRP/USDT,15m,0.5,0.05,0.02,48,2.5,249,1.66,47.8,45.3,1.131,54.137,72,87,90
XRP/USDT,15m,0.5,0.05,0.025,4,2.0,249,1.66,47.8,21.7,0.565,27.042,5,18,226
XRP/USDT,15m,0.5,0.05,0.025,6,2.0,249,1.66,47.8,30.0,0.879,42.076,9,21,219
XRP/USDT,15m,0.5,0.05,0.025,8,2.0,249,1.66,47.8,44.2,1.11,53.125,19,24,206
XRP/USDT,15m,0.5,0.05,0.025,12,2.0,249,1.66,47.8,59.1,1.311,62.711,39,27,183
XRP/USDT,15m,0.5,0.05,0.025,16,2.0,249,1.66,47.8,60.7,1.328,63.545,51,33,165
XRP/USDT,15m,0.5,0.05,0.025,20,2.0,249,1.66,47.8,60.6,1.363,65.227,57,37,155
XRP/USDT,15m,0.5,0.05,0.025,24,2.0,249,1.66,47.8,63.0,1.417,67.8,68,40,141
XRP/USDT,15m,0.5,0.05,0.025,36,2.0,249,1.66,47.8,57.4,1.25,59.834,74,55,120
XRP/USDT,15m,0.5,0.05,0.025,48,2.0,249,1.66,47.8,51.0,1.095,52.389,74,71,104
XRP/USDT,15m,0.5,0.075,0.008,4,9.4,249,1.66,47.8,1.2,0.496,23.739,1,81,167
XRP/USDT,15m,0.5,0.075,0.008,6,9.4,249,1.66,47.8,1.1,0.703,33.656,1,94,154
XRP/USDT,15m,0.5,0.075,0.008,8,9.4,249,1.66,47.8,1.0,0.887,42.454,1,101,147
XRP/USDT,15m,0.5,0.075,0.008,12,9.4,249,1.66,47.8,3.5,1.045,50.021,4,110,135
XRP/USDT,15m,0.5,0.075,0.008,16,9.4,249,1.66,47.8,8.6,1.164,55.688,11,117,121
XRP/USDT,15m,0.5,0.075,0.008,20,9.4,249,1.66,47.8,11.3,1.192,57.013,16,126,107
XRP/USDT,15m,0.5,0.075,0.008,24,9.4,249,1.66,47.8,14.8,1.202,57.537,23,132,94
XRP/USDT,15m,0.5,0.075,0.008,36,9.4,249,1.66,47.8,19.0,1.283,61.409,33,141,75
XRP/USDT,15m,0.5,0.075,0.008,48,9.4,249,1.66,47.8,18.5,1.187,56.802,33,145,71
XRP/USDT,15m,0.5,0.075,0.01,4,7.5,249,1.66,47.8,1.6,0.504,24.136,1,61,187
XRP/USDT,15m,0.5,0.075,0.01,6,7.5,249,1.66,47.8,1.3,0.744,35.577,1,74,174
XRP/USDT,15m,0.5,0.075,0.01,8,7.5,249,1.66,47.8,1.3,0.965,46.162,1,77,171
XRP/USDT,15m,0.5,0.075,0.01,12,7.5,249,1.66,47.8,5.4,1.158,55.405,5,87,157
XRP/USDT,15m,0.5,0.075,0.01,16,7.5,249,1.66,47.8,10.7,1.245,59.596,12,100,137
XRP/USDT,15m,0.5,0.075,0.01,20,7.5,249,1.66,47.8,13.2,1.249,59.756,17,112,120
XRP/USDT,15m,0.5,0.075,0.01,24,7.5,249,1.66,47.8,17.1,1.303,62.347,24,116,109
XRP/USDT,15m,0.5,0.075,0.01,36,7.5,249,1.66,47.8,22.2,1.392,66.624,36,126,87
XRP/USDT,15m,0.5,0.075,0.01,48,7.5,249,1.66,47.8,21.2,1.283,61.389,36,134,79
XRP/USDT,15m,0.5,0.075,0.015,4,5.0,249,1.66,47.8,3.4,0.579,27.719,1,28,220
XRP/USDT,15m,0.5,0.075,0.015,6,5.0,249,1.66,47.8,5.3,0.849,40.615,2,36,211
XRP/USDT,15m,0.5,0.075,0.015,8,5.0,249,1.66,47.8,4.5,1.08,51.671,2,42,205
XRP/USDT,15m,0.5,0.075,0.015,12,5.0,249,1.66,47.8,10.5,1.274,60.965,6,51,192
XRP/USDT,15m,0.5,0.075,0.015,16,5.0,249,1.66,47.8,17.8,1.364,65.248,13,60,176
XRP/USDT,15m,0.5,0.075,0.015,20,5.0,249,1.66,47.8,23.0,1.421,67.983,20,67,162
XRP/USDT,15m,0.5,0.075,0.015,24,5.0,249,1.66,47.8,26.0,1.49,71.297,27,77,145
XRP/USDT,15m,0.5,0.075,0.015,36,5.0,249,1.66,47.8,30.1,1.526,73.017,40,93,116
XRP/USDT,15m,0.5,0.075,0.015,48,5.0,249,1.66,47.8,27.0,1.402,67.076,40,108,101
XRP/USDT,15m,0.5,0.075,0.02,4,3.8,249,1.66,47.8,4.5,0.579,27.711,1,21,227
XRP/USDT,15m,0.5,0.075,0.02,6,3.8,249,1.66,47.8,6.7,0.847,40.549,2,28,219
XRP/USDT,15m,0.5,0.075,0.02,8,3.8,249,1.66,47.8,6.2,1.064,50.924,2,30,217
XRP/USDT,15m,0.5,0.075,0.02,12,3.8,249,1.66,47.8,14.6,1.279,61.181,6,35,208
XRP/USDT,15m,0.5,0.075,0.02,16,3.8,249,1.66,47.8,22.4,1.337,63.966,13,45,191
XRP/USDT,15m,0.5,0.075,0.02,20,3.8,249,1.66,47.8,28.6,1.404,67.19,20,50,179
XRP/USDT,15m,0.5,0.075,0.02,24,3.8,249,1.66,47.8,32.9,1.471,70.39,27,55,167
XRP/USDT,15m,0.5,0.075,0.02,36,3.8,249,1.66,47.8,34.5,1.498,71.692,40,76,133
XRP/USDT,15m,0.5,0.075,0.02,48,3.8,249,1.66,47.8,30.5,1.355,64.844,40,91,118
XRP/USDT,15m,0.5,0.075,0.025,4,3.0,249,1.66,47.8,5.3,0.566,27.06,1,18,230
XRP/USDT,15m,0.5,0.075,0.025,6,3.0,249,1.66,47.8,12.5,0.87,41.623,3,21,225
XRP/USDT,15m,0.5,0.075,0.025,8,3.0,249,1.66,47.8,13.8,1.096,52.439,4,25,220
XRP/USDT,15m,0.5,0.075,0.025,12,3.0,249,1.66,47.8,22.2,1.309,62.622,8,28,213
XRP/USDT,15m,0.5,0.075,0.025,16,3.0,249,1.66,47.8,30.6,1.358,64.965,15,34,200
XRP/USDT,15m,0.5,0.075,0.025,20,3.0,249,1.66,47.8,36.7,1.421,67.988,22,38,189
XRP/USDT,15m,0.5,0.075,0.025,24,3.0,249,1.66,47.8,41.4,1.492,71.403,29,41,179
XRP/USDT,15m,0.5,0.075,0.025,36,3.0,249,1.66,47.8,41.6,1.497,71.633,42,59,148
XRP/USDT,15m,0.5,0.075,0.025,48,3.0,249,1.66,47.8,35.9,1.331,63.672,42,75,132
XRP/USDT,15m,0.5,0.1,0.008,4,12.5,249,1.66,47.8,0.0,0.497,23.775,0,81,168
XRP/USDT,15m,0.5,0.1,0.008,6,12.5,249,1.66,47.8,1.1,0.713,34.136,1,94,154
XRP/USDT,15m,0.5,0.1,0.008,8,12.5,249,1.66,47.8,1.0,0.897,42.934,1,101,147
XRP/USDT,15m,0.5,0.1,0.008,12,12.5,249,1.66,47.8,0.9,1.049,50.174,1,110,138
XRP/USDT,15m,0.5,0.1,0.008,16,12.5,249,1.66,47.8,1.7,1.139,54.495,2,117,130
XRP/USDT,15m,0.5,0.1,0.008,20,12.5,249,1.66,47.8,4.5,1.186,56.756,6,126,117
XRP/USDT,15m,0.5,0.1,0.008,24,12.5,249,1.66,47.8,6.4,1.195,57.186,9,132,108
XRP/USDT,15m,0.5,0.1,0.008,36,12.5,249,1.66,47.8,12.0,1.344,64.33,20,146,83
XRP/USDT,15m,0.5,0.1,0.008,48,12.5,249,1.66,47.8,13.8,1.26,60.288,24,150,75
XRP/USDT,15m,0.5,0.1,0.01,4,10.0,249,1.66,47.8,0.0,0.505,24.172,0,61,188
XRP/USDT,15m,0.5,0.1,0.01,6,10.0,249,1.66,47.8,1.3,0.754,36.057,1,74,174
XRP/USDT,15m,0.5,0.1,0.01,8,10.0,249,1.66,47.8,1.3,0.975,46.642,1,77,171
XRP/USDT,15m,0.5,0.1,0.01,12,10.0,249,1.66,47.8,1.1,1.162,55.597,1,87,161
XRP/USDT,15m,0.5,0.1,0.01,16,10.0,249,1.66,47.8,1.9,1.186,56.769,2,101,146
XRP/USDT,15m,0.5,0.1,0.01,20,10.0,249,1.66,47.8,5.0,1.209,57.866,6,113,130
XRP/USDT,15m,0.5,0.1,0.01,24,10.0,249,1.66,47.8,7.1,1.262,60.362,9,117,123
XRP/USDT,15m,0.5,0.1,0.01,36,10.0,249,1.66,47.8,13.2,1.422,68.065,20,132,97
XRP/USDT,15m,0.5,0.1,0.01,48,10.0,249,1.66,47.8,15.7,1.338,64.01,26,140,83
XRP/USDT,15m,0.5,0.1,0.015,4,6.7,249,1.66,47.8,0.0,0.58,27.754,0,28,221
XRP/USDT,15m,0.5,0.1,0.015,6,6.7,249,1.66,47.8,2.7,0.858,41.043,1,36,212
XRP/USDT,15m,0.5,0.1,0.015,8,6.7,249,1.66,47.8,2.3,1.078,51.571,1,42,206
XRP/USDT,15m,0.5,0.1,0.015,12,6.7,249,1.66,47.8,1.9,1.242,59.428,1,52,196
XRP/USDT,15m,0.5,0.1,0.015,16,6.7,249,1.66,47.8,3.1,1.266,60.596,2,62,185
XRP/USDT,15m,0.5,0.1,0.015,20,6.7,249,1.66,47.8,8.0,1.346,64.396,6,69,174
XRP/USDT,15m,0.5,0.1,0.015,24,6.7,249,1.66,47.8,11.2,1.42,67.968,10,79,160
XRP/USDT,15m,0.5,0.1,0.015,36,6.7,249,1.66,47.8,17.6,1.537,73.539,21,98,130
XRP/USDT,15m,0.5,0.1,0.015,48,6.7,249,1.66,47.8,20.1,1.439,68.833,29,115,105
XRP/USDT,15m,0.5,0.1,0.02,4,5.0,249,1.66,47.8,0.0,0.58,27.746,0,21,228
XRP/USDT,15m,0.5,0.1,0.02,6,5.0,249,1.66,47.8,3.4,0.856,40.976,1,28,220
XRP/USDT,15m,0.5,0.1,0.02,8,5.0,249,1.66,47.8,3.2,1.062,50.824,1,30,218
XRP/USDT,15m,0.5,0.1,0.02,12,5.0,249,1.66,47.8,2.7,1.244,59.548,1,36,212
XRP/USDT,15m,0.5,0.1,0.02,16,5.0,249,1.66,47.8,4.1,1.236,59.121,2,47,200
XRP/USDT,15m,0.5,0.1,0.02,20,5.0,249,1.66,47.8,10.3,1.325,63.411,6,52,191
XRP/USDT,15m,0.5,0.1,0.02,24,5.0,249,1.66,47.8,14.9,1.397,66.869,10,57,182
XRP/USDT,15m,0.5,0.1,0.02,36,5.0,249,1.66,47.8,20.6,1.499,71.734,21,81,147
XRP/USDT,15m,0.5,0.1,0.02,48,5.0,249,1.66,47.8,23.0,1.382,66.111,29,97,123
XRP/USDT,15m,0.5,0.1,0.025,4,4.0,249,1.66,47.8,0.0,0.566,27.096,0,18,231
XRP/USDT,15m,0.5,0.1,0.025,6,4.0,249,1.66,47.8,4.5,0.878,41.995,1,21,227
XRP/USDT,15m,0.5,0.1,0.025,8,4.0,249,1.66,47.8,3.8,1.08,51.671,1,25,223
XRP/USDT,15m,0.5,0.1,0.025,12,4.0,249,1.66,47.8,3.1,1.192,57.049,1,31,217
XRP/USDT,15m,0.5,0.1,0.025,16,4.0,249,1.66,47.8,5.0,1.172,56.085,2,38,209
XRP/USDT,15m,0.5,0.1,0.025,20,4.0,249,1.66,47.8,12.5,1.258,60.174,6,42,201
XRP/USDT,15m,0.5,0.1,0.025,24,4.0,249,1.66,47.8,18.2,1.334,63.847,10,45,194
XRP/USDT,15m,0.5,0.1,0.025,36,4.0,249,1.66,47.8,24.7,1.414,67.651,21,64,164
XRP/USDT,15m,0.5,0.1,0.025,48,4.0,249,1.66,47.8,26.1,1.269,60.732,29,82,138
XRP/USDT,15m,0.55,0.01,0.008,4,1.2,180,1.2,34.6,62.3,0.291,10.067,86,52,42
XRP/USDT,15m,0.55,0.01,0.008,6,1.2,180,1.2,34.6,64.7,0.331,11.459,101,55,24
XRP/USDT,15m,0.55,0.01,0.008,8,1.2,180,1.2,34.6,64.6,0.319,11.036,106,58,16
XRP/USDT,15m,0.55,0.01,0.008,12,1.2,180,1.2,34.6,62.2,0.301,10.423,107,65,8
XRP/USDT,15m,0.55,0.01,0.008,16,1.2,180,1.2,34.6,61.5,0.291,10.058,107,67,6
XRP/USDT,15m,0.55,0.01,0.008,20,1.2,180,1.2,34.6,60.3,0.283,9.786,108,71,1
XRP/USDT,15m,0.55,0.01,0.008,24,1.2,180,1.2,34.6,60.0,0.28,9.685,108,72,0
XRP/USDT,15m,0.55,0.01,0.008,36,1.2,180,1.2,34.6,60.0,0.28,9.685,108,72,0
XRP/USDT,15m,0.55,0.01,0.008,48,1.2,180,1.2,34.6,60.0,0.28,9.685,108,72,0
XRP/USDT,15m,0.55,0.015,0.008,4,1.9,180,1.2,34.6,51.8,0.398,13.781,58,54,68
XRP/USDT,15m,0.55,0.015,0.008,6,1.9,180,1.2,34.6,59.0,0.517,17.874,85,59,36
XRP/USDT,15m,0.55,0.015,0.008,8,1.9,180,1.2,34.6,60.5,0.542,18.757,95,62,23
XRP/USDT,15m,0.55,0.015,0.008,12,1.9,180,1.2,34.6,59.2,0.526,18.179,100,69,11
XRP/USDT,15m,0.55,0.015,0.008,16,1.9,180,1.2,34.6,58.5,0.519,17.954,100,71,9
XRP/USDT,15m,0.55,0.015,0.008,20,1.9,180,1.2,34.6,57.1,0.505,17.452,100,75,5
XRP/USDT,15m,0.55,0.015,0.008,24,1.9,180,1.2,34.6,56.5,0.493,17.046,100,77,3
XRP/USDT,15m,0.55,0.015,0.008,36,1.9,180,1.2,34.6,56.2,0.487,16.843,100,78,2
XRP/USDT,15m,0.55,0.015,0.008,48,1.9,180,1.2,34.6,55.9,0.486,16.826,100,79,1
XRP/USDT,15m,0.55,0.015,0.01,4,1.5,180,1.2,34.6,61.4,0.419,14.502,62,39,79
XRP/USDT,15m,0.55,0.015,0.01,6,1.5,180,1.2,34.6,65.4,0.545,18.853,89,47,44
XRP/USDT,15m,0.55,0.015,0.01,8,1.5,180,1.2,34.6,68.0,0.581,20.094,100,47,33
XRP/USDT,15m,0.55,0.015,0.01,12,1.5,180,1.2,34.6,66.7,0.569,19.682,106,53,21
XRP/USDT,15m,0.55,0.015,0.01,16,1.5,180,1.2,34.6,63.5,0.545,18.862,106,61,13
XRP/USDT,15m,0.55,0.015,0.01,20,1.5,180,1.2,34.6,61.3,0.52,18.003,106,67,7
XRP/USDT,15m,0.55,0.015,0.01,24,1.5,180,1.2,34.6,60.9,0.507,17.531,106,68,6
XRP/USDT,15m,0.55,0.015,0.01,36,1.5,180,1.2,34.6,59.9,0.489,16.926,106,71,3
XRP/USDT,15m,0.55,0.015,0.01,48,1.5,180,1.2,34.6,59.2,0.482,16.672,106,73,1
XRP/USDT,15m,0.55,0.02,0.008,4,2.5,180,1.2,34.6,43.8,0.504,17.422,42,54,84
XRP/USDT,15m,0.55,0.02,0.008,6,2.5,180,1.2,34.6,52.4,0.667,23.063,66,60,54
XRP/USDT,15m,0.55,0.02,0.008,8,2.5,180,1.2,34.6,58.0,0.774,26.789,87,63,30
XRP/USDT,15m,0.55,0.02,0.008,12,2.5,180,1.2,34.6,57.3,0.768,26.566,94,70,16
XRP/USDT,15m,0.55,0.02,0.008,16,2.5,180,1.2,34.6,57.1,0.759,26.241,96,72,12
XRP/USDT,15m,0.55,0.02,0.008,20,2.5,180,1.2,34.6,55.8,0.741,25.641,96,76,8
XRP/USDT,15m,0.55,0.02,0.008,24,2.5,180,1.2,34.6,55.2,0.721,24.952,96,78,6
XRP/USDT,15m,0.55,0.02,0.008,36,2.5,180,1.2,34.6,54.2,0.707,24.47,96,81,3
XRP/USDT,15m,0.55,0.02,0.008,48,2.5,180,1.2,34.6,53.9,0.709,24.513,96,82,2
XRP/USDT,15m,0.55,0.02,0.01,4,2.0,180,1.2,34.6,53.0,0.523,18.079,44,39,97
XRP/USDT,15m,0.55,0.02,0.01,6,2.0,180,1.2,34.6,59.8,0.715,24.746,70,47,63
XRP/USDT,15m,0.55,0.02,0.01,8,2.0,180,1.2,34.6,66.2,0.84,29.062,92,47,41
XRP/USDT,15m,0.55,0.02,0.01,12,2.0,180,1.2,34.6,65.4,0.842,29.111,100,53,27
XRP/USDT,15m,0.55,0.02,0.01,16,2.0,180,1.2,34.6,62.8,0.817,28.263,103,61,16
XRP/USDT,15m,0.55,0.02,0.01,20,2.0,180,1.2,34.6,60.6,0.789,27.307,103,67,10
XRP/USDT,15m,0.55,0.02,0.01,24,2.0,180,1.2,34.6,60.2,0.768,26.551,103,68,9
XRP/USDT,15m,0.55,0.02,0.01,36,2.0,180,1.2,34.6,58.9,0.743,25.7,103,72,5
XRP/USDT,15m,0.55,0.02,0.01,48,2.0,180,1.2,34.6,57.9,0.734,25.397,103,75,2
XRP/USDT,15m,0.55,0.02,0.015,4,1.3,180,1.2,34.6,76.6,0.617,21.342,49,15,116
XRP/USDT,15m,0.55,0.02,0.015,6,1.3,180,1.2,34.6,81.1,0.836,28.921,77,18,85
XRP/USDT,15m,0.55,0.02,0.015,8,1.3,180,1.2,34.6,83.5,0.983,33.991,101,20,59
XRP/USDT,15m,0.55,0.02,0.015,12,1.3,180,1.2,34.6,80.1,0.973,33.644,109,27,44
XRP/USDT,15m,0.55,0.02,0.015,16,1.3,180,1.2,34.6,77.9,0.945,32.682,113,32,35
XRP/USDT,15m,0.55,0.02,0.015,20,1.3,180,1.2,34.6,75.3,0.91,31.467,113,37,30
XRP/USDT,15m,0.55,0.02,0.015,24,1.3,180,1.2,34.6,73.4,0.882,30.52,113,41,26
XRP/USDT,15m,0.55,0.02,0.015,36,1.3,180,1.2,34.6,70.2,0.814,28.167,113,48,19
XRP/USDT,15m,0.55,0.02,0.015,48,1.3,180,1.2,34.6,67.6,0.841,29.098,115,55,10
XRP/USDT,15m,0.55,0.025,0.008,4,3.1,180,1.2,34.6,34.5,0.553,19.129,29,55,96
XRP/USDT,15m,0.55,0.025,0.008,6,3.1,180,1.2,34.6,46.5,0.786,27.194,53,61,66
XRP/USDT,15m,0.55,0.025,0.008,8,3.1,180,1.2,34.6,52.6,0.944,32.667,71,64,45
XRP/USDT,15m,0.55,0.025,0.008,12,3.1,180,1.2,34.6,53.6,0.963,33.301,82,71,27
XRP/USDT,15m,0.55,0.025,0.008,16,3.1,180,1.2,34.6,54.9,0.972,33.617,89,73,18
XRP/USDT,15m,0.55,0.025,0.008,20,3.1,180,1.2,34.6,53.9,0.955,33.024,90,77,13
XRP/USDT,15m,0.55,0.025,0.008,24,3.1,180,1.2,34.6,53.5,0.939,32.464,91,79,10
XRP/USDT,15m,0.55,0.025,0.008,36,3.1,180,1.2,34.6,52.3,0.913,31.575,91,83,6
XRP/USDT,15m,0.55,0.025,0.008,48,3.1,180,1.2,34.6,51.7,0.904,31.264,91,85,4
XRP/USDT,15m,0.55,0.025,0.01,4,2.5,180,1.2,34.6,43.7,0.576,19.939,31,40,109
XRP/USDT,15m,0.55,0.025,0.01,6,2.5,180,1.2,34.6,54.3,0.845,29.223,57,48,75
XRP/USDT,15m,0.55,0.025,0.01,8,2.5,180,1.2,34.6,61.3,1.023,35.381,76,48,56
XRP/USDT,15m,0.55,0.025,0.01,12,2.5,180,1.2,34.6,62.0,1.052,36.385,88,54,38
XRP/USDT,15m,0.55,0.025,0.01,16,2.5,180,1.2,34.6,60.5,1.041,36.024,95,62,23
XRP/USDT,15m,0.55,0.025,0.01,20,2.5,180,1.2,34.6,58.5,1.014,35.088,96,68,16
XRP/USDT,15m,0.55,0.025,0.01,24,2.5,180,1.2,34.6,58.4,0.998,34.533,97,69,14
XRP/USDT,15m,0.55,0.025,0.01,36,2.5,180,1.2,34.6,56.7,0.958,33.128,97,74,9
XRP/USDT,15m,0.55,0.025,0.01,48,2.5,180,1.2,34.6,55.4,0.934,32.302,97,78,5
XRP/USDT,15m,0.55,0.025,0.015,4,1.7,180,1.2,34.6,70.6,0.696,24.084,36,15,129
XRP/USDT,15m,0.55,0.025,0.015,6,1.7,180,1.2,34.6,77.8,0.995,34.434,63,18,99
XRP/USDT,15m,0.55,0.025,0.015,8,1.7,180,1.2,34.6,80.6,1.198,41.431,83,20,77
XRP/USDT,15m,0.55,0.025,0.015,12,1.7,180,1.2,34.6,78.0,1.213,41.96,96,27,57
XRP/USDT,15m,0.55,0.025,0.015,16,1.7,180,1.2,34.6,76.3,1.188,41.108,103,32,45
XRP/USDT,15m,0.55,0.025,0.015,20,1.7,180,1.2,34.6,73.8,1.15,39.778,104,37,39
XRP/USDT,15m,0.55,0.025,0.015,24,1.7,180,1.2,34.6,71.6,1.13,39.085,106,42,32
XRP/USDT,15m,0.55,0.025,0.015,36,1.7,180,1.2,34.6,67.5,1.029,35.594,106,51,23
XRP/USDT,15m,0.55,0.025,0.015,48,1.7,180,1.2,34.6,65.1,1.046,36.187,108,58,14
XRP/USDT,15m,0.55,0.025,0.02,4,1.2,180,1.2,34.6,78.7,0.725,25.092,37,10,133
XRP/USDT,15m,0.55,0.025,0.02,6,1.2,180,1.2,34.6,82.1,1.022,35.364,64,14,102
XRP/USDT,15m,0.55,0.025,0.02,8,1.2,180,1.2,34.6,85.7,1.218,42.147,84,14,82
XRP/USDT,15m,0.55,0.025,0.02,12,1.2,180,1.2,34.6,84.5,1.236,42.753,98,18,64
XRP/USDT,15m,0.55,0.025,0.02,16,1.2,180,1.2,34.6,82.2,1.2,41.522,106,23,51
XRP/USDT,15m,0.55,0.025,0.02,20,1.2,180,1.2,34.6,81.1,1.165,40.3,107,25,48
XRP/USDT,15m,0.55,0.025,0.02,24,1.2,180,1.2,34.6,79.6,1.142,39.498,109,28,43
XRP/USDT,15m,0.55,0.025,0.02,36,1.2,180,1.2,34.6,73.6,1.023,35.394,109,39,32
XRP/USDT,15m,0.55,0.025,0.02,48,1.2,180,1.2,34.6,70.3,1.026,35.495,111,47,22
XRP/USDT,15m,0.55,0.03,0.008,4,3.8,180,1.2,34.6,28.6,0.609,21.075,22,55,103
XRP/USDT,15m,0.55,0.03,0.008,6,3.8,180,1.2,34.6,39.6,0.88,30.424,40,61,79
XRP/USDT,15m,0.55,0.03,0.008,8,3.8,180,1.2,34.6,44.3,1.067,36.907,51,64,65
XRP/USDT,15m,0.55,0.03,0.008,12,3.8,180,1.2,34.6,49.6,1.114,38.539,70,71,39
XRP/USDT,15m,0.55,0.03,0.008,16,3.8,180,1.2,34.6,51.6,1.137,39.327,79,74,27
XRP/USDT,15m,0.55,0.03,0.008,20,3.8,180,1.2,34.6,51.6,1.147,39.677,83,78,19
XRP/USDT,15m,0.55,0.03,0.008,24,3.8,180,1.2,34.6,51.5,1.137,39.313,85,80,15
XRP/USDT,15m,0.55,0.03,0.008,36,3.8,180,1.2,34.6,50.3,1.083,37.461,85,84,11
XRP/USDT,15m,0.55,0.03,0.008,48,3.8,180,1.2,34.6,49.7,1.076,37.221,85,86,9
XRP/USDT,15m,0.55,0.03,0.01,4,3.0,180,1.2,34.6,36.5,0.634,21.929,23,40,117
XRP/USDT,15m,0.55,0.03,0.01,6,3.0,180,1.2,34.6,47.8,0.949,32.837,44,48,88
XRP/USDT,15m,0.55,0.03,0.01,8,3.0,180,1.2,34.6,53.8,1.159,40.102,56,48,76
XRP/USDT,15m,0.55,0.03,0.01,12,3.0,180,1.2,34.6,58.1,1.213,41.944,75,54,51
XRP/USDT,15m,0.55,0.03,0.01,16,3.0,180,1.2,34.6,57.8,1.226,42.421,85,62,33
XRP/USDT,15m,0.55,0.03,0.01,20,3.0,180,1.2,34.6,56.7,1.229,42.527,89,68,23
XRP/USDT,15m,0.55,0.03,0.01,24,3.0,180,1.2,34.6,56.9,1.219,42.163,91,69,20
XRP/USDT,15m,0.55,0.03,0.01,36,3.0,180,1.2,34.6,55.2,1.152,39.848,91,74,15
XRP/USDT,15m,0.55,0.03,0.01,48,3.0,180,1.2,34.6,53.5,1.122,38.798,91,79,10
XRP/USDT,15m,0.55,0.03,0.015,4,2.0,180,1.2,34.6,64.3,0.761,26.318,27,15,138
XRP/USDT,15m,0.55,0.03,0.015,6,2.0,180,1.2,34.6,73.1,1.113,38.49,49,18,113
XRP/USDT,15m,0.55,0.03,0.015,8,2.0,180,1.2,34.6,75.6,1.351,46.726,62,20,98
XRP/USDT,15m,0.55,0.03,0.015,12,2.0,180,1.2,34.6,75.5,1.396,48.288,83,27,70
XRP/USDT,15m,0.55,0.03,0.015,16,2.0,180,1.2,34.6,74.4,1.396,48.273,93,32,55
XRP/USDT,15m,0.55,0.03,0.015,20,2.0,180,1.2,34.6,72.4,1.387,47.986,97,37,46
XRP/USDT,15m,0.55,0.03,0.015,24,2.0,180,1.2,34.6,70.4,1.376,47.58,100,42,38
XRP/USDT,15m,0.55,0.03,0.015,36,2.0,180,1.2,34.6,66.2,1.248,43.18,100,51,29
XRP/USDT,15m,0.55,0.03,0.015,48,2.0,180,1.2,34.6,63.4,1.262,43.643,102,59,19
XRP/USDT,15m,0.55,0.03,0.02,4,1.5,180,1.2,34.6,73.0,0.785,27.164,27,10,143
XRP/USDT,15m,0.55,0.03,0.02,6,1.5,180,1.2,34.6,77.8,1.135,39.248,49,14,117
XRP/USDT,15m,0.55,0.03,0.02,8,1.5,180,1.2,34.6,81.6,1.37,47.389,62,14,104
XRP/USDT,15m,0.55,0.03,0.02,12,1.5,180,1.2,34.6,82.5,1.425,49.274,85,18,77
XRP/USDT,15m,0.55,0.03,0.02,16,1.5,180,1.2,34.6,80.5,1.41,48.776,95,23,62
XRP/USDT,15m,0.55,0.03,0.02,20,1.5,180,1.2,34.6,80.0,1.411,48.796,100,25,55
XRP/USDT,15m,0.55,0.03,0.02,24,1.5,180,1.2,34.6,78.6,1.396,48.281,103,28,49
XRP/USDT,15m,0.55,0.03,0.02,36,1.5,180,1.2,34.6,72.5,1.251,43.268,103,39,38
XRP/USDT,15m,0.55,0.03,0.02,48,1.5,180,1.2,34.6,68.6,1.247,43.144,105,48,27
XRP/USDT,15m,0.55,0.03,0.025,4,1.2,180,1.2,34.6,75.0,0.787,27.234,27,9,144
XRP/USDT,15m,0.55,0.03,0.025,6,1.2,180,1.2,34.6,82.3,1.159,40.085,51,11,118
XRP/USDT,15m,0.55,0.03,0.025,8,1.2,180,1.2,34.6,84.2,1.392,48.157,64,12,104
XRP/USDT,15m,0.55,0.03,0.025,12,1.2,180,1.2,34.6,87.0,1.449,50.137,87,13,80
XRP/USDT,15m,0.55,0.03,0.025,16,1.2,180,1.2,34.6,86.6,1.438,49.735,97,15,68
XRP/USDT,15m,0.55,0.03,0.025,20,1.2,180,1.2,34.6,85.7,1.432,49.55,102,17,61
XRP/USDT,15m,0.55,0.03,0.025,24,1.2,180,1.2,34.6,86.1,1.434,49.601,105,17,58
XRP/USDT,15m,0.55,0.03,0.025,36,1.2,180,1.2,34.6,81.4,1.287,44.531,105,24,51
XRP/USDT,15m,0.55,0.03,0.025,48,1.2,180,1.2,34.6,74.8,1.248,43.171,107,36,37
XRP/USDT,15m,0.55,0.04,0.008,4,5.0,180,1.2,34.6,16.4,0.62,21.46,11,56,113
XRP/USDT,15m,0.55,0.04,0.008,6,5.0,180,1.2,34.6,22.9,0.887,30.698,19,64,97
XRP/USDT,15m,0.55,0.04,0.008,8,5.0,180,1.2,34.6,30.9,1.095,37.891,30,67,83
XRP/USDT,15m,0.55,0.04,0.008,12,5.0,180,1.2,34.6,36.2,1.185,40.987,42,74,64
XRP/USDT,15m,0.55,0.04,0.008,16,5.0,180,1.2,34.6,39.4,1.208,41.8,52,80,48
XRP/USDT,15m,0.55,0.04,0.008,20,5.0,180,1.2,34.6,41.4,1.24,42.878,60,85,35
XRP/USDT,15m,0.55,0.04,0.008,24,5.0,180,1.2,34.6,41.2,1.229,42.521,61,87,32
XRP/USDT,15m,0.55,0.04,0.008,36,5.0,180,1.2,34.6,40.9,1.172,40.525,63,91,26
XRP/USDT,15m,0.55,0.04,0.008,48,5.0,180,1.2,34.6,40.4,1.138,39.375,63,93,24
XRP/USDT,15m,0.55,0.04,0.01,4,4.0,180,1.2,34.6,21.2,0.639,22.119,11,41,128
XRP/USDT,15m,0.55,0.04,0.01,6,4.0,180,1.2,34.6,27.1,0.947,32.755,19,51,110
XRP/USDT,15m,0.55,0.04,0.01,8,4.0,180,1.2,34.6,37.0,1.172,40.554,30,51,99
XRP/USDT,15m,0.55,0.04,0.01,12,4.0,180,1.2,34.6,44.1,1.285,44.456,45,57,78
XRP/USDT,15m,0.55,0.04,0.01,16,4.0,180,1.2,34.6,44.7,1.291,44.671,55,68,57
XRP/USDT,15m,0.55,0.04,0.01,20,4.0,180,1.2,34.6,46.0,1.315,45.499,64,75,41
XRP/USDT,15m,0.55,0.04,0.01,24,4.0,180,1.2,34.6,46.1,1.312,45.385,65,76,39
XRP/USDT,15m,0.55,0.04,0.01,36,4.0,180,1.2,34.6,45.3,1.226,42.419,67,81,32
XRP/USDT,15m,0.55,0.04,0.01,48,4.0,180,1.2,34.6,43.8,1.181,40.846,67,86,27
XRP/USDT,15m,0.55,0.04,0.015,4,2.7,180,1.2,34.6,44.4,0.764,26.413,12,15,153
XRP/USDT,15m,0.55,0.04,0.015,6,2.7,180,1.2,34.6,50.0,1.106,38.25,21,21,138
XRP/USDT,15m,0.55,0.04,0.015,8,2.7,180,1.2,34.6,58.2,1.354,46.849,32,23,125
XRP/USDT,15m,0.55,0.04,0.015,12,2.7,180,1.2,34.6,61.5,1.461,50.545,48,30,102
XRP/USDT,15m,0.55,0.04,0.015,16,2.7,180,1.2,34.6,63.5,1.476,51.061,61,35,84
XRP/USDT,15m,0.55,0.04,0.015,20,2.7,180,1.2,34.6,63.6,1.533,53.013,70,40,70
XRP/USDT,15m,0.55,0.04,0.015,24,2.7,180,1.2,34.6,61.5,1.541,53.316,72,45,63
XRP/USDT,15m,0.55,0.04,0.015,36,2.7,180,1.2,34.6,57.4,1.374,47.541,74,55,51
XRP/USDT,15m,0.55,0.04,0.015,48,2.7,180,1.2,34.6,53.2,1.339,46.308,75,66,39
XRP/USDT,15m,0.55,0.04,0.02,4,2.0,180,1.2,34.6,54.5,0.788,27.258,12,10,158
XRP/USDT,15m,0.55,0.04,0.02,6,2.0,180,1.2,34.6,56.8,1.125,38.916,21,16,143
XRP/USDT,15m,0.55,0.04,0.02,8,2.0,180,1.2,34.6,65.3,1.365,47.224,32,17,131
XRP/USDT,15m,0.55,0.04,0.02,12,2.0,180,1.2,34.6,70.0,1.487,51.44,49,21,110
XRP/USDT,15m,0.55,0.04,0.02,16,2.0,180,1.2,34.6,70.5,1.491,51.581,62,26,92
XRP/USDT,15m,0.55,0.04,0.02,20,2.0,180,1.2,34.6,72.0,1.56,53.976,72,28,80
XRP/USDT,15m,0.55,0.04,0.02,24,2.0,180,1.2,34.6,70.5,1.569,54.266,74,31,75
XRP/USDT,15m,0.55,0.04,0.02,36,2.0,180,1.2,34.6,64.2,1.383,47.821,77,43,60
XRP/USDT,15m,0.55,0.04,0.02,48,2.0,180,1.2,34.6,58.6,1.322,45.712,78,55,47
XRP/USDT,15m,0.55,0.04,0.025,4,1.6,180,1.2,34.6,57.1,0.79,27.329,12,9,159
XRP/USDT,15m,0.55,0.04,0.025,6,1.6,180,1.2,34.6,64.7,1.152,39.858,22,12,146
XRP/USDT,15m,0.55,0.04,0.025,8,1.6,180,1.2,34.6,69.4,1.39,48.088,34,15,131
XRP/USDT,15m,0.55,0.04,0.025,12,1.6,180,1.2,34.6,76.1,1.515,52.4,51,16,113
XRP/USDT,15m,0.55,0.04,0.025,16,1.6,180,1.2,34.6,78.0,1.522,52.637,64,18,98
XRP/USDT,15m,0.55,0.04,0.025,20,1.6,180,1.2,34.6,78.7,1.585,54.825,74,20,86
XRP/USDT,15m,0.55,0.04,0.025,24,1.6,180,1.2,34.6,79.2,1.61,55.682,76,20,84
XRP/USDT,15m,0.55,0.04,0.025,36,1.6,180,1.2,34.6,73.8,1.419,49.085,79,28,73
XRP/USDT,15m,0.55,0.04,0.025,48,1.6,180,1.2,34.6,65.0,1.314,45.451,80,43,57
XRP/USDT,15m,0.55,0.05,0.008,4,6.2,180,1.2,34.6,6.7,0.608,21.044,4,56,120
XRP/USDT,15m,0.55,0.05,0.008,6,6.2,180,1.2,34.6,7.2,0.85,29.416,5,64,111
XRP/USDT,15m,0.55,0.05,0.008,8,6.2,180,1.2,34.6,16.0,1.081,37.376,13,68,99
XRP/USDT,15m,0.55,0.05,0.008,12,6.2,180,1.2,34.6,25.0,1.241,42.935,25,75,80
XRP/USDT,15m,0.55,0.05,0.008,16,6.2,180,1.2,34.6,30.8,1.291,44.656,36,81,63
XRP/USDT,15m,0.55,0.05,0.008,20,6.2,180,1.2,34.6,31.7,1.317,45.561,40,86,54
XRP/USDT,15m,0.55,0.05,0.008,24,6.2,180,1.2,34.6,33.3,1.332,46.083,44,88,48
XRP/USDT,15m,0.55,0.05,0.008,36,6.2,180,1.2,34.6,33.8,1.306,45.162,47,92,41
XRP/USDT,15m,0.55,0.05,0.008,48,6.2,180,1.2,34.6,33.3,1.239,42.859,47,94,39
XRP/USDT,15m,0.55,0.05,0.01,4,5.0,180,1.2,34.6,8.9,0.627,21.703,4,41,135
XRP/USDT,15m,0.55,0.05,0.01,6,5.0,180,1.2,34.6,8.9,0.91,31.473,5,51,124
XRP/USDT,15m,0.55,0.05,0.01,8,5.0,180,1.2,34.6,20.3,1.179,40.773,13,51,116
XRP/USDT,15m,0.55,0.05,0.01,12,5.0,180,1.2,34.6,33.7,1.39,48.095,29,57,94
XRP/USDT,15m,0.55,0.05,0.01,16,5.0,180,1.2,34.6,37.0,1.423,49.218,40,68,72
XRP/USDT,15m,0.55,0.05,0.01,20,5.0,180,1.2,34.6,37.0,1.443,49.913,44,75,61
XRP/USDT,15m,0.55,0.05,0.01,24,5.0,180,1.2,34.6,38.7,1.469,50.798,48,76,56
XRP/USDT,15m,0.55,0.05,0.01,36,5.0,180,1.2,34.6,39.1,1.415,48.939,52,81,47
XRP/USDT,15m,0.55,0.05,0.01,48,5.0,180,1.2,34.6,37.7,1.336,46.213,52,86,42
XRP/USDT,15m,0.55,0.05,0.015,4,3.3,180,1.2,34.6,25.0,0.757,26.189,5,15,160
XRP/USDT,15m,0.55,0.05,0.015,6,3.3,180,1.2,34.6,25.0,1.08,37.352,7,21,152
XRP/USDT,15m,0.55,0.05,0.015,8,3.3,180,1.2,34.6,39.5,1.372,47.453,15,23,142
XRP/USDT,15m,0.55,0.05,0.015,12,3.3,180,1.2,34.6,51.6,1.583,54.761,32,30,118
XRP/USDT,15m,0.55,0.05,0.015,16,3.3,180,1.2,34.6,55.1,1.62,56.044,43,35,102
XRP/USDT,15m,0.55,0.05,0.015,20,3.3,180,1.2,34.6,54.0,1.679,58.063,47,40,93
XRP/USDT,15m,0.55,0.05,0.015,24,3.3,180,1.2,34.6,55.0,1.737,60.074,55,45,80
XRP/USDT,15m,0.55,0.05,0.015,36,3.3,180,1.2,34.6,51.8,1.602,55.407,59,55,66
XRP/USDT,15m,0.55,0.05,0.015,48,3.3,180,1.2,34.6,47.2,1.526,52.799,59,66,55
XRP/USDT,15m,0.55,0.05,0.02,4,2.5,180,1.2,34.6,33.3,0.782,27.035,5,10,165
XRP/USDT,15m,0.55,0.05,0.02,6,2.5,180,1.2,34.6,30.4,1.099,38.019,7,16,157
XRP/USDT,15m,0.55,0.05,0.02,8,2.5,180,1.2,34.6,46.9,1.383,47.827,15,17,148
XRP/USDT,15m,0.55,0.05,0.02,12,2.5,180,1.2,34.6,61.1,1.615,55.848,33,21,126
XRP/USDT,15m,0.55,0.05,0.02,16,2.5,180,1.2,34.6,62.9,1.641,56.756,44,26,110
XRP/USDT,15m,0.55,0.05,0.02,20,2.5,180,1.2,34.6,63.2,1.713,59.257,48,28,104
XRP/USDT,15m,0.55,0.05,0.02,24,2.5,180,1.2,34.6,64.8,1.775,61.409,57,31,92
XRP/USDT,15m,0.55,0.05,0.02,36,2.5,180,1.2,34.6,59.0,1.627,56.263,62,43,75
XRP/USDT,15m,0.55,0.05,0.02,48,2.5,180,1.2,34.6,53.0,1.526,52.781,62,55,63
XRP/USDT,15m,0.55,0.05,0.025,4,2.0,180,1.2,34.6,35.7,0.784,27.105,5,9,166
XRP/USDT,15m,0.55,0.05,0.025,6,2.0,180,1.2,34.6,40.0,1.132,39.153,8,12,160
XRP/USDT,15m,0.55,0.05,0.025,8,2.0,180,1.2,34.6,53.1,1.419,49.076,17,15,148
XRP/USDT,15m,0.55,0.05,0.025,12,2.0,180,1.2,34.6,68.6,1.653,57.192,35,16,129
XRP/USDT,15m,0.55,0.05,0.025,16,2.0,180,1.2,34.6,71.9,1.682,58.196,46,18,116
XRP/USDT,15m,0.55,0.05,0.025,20,2.0,180,1.2,34.6,71.4,1.749,60.491,50,20,110
XRP/USDT,15m,0.55,0.05,0.025,24,2.0,180,1.2,34.6,74.7,1.827,63.209,59,20,101
XRP/USDT,15m,0.55,0.05,0.025,36,2.0,180,1.2,34.6,69.6,1.674,57.911,64,28,88
XRP/USDT,15m,0.55,0.05,0.025,48,2.0,180,1.2,34.6,59.8,1.529,52.904,64,43,73
XRP/USDT,15m,0.55,0.075,0.008,4,9.4,180,1.2,34.6,1.8,0.607,20.982,1,56,123
XRP/USDT,15m,0.55,0.075,0.008,6,9.4,180,1.2,34.6,1.5,0.816,28.231,1,64,115
XRP/USDT,15m,0.55,0.075,0.008,8,9.4,180,1.2,34.6,1.4,1.036,35.846,1,69,110
XRP/USDT,15m,0.55,0.075,0.008,12,9.4,180,1.2,34.6,2.6,1.193,41.249,2,76,102
XRP/USDT,15m,0.55,0.075,0.008,16,9.4,180,1.2,34.6,8.9,1.292,44.684,8,82,90
XRP/USDT,15m,0.55,0.075,0.008,20,9.4,180,1.2,34.6,13.0,1.327,45.889,13,87,80
XRP/USDT,15m,0.55,0.075,0.008,24,9.4,180,1.2,34.6,16.5,1.343,46.443,18,91,71
XRP/USDT,15m,0.55,0.075,0.008,36,9.4,180,1.2,34.6,21.3,1.471,50.875,26,96,58
XRP/USDT,15m,0.55,0.075,0.008,48,9.4,180,1.2,34.6,21.0,1.386,47.933,26,98,56
XRP/USDT,15m,0.55,0.075,0.01,4,7.5,180,1.2,34.6,2.4,0.626,21.64,1,41,138
XRP/USDT,15m,0.55,0.075,0.01,6,7.5,180,1.2,34.6,1.9,0.876,30.288,1,51,128
XRP/USDT,15m,0.55,0.075,0.01,8,7.5,180,1.2,34.6,1.9,1.133,39.204,1,52,127
XRP/USDT,15m,0.55,0.075,0.01,12,7.5,180,1.2,34.6,4.9,1.335,46.174,3,58,119
XRP/USDT,15m,0.55,0.075,0.01,16,7.5,180,1.2,34.6,11.5,1.403,48.539,9,69,102
XRP/USDT,15m,0.55,0.075,0.01,20,7.5,180,1.2,34.6,15.6,1.414,48.897,14,76,90
XRP/USDT,15m,0.55,0.075,0.01,24,7.5,180,1.2,34.6,19.4,1.463,50.614,19,79,82
XRP/USDT,15m,0.55,0.075,0.01,36,7.5,180,1.2,34.6,25.4,1.611,55.737,29,85,66
XRP/USDT,15m,0.55,0.075,0.01,48,7.5,180,1.2,34.6,24.4,1.519,52.526,29,90,61
XRP/USDT,15m,0.55,0.075,0.015,4,5.0,180,1.2,34.6,6.2,0.758,26.207,1,15,164
XRP/USDT,15m,0.55,0.075,0.015,6,5.0,180,1.2,34.6,8.7,1.052,36.384,2,21,157
XRP/USDT,15m,0.55,0.075,0.015,8,5.0,180,1.2,34.6,7.7,1.334,46.136,2,24,154
XRP/USDT,15m,0.55,0.075,0.015,12,5.0,180,1.2,34.6,11.4,1.533,53.041,4,31,145
XRP/USDT,15m,0.55,0.075,0.015,16,5.0,180,1.2,34.6,21.7,1.61,55.687,10,36,134
XRP/USDT,15m,0.55,0.075,0.015,20,5.0,180,1.2,34.6,29.3,1.688,58.391,17,41,122
XRP/USDT,15m,0.55,0.075,0.015,24,5.0,180,1.2,34.6,31.4,1.768,61.149,22,48,110
XRP/USDT,15m,0.55,0.075,0.015,36,5.0,180,1.2,34.6,35.9,1.852,64.071,33,59,88
XRP/USDT,15m,0.55,0.075,0.015,48,5.0,180,1.2,34.6,32.0,1.769,61.176,33,70,77
XRP/USDT,15m,0.55,0.075,0.02,4,3.8,180,1.2,34.6,9.1,0.782,27.053,1,10,169
XRP/USDT,15m,0.55,0.075,0.02,6,3.8,180,1.2,34.6,11.1,1.071,37.051,2,16,162
XRP/USDT,15m,0.55,0.075,0.02,8,3.8,180,1.2,34.6,10.0,1.342,46.415,2,18,160
XRP/USDT,15m,0.55,0.075,0.02,12,3.8,180,1.2,34.6,15.4,1.561,53.98,4,22,154
XRP/USDT,15m,0.55,0.075,0.02,16,3.8,180,1.2,34.6,27.0,1.615,55.861,10,27,143
XRP/USDT,15m,0.55,0.075,0.02,20,3.8,180,1.2,34.6,37.0,1.703,58.906,17,29,134
XRP/USDT,15m,0.55,0.075,0.02,24,3.8,180,1.2,34.6,40.0,1.783,61.686,22,33,125
XRP/USDT,15m,0.55,0.075,0.02,36,3.8,180,1.2,34.6,41.2,1.855,64.171,33,47,100
XRP/USDT,15m,0.55,0.075,0.02,48,3.8,180,1.2,34.6,35.9,1.749,60.498,33,59,88
XRP/USDT,15m,0.55,0.075,0.025,4,3.0,180,1.2,34.6,10.0,0.784,27.123,1,9,170
XRP/USDT,15m,0.55,0.075,0.025,6,3.0,180,1.2,34.6,20.0,1.118,38.666,3,12,165
XRP/USDT,15m,0.55,0.075,0.025,8,3.0,180,1.2,34.6,20.0,1.403,48.528,4,16,160
XRP/USDT,15m,0.55,0.075,0.025,12,3.0,180,1.2,34.6,26.1,1.624,56.189,6,17,157
XRP/USDT,15m,0.55,0.075,0.025,16,3.0,180,1.2,34.6,38.7,1.682,58.165,12,19,149
XRP/USDT,15m,0.55,0.075,0.025,20,3.0,180,1.2,34.6,47.5,1.764,61.005,19,21,140
XRP/USDT,15m,0.55,0.075,0.025,24,3.0,180,1.2,34.6,53.3,1.865,64.494,24,21,135
XRP/USDT,15m,0.55,0.075,0.025,36,3.0,180,1.2,34.6,52.2,1.919,66.395,35,32,113
XRP/USDT,15m,0.55,0.075,0.025,48,3.0,180,1.2,34.6,42.7,1.769,61.198,35,47,98
XRP/USDT,15m,0.55,0.1,0.008,4,12.5,180,1.2,34.6,0.0,0.608,21.017,0,56,124
XRP/USDT,15m,0.55,0.1,0.008,6,12.5,180,1.2,34.6,1.5,0.83,28.711,1,64,115
XRP/USDT,15m,0.55,0.1,0.008,8,12.5,180,1.2,34.6,1.4,1.05,36.327,1,69,110
XRP/USDT,15m,0.55,0.1,0.008,12,12.5,180,1.2,34.6,1.3,1.194,41.291,1,76,103
XRP/USDT,15m,0.55,0.1,0.008,16,12.5,180,1.2,34.6,1.2,1.256,43.446,1,82,97
XRP/USDT,15m,0.55,0.1,0.008,20,12.5,180,1.2,34.6,4.4,1.295,44.79,4,87,89
XRP/USDT,15m,0.55,0.1,0.008,24,12.5,180,1.2,34.6,7.1,1.288,44.551,7,91,82
XRP/USDT,15m,0.55,0.1,0.008,36,12.5,180,1.2,34.6,12.9,1.491,51.587,15,101,64
XRP/USDT,15m,0.55,0.1,0.008,48,12.5,180,1.2,34.6,15.6,1.426,49.313,19,103,58
XRP/USDT,15m,0.55,0.1,0.01,4,10.0,180,1.2,34.6,0.0,0.627,21.675,0,41,139
XRP/USDT,15m,0.55,0.1,0.01,6,10.0,180,1.2,34.6,1.9,0.89,30.769,1,51,128
XRP/USDT,15m,0.55,0.1,0.01,8,10.0,180,1.2,34.6,1.9,1.147,39.684,1,52,127
XRP/USDT,15m,0.55,0.1,0.01,12,10.0,180,1.2,34.6,1.7,1.337,46.256,1,58,121
XRP/USDT,15m,0.55,0.1,0.01,16,10.0,180,1.2,34.6,1.4,1.32,45.668,1,70,109
XRP/USDT,15m,0.55,0.1,0.01,20,10.0,180,1.2,34.6,4.9,1.335,46.165,4,77,99
XRP/USDT,15m,0.55,0.1,0.01,24,10.0,180,1.2,34.6,8.0,1.361,47.088,7,80,93
XRP/USDT,15m,0.55,0.1,0.01,36,10.0,180,1.2,34.6,14.2,1.589,54.969,15,91,74
XRP/USDT,15m,0.55,0.1,0.01,48,10.0,180,1.2,34.6,17.9,1.533,53.04,21,96,63
XRP/USDT,15m,0.55,0.1,0.015,4,6.7,180,1.2,34.6,0.0,0.759,26.242,0,15,165
XRP/USDT,15m,0.55,0.1,0.015,6,6.7,180,1.2,34.6,4.5,1.064,36.812,1,21,158
XRP/USDT,15m,0.55,0.1,0.015,8,6.7,180,1.2,34.6,4.0,1.331,46.037,1,24,155
XRP/USDT,15m,0.55,0.1,0.015,12,6.7,180,1.2,34.6,3.0,1.486,51.394,1,32,147
XRP/USDT,15m,0.55,0.1,0.015,16,6.7,180,1.2,34.6,2.6,1.474,50.99,1,38,141
XRP/USDT,15m,0.55,0.1,0.015,20,6.7,180,1.2,34.6,8.5,1.56,53.963,4,43,133
XRP/USDT,15m,0.55,0.1,0.015,24,6.7,180,1.2,34.6,13.8,1.627,56.28,8,50,122
XRP/USDT,15m,0.55,0.1,0.015,36,6.7,180,1.2,34.6,20.0,1.804,62.384,16,64,100
XRP/USDT,15m,0.55,0.1,0.015,48,6.7,180,1.2,34.6,23.8,1.758,60.826,24,77,79
XRP/USDT,15m,0.55,0.1,0.02,4,5.0,180,1.2,34.6,0.0,0.783,27.088,0,10,170
XRP/USDT,15m,0.55,0.1,0.02,6,5.0,180,1.2,34.6,5.9,1.084,37.478,1,16,163
XRP/USDT,15m,0.55,0.1,0.02,8,5.0,180,1.2,34.6,5.3,1.339,46.315,1,18,161
XRP/USDT,15m,0.55,0.1,0.02,12,5.0,180,1.2,34.6,4.2,1.51,52.236,1,23,156
XRP/USDT,15m,0.55,0.1,0.02,16,5.0,180,1.2,34.6,3.3,1.474,50.972,1,29,150
XRP/USDT,15m,0.55,0.1,0.02,20,5.0,180,1.2,34.6,11.4,1.569,54.286,4,31,145
XRP/USDT,15m,0.55,0.1,0.02,24,5.0,180,1.2,34.6,18.6,1.637,56.625,8,35,137
XRP/USDT,15m,0.55,0.1,0.02,36,5.0,180,1.2,34.6,23.5,1.793,62.003,16,52,112
XRP/USDT,15m,0.55,0.1,0.02,48,5.0,180,1.2,34.6,27.0,1.725,59.658,24,65,91
XRP/USDT,15m,0.55,0.1,0.025,4,4.0,180,1.2,34.6,0.0,0.785,27.158,0,9,171
XRP/USDT,15m,0.55,0.1,0.025,6,4.0,180,1.2,34.6,7.7,1.129,39.037,1,12,167
XRP/USDT,15m,0.55,0.1,0.025,8,4.0,180,1.2,34.6,5.9,1.381,47.76,1,16,163
XRP/USDT,15m,0.55,0.1,0.025,12,4.0,180,1.2,34.6,4.8,1.46,50.506,1,20,159
XRP/USDT,15m,0.55,0.1,0.025,16,4.0,180,1.2,34.6,4.2,1.424,49.241,1,23,156
XRP/USDT,15m,0.55,0.1,0.025,20,4.0,180,1.2,34.6,13.8,1.513,52.349,4,25,151
XRP/USDT,15m,0.55,0.1,0.025,24,4.0,180,1.2,34.6,24.2,1.602,55.397,8,25,147
XRP/USDT,15m,0.55,0.1,0.025,36,4.0,180,1.2,34.6,30.2,1.741,60.204,16,37,127
XRP/USDT,15m,0.55,0.1,0.025,48,4.0,180,1.2,34.6,30.8,1.623,56.151,24,54,102
XRP/USDT,15m,0.6,0.01,0.008,4,1.2,118,0.79,22.7,64.6,0.335,7.586,62,34,22
XRP/USDT,15m,0.6,0.01,0.008,6,1.2,118,0.79,22.7,67.3,0.387,8.779,72,35,11
XRP/USDT,15m,0.6,0.01,0.008,8,1.2,118,0.79,22.7,67.6,0.382,8.654,75,36,7
XRP/USDT,15m,0.6,0.01,0.008,12,1.2,118,0.79,22.7,66.4,0.375,8.504,75,38,5
XRP/USDT,15m,0.6,0.01,0.008,16,1.2,118,0.79,22.7,65.2,0.366,8.303,75,40,3
XRP/USDT,15m,0.6,0.01,0.008,20,1.2,118,0.79,22.7,64.4,0.359,8.148,76,42,0
XRP/USDT,15m,0.6,0.01,0.008,24,1.2,118,0.79,22.7,64.4,0.359,8.148,76,42,0
XRP/USDT,15m,0.6,0.01,0.008,36,1.2,118,0.79,22.7,64.4,0.359,8.148,76,42,0
XRP/USDT,15m,0.6,0.01,0.008,48,1.2,118,0.79,22.7,64.4,0.359,8.148,76,42,0
XRP/USDT,15m,0.6,0.015,0.008,4,1.9,118,0.79,22.7,53.8,0.445,10.088,42,36,40
XRP/USDT,15m,0.6,0.015,0.008,6,1.9,118,0.79,22.7,61.4,0.581,13.184,62,39,17
XRP/USDT,15m,0.6,0.015,0.008,8,1.9,118,0.79,22.7,63.3,0.617,13.984,69,40,9
XRP/USDT,15m,0.6,0.015,0.008,12,1.9,118,0.79,22.7,62.8,0.615,13.942,71,42,5
XRP/USDT,15m,0.6,0.015,0.008,16,1.9,118,0.79,22.7,61.7,0.606,13.741,71,44,3
XRP/USDT,15m,0.6,0.015,0.008,20,1.9,118,0.79,22.7,60.7,0.598,13.568,71,46,1
XRP/USDT,15m,0.6,0.015,0.008,24,1.9,118,0.79,22.7,60.7,0.594,13.462,71,46,1
XRP/USDT,15m,0.6,0.015,0.008,36,1.9,118,0.79,22.7,60.7,0.593,13.45,71,46,1
XRP/USDT,15m,0.6,0.015,0.008,48,1.9,118,0.79,22.7,60.2,0.584,13.24,71,47,0
XRP/USDT,15m,0.6,0.015,0.01,4,1.5,118,0.79,22.7,63.0,0.487,11.044,46,27,45
XRP/USDT,15m,0.6,0.015,0.01,6,1.5,118,0.79,22.7,68.8,0.637,14.438,66,30,22
XRP/USDT,15m,0.6,0.015,0.01,8,1.5,118,0.79,22.7,71.2,0.687,15.571,74,30,14
XRP/USDT,15m,0.6,0.015,0.01,12,1.5,118,0.79,22.7,70.4,0.676,15.33,76,32,10
XRP/USDT,15m,0.6,0.015,0.01,16,1.5,118,0.79,22.7,67.3,0.652,14.783,76,37,5
XRP/USDT,15m,0.6,0.015,0.01,20,1.5,118,0.79,22.7,65.5,0.641,14.529,76,40,2
XRP/USDT,15m,0.6,0.015,0.01,24,1.5,118,0.79,22.7,65.5,0.636,14.427,76,40,2
XRP/USDT,15m,0.6,0.015,0.01,36,1.5,118,0.79,22.7,65.5,0.63,14.282,76,40,2
XRP/USDT,15m,0.6,0.015,0.01,48,1.5,118,0.79,22.7,64.4,0.61,13.836,76,42,0
XRP/USDT,15m,0.6,0.02,0.008,4,2.5,118,0.79,22.7,45.5,0.552,12.512,30,36,52
XRP/USDT,15m,0.6,0.02,0.008,6,2.5,118,0.79,22.7,55.1,0.749,16.973,49,40,29
XRP/USDT,15m,0.6,0.02,0.008,8,2.5,118,0.79,22.7,60.6,0.87,19.718,63,41,14
XRP/USDT,15m,0.6,0.02,0.008,12,2.5,118,0.79,22.7,60.9,0.871,19.745,67,43,8
XRP/USDT,15m,0.6,0.02,0.008,16,2.5,118,0.79,22.7,60.2,0.858,19.464,68,45,5
XRP/USDT,15m,0.6,0.02,0.008,20,2.5,118,0.79,22.7,59.1,0.848,19.226,68,47,3
XRP/USDT,15m,0.6,0.02,0.008,24,2.5,118,0.79,22.7,59.1,0.836,18.961,68,47,3
XRP/USDT,15m,0.6,0.02,0.008,36,2.5,118,0.79,22.7,58.6,0.83,18.829,68,48,2
XRP/USDT,15m,0.6,0.02,0.008,48,2.5,118,0.79,22.7,58.1,0.824,18.678,68,49,1
XRP/USDT,15m,0.6,0.02,0.01,4,2.0,118,0.79,22.7,54.2,0.591,13.403,32,27,59
XRP/USDT,15m,0.6,0.02,0.01,6,2.0,118,0.79,22.7,63.9,0.835,18.931,53,30,35
XRP/USDT,15m,0.6,0.02,0.01,8,2.0,118,0.79,22.7,69.4,0.981,22.24,68,30,20
XRP/USDT,15m,0.6,0.02,0.01,12,2.0,118,0.79,22.7,69.5,0.977,22.151,73,32,13
XRP/USDT,15m,0.6,0.02,0.01,16,2.0,118,0.79,22.7,66.7,0.949,21.524,74,37,7
XRP/USDT,15m,0.6,0.02,0.01,20,2.0,118,0.79,22.7,64.9,0.935,21.206,74,40,4
XRP/USDT,15m,0.6,0.02,0.01,24,2.0,118,0.79,22.7,64.9,0.924,20.945,74,40,4
XRP/USDT,15m,0.6,0.02,0.01,36,2.0,118,0.79,22.7,64.3,0.91,20.641,74,41,3
XRP/USDT,15m,0.6,0.02,0.01,48,2.0,118,0.79,22.7,63.2,0.893,20.254,74,43,1
XRP/USDT,15m,0.6,0.02,0.015,4,1.3,118,0.79,22.7,77.1,0.711,16.119,37,11,70
XRP/USDT,15m,0.6,0.02,0.015,6,1.3,118,0.79,22.7,83.1,0.982,22.267,59,12,47
XRP/USDT,15m,0.6,0.02,0.015,8,1.3,118,0.79,22.7,86.2,1.156,26.216,75,12,31
XRP/USDT,15m,0.6,0.02,0.015,12,1.3,118,0.79,22.7,83.3,1.146,25.987,80,16,22
XRP/USDT,15m,0.6,0.02,0.015,16,1.3,118,0.79,22.7,81.8,1.096,24.857,81,18,19
XRP/USDT,15m,0.6,0.02,0.015,20,1.3,118,0.79,22.7,78.6,1.066,24.18,81,22,15
XRP/USDT,15m,0.6,0.02,0.015,24,1.3,118,0.79,22.7,77.1,1.055,23.927,81,24,13
XRP/USDT,15m,0.6,0.02,0.015,36,1.3,118,0.79,22.7,74.3,0.991,22.474,81,28,9
XRP/USDT,15m,0.6,0.02,0.015,48,1.3,118,0.79,22.7,72.6,1.021,23.141,82,31,5
XRP/USDT,15m,0.6,0.025,0.008,4,3.1,118,0.79,22.7,35.1,0.596,13.514,20,37,61
XRP/USDT,15m,0.6,0.025,0.008,6,3.1,118,0.79,22.7,48.8,0.883,20.021,39,41,38
XRP/USDT,15m,0.6,0.025,0.008,8,3.1,118,0.79,22.7,54.8,1.054,23.904,51,42,25
XRP/USDT,15m,0.6,0.025,0.008,12,3.1,118,0.79,22.7,56.4,1.071,24.293,57,44,17
XRP/USDT,15m,0.6,0.025,0.008,16,3.1,118,0.79,22.7,57.8,1.086,24.63,63,46,9
XRP/USDT,15m,0.6,0.025,0.008,20,3.1,118,0.79,22.7,57.1,1.082,24.545,64,48,6
XRP/USDT,15m,0.6,0.025,0.008,24,3.1,118,0.79,22.7,57.5,1.073,24.333,65,48,5
XRP/USDT,15m,0.6,0.025,0.008,36,3.1,118,0.79,22.7,57.0,1.058,23.988,65,49,4
XRP/USDT,15m,0.6,0.025,0.008,48,3.1,118,0.79,22.7,56.0,1.046,23.727,65,51,2
XRP/USDT,15m,0.6,0.025,0.01,4,2.5,118,0.79,22.7,44.0,0.642,14.559,22,28,68
XRP/USDT,15m,0.6,0.025,0.01,6,2.5,118,0.79,22.7,58.1,0.985,22.326,43,31,44
XRP/USDT,15m,0.6,0.025,0.01,8,2.5,118,0.79,22.7,64.4,1.185,26.867,56,31,31
XRP/USDT,15m,0.6,0.025,0.01,12,2.5,118,0.79,22.7,65.6,1.201,27.238,63,33,22
XRP/USDT,15m,0.6,0.025,0.01,16,2.5,118,0.79,22.7,64.5,1.201,27.229,69,38,11
XRP/USDT,15m,0.6,0.025,0.01,20,2.5,118,0.79,22.7,63.1,1.193,27.063,70,41,7
XRP/USDT,15m,0.6,0.025,0.01,24,2.5,118,0.79,22.7,63.4,1.184,26.854,71,41,6
XRP/USDT,15m,0.6,0.025,0.01,36,2.5,118,0.79,22.7,62.8,1.162,26.339,71,42,5
XRP/USDT,15m,0.6,0.025,0.01,48,2.5,118,0.79,22.7,61.2,1.138,25.802,71,45,2
XRP/USDT,15m,0.6,0.025,0.015,4,1.7,118,0.79,22.7,71.1,0.801,18.156,27,11,80
XRP/USDT,15m,0.6,0.025,0.015,6,1.7,118,0.79,22.7,80.3,1.18,26.764,49,12,57
XRP/USDT,15m,0.6,0.025,0.015,8,1.7,118,0.79,22.7,84.0,1.414,32.057,63,12,43
XRP/USDT,15m,0.6,0.025,0.015,12,1.7,118,0.79,22.7,81.4,1.418,32.15,70,16,32
XRP/USDT,15m,0.6,0.025,0.015,16,1.7,118,0.79,22.7,80.9,1.395,31.639,76,18,24
XRP/USDT,15m,0.6,0.025,0.015,20,1.7,118,0.79,22.7,77.8,1.358,30.789,77,22,19
XRP/USDT,15m,0.6,0.025,0.015,24,1.7,118,0.79,22.7,75.7,1.341,30.413,78,25,15
XRP/USDT,15m,0.6,0.025,0.015,36,1.7,118,0.79,22.7,72.9,1.268,28.748,78,29,11
XRP/USDT,15m,0.6,0.025,0.015,48,1.7,118,0.79,22.7,71.2,1.294,29.353,79,32,7
XRP/USDT,15m,0.6,0.025,0.02,4,1.2,118,0.79,22.7,77.8,0.827,18.755,28,8,82
XRP/USDT,15m,0.6,0.025,0.02,6,1.2,118,0.79,22.7,83.3,1.195,27.105,50,10,58
XRP/USDT,15m,0.6,0.025,0.02,8,1.2,118,0.79,22.7,86.5,1.429,32.396,64,10,44
XRP/USDT,15m,0.6,0.025,0.02,12,1.2,118,0.79,22.7,85.5,1.433,32.49,71,12,35
XRP/USDT,15m,0.6,0.025,0.02,16,1.2,118,0.79,22.7,84.8,1.416,32.119,78,14,26
XRP/USDT,15m,0.6,0.025,0.02,20,1.2,118,0.79,22.7,84.0,1.375,31.177,79,15,24
XRP/USDT,15m,0.6,0.025,0.02,24,1.2,118,0.79,22.7,83.3,1.37,31.075,80,16,22
XRP/USDT,15m,0.6,0.025,0.02,36,1.2,118,0.79,22.7,80.0,1.292,29.307,80,20,18
XRP/USDT,15m,0.6,0.025,0.02,48,1.2,118,0.79,22.7,76.4,1.299,29.452,81,25,12
XRP/USDT,15m,0.6,0.03,0.008,4,3.8,118,0.79,22.7,27.5,0.656,14.868,14,37,67
XRP/USDT,15m,0.6,0.03,0.008,6,3.8,118,0.79,22.7,40.6,0.978,22.172,28,41,49
XRP/USDT,15m,0.6,0.03,0.008,8,3.8,118,0.79,22.7,47.5,1.193,27.043,38,42,38
XRP/USDT,15m,0.6,0.03,0.008,12,3.8,118,0.79,22.7,52.7,1.228,27.845,49,44,25
XRP/USDT,15m,0.6,0.03,0.008,16,3.8,118,0.79,22.7,53.9,1.255,28.447,55,47,16
XRP/USDT,15m,0.6,0.03,0.008,20,3.8,118,0.79,22.7,54.6,1.282,29.071,59,49,10
XRP/USDT,15m,0.6,0.03,0.008,24,3.8,118,0.79,22.7,55.0,1.275,28.906,60,49,9
XRP/USDT,15m,0.6,0.03,0.008,36,3.8,118,0.79,22.7,54.5,1.223,27.743,60,50,8
XRP/USDT,15m,0.6,0.03,0.008,48,3.8,118,0.79,22.7,53.6,1.214,27.522,60,52,6
XRP/USDT,15m,0.6,0.03,0.01,4,3.0,118,0.79,22.7,34.9,0.704,15.956,15,28,75
XRP/USDT,15m,0.6,0.03,0.01,6,3.0,118,0.79,22.7,50.8,1.096,24.86,32,31,55
XRP/USDT,15m,0.6,0.03,0.01,8,3.0,118,0.79,22.7,58.1,1.344,30.486,43,31,44
XRP/USDT,15m,0.6,0.03,0.01,12,3.0,118,0.79,22.7,62.1,1.372,31.11,54,33,31
XRP/USDT,15m,0.6,0.03,0.01,16,3.0,118,0.79,22.7,61.6,1.399,31.732,61,38,19
XRP/USDT,15m,0.6,0.03,0.01,20,3.0,118,0.79,22.7,61.3,1.428,32.375,65,41,12
XRP/USDT,15m,0.6,0.03,0.01,24,3.0,118,0.79,22.7,61.7,1.42,32.208,66,41,11
XRP/USDT,15m,0.6,0.03,0.01,36,3.0,118,0.79,22.7,61.1,1.364,30.928,66,42,10
XRP/USDT,15m,0.6,0.03,0.01,48,3.0,118,0.79,22.7,58.9,1.329,30.135,66,46,6
XRP/USDT,15m,0.6,0.03,0.015,4,2.0,118,0.79,22.7,63.3,0.873,19.798,19,11,88
XRP/USDT,15m,0.6,0.03,0.015,6,2.0,118,0.79,22.7,75.5,1.312,29.739,37,12,69
XRP/USDT,15m,0.6,0.03,0.015,8,2.0,118,0.79,22.7,80.3,1.599,36.251,49,12,57
XRP/USDT,15m,0.6,0.03,0.015,12,2.0,118,0.79,22.7,79.2,1.618,36.695,61,16,41
XRP/USDT,15m,0.6,0.03,0.015,16,2.0,118,0.79,22.7,79.1,1.624,36.815,68,18,32
XRP/USDT,15m,0.6,0.03,0.015,20,2.0,118,0.79,22.7,76.6,1.622,36.774,72,22,24
XRP/USDT,15m,0.6,0.03,0.015,24,2.0,118,0.79,22.7,74.5,1.607,36.44,73,25,20
XRP/USDT,15m,0.6,0.03,0.015,36,2.0,118,0.79,22.7,71.6,1.5,34.01,73,29,16
XRP/USDT,15m,0.6,0.03,0.015,48,2.0,118,0.79,22.7,69.2,1.515,34.358,74,33,11
XRP/USDT,15m,0.6,0.03,0.02,4,1.5,118,0.79,22.7,70.4,0.892,20.235,19,8,91
XRP/USDT,15m,0.6,0.03,0.02,6,1.5,118,0.79,22.7,78.7,1.319,29.909,37,10,71
XRP/USDT,15m,0.6,0.03,0.02,8,1.5,118,0.79,22.7,83.1,1.611,36.536,49,10,59
XRP/USDT,15m,0.6,0.03,0.02,12,1.5,118,0.79,22.7,83.8,1.637,37.131,62,12,44
XRP/USDT,15m,0.6,0.03,0.02,16,1.5,118,0.79,22.7,83.1,1.644,37.287,69,14,35
XRP/USDT,15m,0.6,0.03,0.02,20,1.5,118,0.79,22.7,83.1,1.647,37.353,74,15,29
XRP/USDT,15m,0.6,0.03,0.02,24,1.5,118,0.79,22.7,82.4,1.645,37.294,75,16,27
XRP/USDT,15m,0.6,0.03,0.02,36,1.5,118,0.79,22.7,78.9,1.533,34.761,75,20,23
XRP/USDT,15m,0.6,0.03,0.02,48,1.5,118,0.79,22.7,74.5,1.524,34.553,76,26,16
XRP/USDT,15m,0.6,0.03,0.025,4,1.2,118,0.79,22.7,73.1,0.904,20.497,19,7,92
XRP/USDT,15m,0.6,0.03,0.025,6,1.2,118,0.79,22.7,83.0,1.37,31.062,39,8,71
XRP/USDT,15m,0.6,0.03,0.025,8,1.2,118,0.79,22.7,86.4,1.662,37.689,51,8,59
XRP/USDT,15m,0.6,0.03,0.025,12,1.2,118,0.79,22.7,88.9,1.693,38.387,64,8,46
XRP/USDT,15m,0.6,0.03,0.025,16,1.2,118,0.79,22.7,88.8,1.71,38.767,71,9,38
XRP/USDT,15m,0.6,0.03,0.025,20,1.2,118,0.79,22.7,88.4,1.7,38.539,76,10,32
XRP/USDT,15m,0.6,0.03,0.025,24,1.2,118,0.79,22.7,88.5,1.707,38.702,77,10,31
XRP/USDT,15m,0.6,0.03,0.025,36,1.2,118,0.79,22.7,84.6,1.563,35.452,77,14,27
XRP/USDT,15m,0.6,0.03,0.025,48,1.2,118,0.79,22.7,79.6,1.532,34.746,78,20,20
XRP/USDT,15m,0.6,0.04,0.008,4,5.0,118,0.79,22.7,15.6,0.662,15.008,7,38,73
XRP/USDT,15m,0.6,0.04,0.008,6,5.0,118,0.79,22.7,23.2,0.986,22.349,13,43,62
XRP/USDT,15m,0.6,0.04,0.008,8,5.0,118,0.79,22.7,34.3,1.25,28.333,23,44,51
XRP/USDT,15m,0.6,0.04,0.008,12,5.0,118,0.79,22.7,41.8,1.348,30.576,33,46,39
XRP/USDT,15m,0.6,0.04,0.008,16,5.0,118,0.79,22.7,42.0,1.362,30.893,37,51,30
XRP/USDT,15m,0.6,0.04,0.008,20,5.0,118,0.79,22.7,44.9,1.425,32.31,44,54,20
XRP/USDT,15m,0.6,0.04,0.008,24,5.0,118,0.79,22.7,45.5,1.421,32.213,45,54,19
XRP/USDT,15m,0.6,0.04,0.008,36,5.0,118,0.79,22.7,46.1,1.358,30.787,47,55,16
XRP/USDT,15m,0.6,0.04,0.008,48,5.0,118,0.79,22.7,45.2,1.345,30.494,47,57,14
XRP/USDT,15m,0.6,0.04,0.01,4,4.0,118,0.79,22.7,19.4,0.701,15.901,7,29,82
XRP/USDT,15m,0.6,0.04,0.01,6,4.0,118,0.79,22.7,28.3,1.09,24.72,13,33,72
XRP/USDT,15m,0.6,0.04,0.01,8,4.0,118,0.79,22.7,41.1,1.38,31.284,23,33,62
XRP/USDT,15m,0.6,0.04,0.01,12,4.0,118,0.79,22.7,50.7,1.497,33.944,36,35,47
XRP/USDT,15m,0.6,0.04,0.01,16,4.0,118,0.79,22.7,48.8,1.501,34.032,40,42,36
XRP/USDT,15m,0.6,0.04,0.01,20,4.0,118,0.79,22.7,51.1,1.564,35.461,48,46,24
XRP/USDT,15m,0.6,0.04,0.01,24,4.0,118,0.79,22.7,51.6,1.57,35.607,49,46,23
XRP/USDT,15m,0.6,0.04,0.01,36,4.0,118,0.79,22.7,52.0,1.48,33.555,51,47,20
XRP/USDT,15m,0.6,0.04,0.01,48,4.0,118,0.79,22.7,50.0,1.459,33.079,51,51,16
XRP/USDT,15m,0.6,0.04,0.015,4,2.7,118,0.79,22.7,42.1,0.866,19.648,8,11,99
XRP/USDT,15m,0.6,0.04,0.015,6,2.7,118,0.79,22.7,51.7,1.303,29.538,15,14,89
XRP/USDT,15m,0.6,0.04,0.015,8,2.7,118,0.79,22.7,64.1,1.624,36.816,25,14,79
XRP/USDT,15m,0.6,0.04,0.015,12,2.7,118,0.79,22.7,68.4,1.739,39.434,39,18,61
XRP/USDT,15m,0.6,0.04,0.015,16,2.7,118,0.79,22.7,69.7,1.752,39.724,46,20,52
XRP/USDT,15m,0.6,0.04,0.015,20,2.7,118,0.79,22.7,69.2,1.843,41.781,54,24,40
XRP/USDT,15m,0.6,0.04,0.015,24,2.7,118,0.79,22.7,67.5,1.87,42.392,56,27,35
XRP/USDT,15m,0.6,0.04,0.015,36,2.7,118,0.79,22.7,65.2,1.711,38.797,58,31,29
XRP/USDT,15m,0.6,0.04,0.015,48,2.7,118,0.79,22.7,60.4,1.68,38.093,58,38,22
XRP/USDT,15m,0.6,0.04,0.02,4,2.0,118,0.79,22.7,50.0,0.886,20.084,8,8,102
XRP/USDT,15m,0.6,0.04,0.02,6,2.0,118,0.79,22.7,55.6,1.302,29.515,15,12,91
XRP/USDT,15m,0.6,0.04,0.02,8,2.0,118,0.79,22.7,67.6,1.628,36.909,25,12,81
XRP/USDT,15m,0.6,0.04,0.02,12,2.0,118,0.79,22.7,73.6,1.75,39.683,39,14,65
XRP/USDT,15m,0.6,0.04,0.02,16,2.0,118,0.79,22.7,74.2,1.769,40.117,46,16,56
XRP/USDT,15m,0.6,0.04,0.02,20,2.0,118,0.79,22.7,76.4,1.871,42.417,55,17,46
XRP/USDT,15m,0.6,0.04,0.02,24,2.0,118,0.79,22.7,76.0,1.914,43.399,57,18,43
XRP/USDT,15m,0.6,0.04,0.02,36,2.0,118,0.79,22.7,73.2,1.753,39.741,60,22,36
XRP/USDT,15m,0.6,0.04,0.02,48,2.0,118,0.79,22.7,65.9,1.684,38.192,60,31,27
XRP/USDT,15m,0.6,0.04,0.025,4,1.6,118,0.79,22.7,53.3,0.897,20.346,8,7,103
XRP/USDT,15m,0.6,0.04,0.025,6,1.6,118,0.79,22.7,64.0,1.357,30.773,16,9,93
XRP/USDT,15m,0.6,0.04,0.025,8,1.6,118,0.79,22.7,73.0,1.687,38.254,27,10,81
XRP/USDT,15m,0.6,0.04,0.025,12,1.6,118,0.79,22.7,80.4,1.814,41.131,41,10,67
XRP/USDT,15m,0.6,0.04,0.025,16,1.6,118,0.79,22.7,81.4,1.843,41.789,48,11,59
XRP/USDT,15m,0.6,0.04,0.025,20,1.6,118,0.79,22.7,82.6,1.931,43.795,57,12,49
XRP/USDT,15m,0.6,0.04,0.025,24,1.6,118,0.79,22.7,83.1,1.984,44.999,59,12,47
XRP/USDT,15m,0.6,0.04,0.025,36,1.6,118,0.79,22.7,79.5,1.792,40.624,62,16,40
XRP/USDT,15m,0.6,0.04,0.025,48,1.6,118,0.79,22.7,71.3,1.689,38.288,62,25,31
XRP/USDT,15m,0.6,0.05,0.008,4,6.2,118,0.79,22.7,7.3,0.645,14.618,3,38,77
XRP/USDT,15m,0.6,0.05,0.008,6,6.2,118,0.79,22.7,6.5,0.936,21.213,3,43,72
XRP/USDT,15m,0.6,0.05,0.008,8,6.2,118,0.79,22.7,16.7,1.206,27.348,9,45,64
XRP/USDT,15m,0.6,0.05,0.008,12,6.2,118,0.79,22.7,30.9,1.403,31.809,21,47,50
XRP/USDT,15m,0.6,0.05,0.008,16,6.2,118,0.79,22.7,35.8,1.457,33.034,29,52,37
XRP/USDT,15m,0.6,0.05,0.008,20,6.2,118,0.79,22.7,34.5,1.494,33.878,29,55,34
XRP/USDT,15m,0.6,0.05,0.008,24,6.2,118,0.79,22.7,36.8,1.52,34.474,32,55,31
XRP/USDT,15m,0.6,0.05,0.008,36,6.2,118,0.79,22.7,38.5,1.506,34.151,35,56,27
XRP/USDT,15m,0.6,0.05,0.008,48,6.2,118,0.79,22.7,37.6,1.443,32.711,35,58,25
XRP/USDT,15m,0.6,0.05,0.01,4,5.0,118,0.79,22.7,9.4,0.684,15.51,3,29,86
XRP/USDT,15m,0.6,0.05,0.01,6,5.0,118,0.79,22.7,8.3,1.04,23.585,3,33,82
XRP/USDT,15m,0.6,0.05,0.01,8,5.0,118,0.79,22.7,21.4,1.369,31.032,9,33,76
XRP/USDT,15m,0.6,0.05,0.01,12,5.0,118,0.79,22.7,41.7,1.626,36.869,25,35,58
XRP/USDT,15m,0.6,0.05,0.01,16,5.0,118,0.79,22.7,44.0,1.67,37.864,33,42,43
XRP/USDT,15m,0.6,0.05,0.01,20,5.0,118,0.79,22.7,41.8,1.709,38.761,33,46,39
XRP/USDT,15m,0.6,0.05,0.01,24,5.0,118,0.79,22.7,43.9,1.752,39.719,36,46,36
XRP/USDT,15m,0.6,0.05,0.01,36,5.0,118,0.79,22.7,46.0,1.711,38.803,40,47,31
XRP/USDT,15m,0.6,0.05,0.01,48,5.0,118,0.79,22.7,44.0,1.64,37.179,40,51,27
XRP/USDT,15m,0.6,0.05,0.015,4,3.3,118,0.79,22.7,26.7,0.858,19.449,4,11,103
XRP/USDT,15m,0.6,0.05,0.015,6,3.3,118,0.79,22.7,26.3,1.269,28.786,5,14,99
XRP/USDT,15m,0.6,0.05,0.015,8,3.3,118,0.79,22.7,44.0,1.629,36.948,11,14,93
XRP/USDT,15m,0.6,0.05,0.015,12,3.3,118,0.79,22.7,60.9,1.893,42.934,28,18,72
XRP/USDT,15m,0.6,0.05,0.015,16,3.3,118,0.79,22.7,64.3,1.94,43.991,36,20,62
XRP/USDT,15m,0.6,0.05,0.015,20,3.3,118,0.79,22.7,60.0,2.016,45.717,36,24,58
XRP/USDT,15m,0.6,0.05,0.015,24,3.3,118,0.79,22.7,61.4,2.11,47.85,43,27,48
XRP/USDT,15m,0.6,0.05,0.015,36,3.3,118,0.79,22.7,60.3,2.002,45.39,47,31,40
XRP/USDT,15m,0.6,0.05,0.015,48,3.3,118,0.79,22.7,55.3,1.92,43.538,47,38,33
XRP/USDT,15m,0.6,0.05,0.02,4,2.5,118,0.79,22.7,33.3,0.877,19.885,4,8,106
XRP/USDT,15m,0.6,0.05,0.02,6,2.5,118,0.79,22.7,29.4,1.268,28.764,5,12,101
XRP/USDT,15m,0.6,0.05,0.02,8,2.5,118,0.79,22.7,47.8,1.634,37.041,11,12,95
XRP/USDT,15m,0.6,0.05,0.02,12,2.5,118,0.79,22.7,66.7,1.904,43.184,28,14,76
XRP/USDT,15m,0.6,0.05,0.02,16,2.5,118,0.79,22.7,69.2,1.957,44.385,36,16,66
XRP/USDT,15m,0.6,0.05,0.02,20,2.5,118,0.79,22.7,67.9,2.046,46.392,36,17,65
XRP/USDT,15m,0.6,0.05,0.02,24,2.5,118,0.79,22.7,71.0,2.163,49.049,44,18,56
XRP/USDT,15m,0.6,0.05,0.02,36,2.5,118,0.79,22.7,69.0,2.06,46.718,49,22,47
XRP/USDT,15m,0.6,0.05,0.02,48,2.5,118,0.79,22.7,61.3,1.941,44.021,49,31,38
XRP/USDT,15m,0.6,0.05,0.025,4,2.0,118,0.79,22.7,36.4,0.889,20.148,4,7,107
XRP/USDT,15m,0.6,0.05,0.025,6,2.0,118,0.79,22.7,40.0,1.332,30.214,6,9,103
XRP/USDT,15m,0.6,0.05,0.025,8,2.0,118,0.79,22.7,56.5,1.71,38.771,13,10,95
XRP/USDT,15m,0.6,0.05,0.025,12,2.0,118,0.79,22.7,75.0,1.985,45.016,30,10,78
XRP/USDT,15m,0.6,0.05,0.025,16,2.0,118,0.79,22.7,77.6,2.048,46.441,38,11,69
XRP/USDT,15m,0.6,0.05,0.025,20,2.0,118,0.79,22.7,76.0,2.124,48.155,38,12,68
XRP/USDT,15m,0.6,0.05,0.025,24,2.0,118,0.79,22.7,79.3,2.251,51.033,46,12,60
XRP/USDT,15m,0.6,0.05,0.025,36,2.0,118,0.79,22.7,76.1,2.116,47.986,51,16,51
XRP/USDT,15m,0.6,0.05,0.025,48,2.0,118,0.79,22.7,67.1,1.963,44.502,51,25,42
XRP/USDT,15m,0.6,0.075,0.008,4,9.4,118,0.79,22.7,2.6,0.646,14.641,1,38,79
XRP/USDT,15m,0.6,0.075,0.008,6,9.4,118,0.79,22.7,2.3,0.923,20.935,1,43,74
XRP/USDT,15m,0.6,0.075,0.008,8,9.4,118,0.79,22.7,2.2,1.213,27.502,1,45,72
XRP/USDT,15m,0.6,0.075,0.008,12,9.4,118,0.79,22.7,4.1,1.398,31.709,2,47,69
XRP/USDT,15m,0.6,0.075,0.008,16,9.4,118,0.79,22.7,11.9,1.494,33.883,7,52,59
XRP/USDT,15m,0.6,0.075,0.008,20,9.4,118,0.79,22.7,15.4,1.531,34.72,10,55,53
XRP/USDT,15m,0.6,0.075,0.008,24,9.4,118,0.79,22.7,20.0,1.569,35.58,14,56,48
XRP/USDT,15m,0.6,0.075,0.008,36,9.4,118,0.79,22.7,27.5,1.779,40.346,22,58,38
XRP/USDT,15m,0.6,0.075,0.008,48,9.4,118,0.79,22.7,26.8,1.713,38.851,22,60,36
XRP/USDT,15m,0.6,0.075,0.01,4,7.5,118,0.79,22.7,3.3,0.685,15.533,1,29,88
XRP/USDT,15m,0.6,0.075,0.01,6,7.5,118,0.79,22.7,2.9,1.028,23.306,1,33,84
XRP/USDT,15m,0.6,0.075,0.01,8,7.5,118,0.79,22.7,2.9,1.375,31.186,1,33,84
XRP/USDT,15m,0.6,0.075,0.01,12,7.5,118,0.79,22.7,7.9,1.613,36.572,3,35,80
XRP/USDT,15m,0.6,0.075,0.01,16,7.5,118,0.79,22.7,16.0,1.678,38.044,8,42,68
XRP/USDT,15m,0.6,0.075,0.01,20,7.5,118,0.79,22.7,19.3,1.689,38.297,11,46,61
XRP/USDT,15m,0.6,0.075,0.01,24,7.5,118,0.79,22.7,24.2,1.78,40.357,15,47,56
XRP/USDT,15m,0.6,0.075,0.01,36,7.5,118,0.79,22.7,33.8,2.036,46.16,25,49,44
XRP/USDT,15m,0.6,0.075,0.01,48,7.5,118,0.79,22.7,32.1,1.968,44.634,25,53,40
XRP/USDT,15m,0.6,0.075,0.015,4,5.0,118,0.79,22.7,8.3,0.862,19.553,1,11,106
XRP/USDT,15m,0.6,0.075,0.015,6,5.0,118,0.79,22.7,12.5,1.267,28.725,2,14,102
XRP/USDT,15m,0.6,0.075,0.015,8,5.0,118,0.79,22.7,12.5,1.652,37.451,2,14,102
XRP/USDT,15m,0.6,0.075,0.015,12,5.0,118,0.79,22.7,18.2,1.893,42.935,4,18,96
XRP/USDT,15m,0.6,0.075,0.015,16,5.0,118,0.79,22.7,31.0,1.966,44.59,9,20,89
XRP/USDT,15m,0.6,0.075,0.015,20,5.0,118,0.79,22.7,36.8,2.059,46.693,14,24,80
XRP/USDT,15m,0.6,0.075,0.015,24,5.0,118,0.79,22.7,39.1,2.202,49.939,18,28,72
XRP/USDT,15m,0.6,0.075,0.015,36,5.0,118,0.79,22.7,46.8,2.417,54.805,29,33,56
XRP/USDT,15m,0.6,0.075,0.015,48,5.0,118,0.79,22.7,42.0,2.348,53.249,29,40,49
XRP/USDT,15m,0.6,0.075,0.02,4,3.8,118,0.79,22.7,11.1,0.882,19.989,1,8,109
XRP/USDT,15m,0.6,0.075,0.02,6,3.8,118,0.79,22.7,14.3,1.266,28.703,2,12,104
XRP/USDT,15m,0.6,0.075,0.02,8,3.8,118,0.79,22.7,14.3,1.656,37.544,2,12,104
XRP/USDT,15m,0.6,0.075,0.02,12,3.8,118,0.79,22.7,22.2,1.904,43.185,4,14,100
XRP/USDT,15m,0.6,0.075,0.02,16,3.8,118,0.79,22.7,36.0,1.984,44.984,9,16,93
XRP/USDT,15m,0.6,0.075,0.02,20,3.8,118,0.79,22.7,45.2,2.089,47.369,14,17,87
XRP/USDT,15m,0.6,0.075,0.02,24,3.8,118,0.79,22.7,48.6,2.258,51.198,18,19,81
XRP/USDT,15m,0.6,0.075,0.02,36,3.8,118,0.79,22.7,54.7,2.467,55.945,29,24,65
XRP/USDT,15m,0.6,0.075,0.02,48,3.8,118,0.79,22.7,46.8,2.369,53.728,29,33,56
XRP/USDT,15m,0.6,0.075,0.025,4,3.0,118,0.79,22.7,12.5,0.893,20.252,1,7,110
XRP/USDT,15m,0.6,0.075,0.025,6,3.0,118,0.79,22.7,25.0,1.351,30.633,3,9,106
XRP/USDT,15m,0.6,0.075,0.025,8,3.0,118,0.79,22.7,28.6,1.774,40.234,4,10,104
XRP/USDT,15m,0.6,0.075,0.025,12,3.0,118,0.79,22.7,37.5,2.028,45.978,6,10,102
XRP/USDT,15m,0.6,0.075,0.025,16,3.0,118,0.79,22.7,50.0,2.117,48.001,11,11,96
XRP/USDT,15m,0.6,0.075,0.025,20,3.0,118,0.79,22.7,57.1,2.209,50.092,16,12,90
XRP/USDT,15m,0.6,0.075,0.025,24,3.0,118,0.79,22.7,62.5,2.394,54.285,20,12,86
XRP/USDT,15m,0.6,0.075,0.025,36,3.0,118,0.79,22.7,63.3,2.557,57.981,31,18,69
XRP/USDT,15m,0.6,0.075,0.025,48,3.0,118,0.79,22.7,53.4,2.425,54.978,31,27,60
XRP/USDT,15m,0.6,0.1,0.008,4,12.5,118,0.79,22.7,0.0,0.647,14.676,0,38,80
XRP/USDT,15m,0.6,0.1,0.008,6,12.5,118,0.79,22.7,2.3,0.944,21.415,1,43,74
XRP/USDT,15m,0.6,0.1,0.008,8,12.5,118,0.79,22.7,2.2,1.234,27.983,1,45,72
XRP/USDT,15m,0.6,0.1,0.008,12,12.5,118,0.79,22.7,2.1,1.4,31.75,1,47,70
XRP/USDT,15m,0.6,0.1,0.008,16,12.5,118,0.79,22.7,1.9,1.432,32.461,1,52,65
XRP/USDT,15m,0.6,0.1,0.008,20,12.5,118,0.79,22.7,3.5,1.439,32.637,2,55,61
XRP/USDT,15m,0.6,0.1,0.008,24,12.5,118,0.79,22.7,6.7,1.424,32.298,4,56,58
XRP/USDT,15m,0.6,0.1,0.008,36,12.5,118,0.79,22.7,14.9,1.726,39.137,11,63,44
XRP/USDT,15m,0.6,0.1,0.008,48,12.5,118,0.79,22.7,18.8,1.689,38.309,15,65,38
XRP/USDT,15m,0.6,0.1,0.01,4,10.0,118,0.79,22.7,0.0,0.687,15.569,0,29,89
XRP/USDT,15m,0.6,0.1,0.01,6,10.0,118,0.79,22.7,2.9,1.049,23.787,1,33,84
XRP/USDT,15m,0.6,0.1,0.01,8,10.0,118,0.79,22.7,2.9,1.397,31.667,1,33,84
XRP/USDT,15m,0.6,0.1,0.01,12,10.0,118,0.79,22.7,2.8,1.616,36.654,1,35,82
XRP/USDT,15m,0.6,0.1,0.01,16,10.0,118,0.79,22.7,2.3,1.543,34.989,1,43,74
XRP/USDT,15m,0.6,0.1,0.01,20,10.0,118,0.79,22.7,4.1,1.525,34.581,2,47,69
XRP/USDT,15m,0.6,0.1,0.01,24,10.0,118,0.79,22.7,7.7,1.563,35.442,4,48,66
XRP/USDT,15m,0.6,0.1,0.01,36,10.0,118,0.79,22.7,16.7,1.917,43.47,11,55,52
XRP/USDT,15m,0.6,0.1,0.01,48,10.0,118,0.79,22.7,22.4,1.906,43.227,17,59,42
XRP/USDT,15m,0.6,0.1,0.015,4,6.7,118,0.79,22.7,0.0,0.864,19.588,0,11,107
XRP/USDT,15m,0.6,0.1,0.015,6,6.7,118,0.79,22.7,6.7,1.286,29.153,1,14,103
XRP/USDT,15m,0.6,0.1,0.015,8,6.7,118,0.79,22.7,6.7,1.647,37.352,1,14,103
XRP/USDT,15m,0.6,0.1,0.015,12,6.7,118,0.79,22.7,5.0,1.821,41.288,1,19,98
XRP/USDT,15m,0.6,0.1,0.015,16,6.7,118,0.79,22.7,4.3,1.751,39.71,1,22,95
XRP/USDT,15m,0.6,0.1,0.015,20,6.7,118,0.79,22.7,7.1,1.821,41.281,2,26,90
XRP/USDT,15m,0.6,0.1,0.015,24,6.7,118,0.79,22.7,14.3,1.926,43.68,5,30,83
XRP/USDT,15m,0.6,0.1,0.015,36,6.7,118,0.79,22.7,24.0,2.258,51.196,12,38,68
XRP/USDT,15m,0.6,0.1,0.015,48,6.7,118,0.79,22.7,29.9,2.248,50.977,20,47,51
XRP/USDT,15m,0.6,0.1,0.02,4,5.0,118,0.79,22.7,0.0,0.883,20.024,0,8,110
XRP/USDT,15m,0.6,0.1,0.02,6,5.0,118,0.79,22.7,7.7,1.285,29.131,1,12,105
XRP/USDT,15m,0.6,0.1,0.02,8,5.0,118,0.79,22.7,7.7,1.651,37.444,1,12,105
XRP/USDT,15m,0.6,0.1,0.02,12,5.0,118,0.79,22.7,6.2,1.828,41.441,1,15,102
XRP/USDT,15m,0.6,0.1,0.02,16,5.0,118,0.79,22.7,5.3,1.76,39.911,1,18,99
XRP/USDT,15m,0.6,0.1,0.02,20,5.0,118,0.79,22.7,9.5,1.842,41.765,2,19,97
XRP/USDT,15m,0.6,0.1,0.02,24,5.0,118,0.79,22.7,19.2,1.973,44.746,5,21,92
XRP/USDT,15m,0.6,0.1,0.02,36,5.0,118,0.79,22.7,29.3,2.287,51.855,12,29,77
XRP/USDT,15m,0.6,0.1,0.02,48,5.0,118,0.79,22.7,33.9,2.248,50.966,20,39,59
XRP/USDT,15m,0.6,0.1,0.025,4,4.0,118,0.79,22.7,0.0,0.895,20.287,0,7,111
XRP/USDT,15m,0.6,0.1,0.025,6,4.0,118,0.79,22.7,10.0,1.367,31.005,1,9,108
XRP/USDT,15m,0.6,0.1,0.025,8,4.0,118,0.79,22.7,9.1,1.74,39.466,1,10,107
XRP/USDT,15m,0.6,0.1,0.025,12,4.0,118,0.79,22.7,7.1,1.777,40.295,1,13,104
XRP/USDT,15m,0.6,0.1,0.025,16,4.0,118,0.79,22.7,6.2,1.715,38.893,1,15,102
XRP/USDT,15m,0.6,0.1,0.025,20,4.0,118,0.79,22.7,11.1,1.784,40.452,2,16,100
XRP/USDT,15m,0.6,0.1,0.025,24,4.0,118,0.79,22.7,23.8,1.932,43.798,5,16,97
XRP/USDT,15m,0.6,0.1,0.025,36,4.0,118,0.79,22.7,34.3,2.199,49.868,12,23,83
XRP/USDT,15m,0.6,0.1,0.025,48,4.0,118,0.79,22.7,37.0,2.117,48.01,20,34,64
XRP/USDT,15m,0.65,0.01,0.008,4,1.2,76,0.51,14.6,63.8,0.324,4.731,44,25,7
XRP/USDT,15m,0.65,0.01,0.008,6,1.2,76,0.51,14.6,65.8,0.39,5.689,48,25,3
XRP/USDT,15m,0.65,0.01,0.008,8,1.2,76,0.51,14.6,66.7,0.398,5.807,50,25,1
XRP/USDT,15m,0.65,0.01,0.008,12,1.2,76,0.51,14.6,66.7,0.4,5.838,50,25,1
XRP/USDT,15m,0.65,0.01,0.008,16,1.2,76,0.51,14.6,66.7,0.407,5.951,50,25,1
XRP/USDT,15m,0.65,0.01,0.008,20,1.2,76,0.51,14.6,67.1,0.408,5.957,51,25,0
XRP/USDT,15m,0.65,0.01,0.008,24,1.2,76,0.51,14.6,67.1,0.408,5.957,51,25,0
XRP/USDT,15m,0.65,0.01,0.008,36,1.2,76,0.51,14.6,67.1,0.408,5.957,51,25,0
XRP/USDT,15m,0.65,0.01,0.008,48,1.2,76,0.51,14.6,67.1,0.408,5.957,51,25,0
XRP/USDT,15m,0.65,0.015,0.008,4,1.9,76,0.51,14.6,54.2,0.443,6.471,32,27,17
XRP/USDT,15m,0.65,0.015,0.008,6,1.9,76,0.51,14.6,60.0,0.592,8.653,42,28,6
XRP/USDT,15m,0.65,0.015,0.008,8,1.9,76,0.51,14.6,62.7,0.636,9.286,47,28,1
XRP/USDT,15m,0.65,0.015,0.008,12,1.9,76,0.51,14.6,62.7,0.638,9.316,47,28,1
XRP/USDT,15m,0.65,0.015,0.008,16,1.9,76,0.51,14.6,62.7,0.646,9.429,47,28,1
XRP/USDT,15m,0.65,0.015,0.008,20,1.9,76,0.51,14.6,62.7,0.645,9.417,47,28,1
XRP/USDT,15m,0.65,0.015,0.008,24,1.9,76,0.51,14.6,62.7,0.638,9.311,47,28,1
XRP/USDT,15m,0.65,0.015,0.008,36,1.9,76,0.51,14.6,62.7,0.637,9.299,47,28,1
XRP/USDT,15m,0.65,0.015,0.008,48,1.9,76,0.51,14.6,61.8,0.622,9.089,47,29,0
XRP/USDT,15m,0.65,0.015,0.01,4,1.5,76,0.51,14.6,63.2,0.516,7.531,36,21,19
XRP/USDT,15m,0.65,0.015,0.01,6,1.5,76,0.51,14.6,67.6,0.685,10.005,46,22,8
XRP/USDT,15m,0.65,0.015,0.01,8,1.5,76,0.51,14.6,70.3,0.741,10.818,52,22,2
XRP/USDT,15m,0.65,0.015,0.01,12,1.5,76,0.51,14.6,70.3,0.736,10.748,52,22,2
XRP/USDT,15m,0.65,0.015,0.01,16,1.5,76,0.51,14.6,69.3,0.736,10.755,52,23,1
XRP/USDT,15m,0.65,0.015,0.01,20,1.5,76,0.51,14.6,69.3,0.736,10.743,52,23,1
XRP/USDT,15m,0.65,0.015,0.01,24,1.5,76,0.51,14.6,69.3,0.728,10.637,52,23,1
XRP/USDT,15m,0.65,0.015,0.01,36,1.5,76,0.51,14.6,69.3,0.727,10.625,52,23,1
XRP/USDT,15m,0.65,0.015,0.01,48,1.5,76,0.51,14.6,68.4,0.711,10.377,52,24,0
XRP/USDT,15m,0.65,0.02,0.008,4,2.5,76,0.51,14.6,43.8,0.548,8.008,21,27,28
XRP/USDT,15m,0.65,0.02,0.008,6,2.5,76,0.51,14.6,51.7,0.739,10.797,31,29,16
XRP/USDT,15m,0.65,0.02,0.008,8,2.5,76,0.51,14.6,58.6,0.884,12.906,41,29,6
XRP/USDT,15m,0.65,0.02,0.008,12,2.5,76,0.51,14.6,60.3,0.88,12.854,44,29,3
XRP/USDT,15m,0.65,0.02,0.008,16,2.5,76,0.51,14.6,60.3,0.88,12.846,44,29,3
XRP/USDT,15m,0.65,0.02,0.008,20,2.5,76,0.51,14.6,60.3,0.874,12.769,44,29,3
XRP/USDT,15m,0.65,0.02,0.008,24,2.5,76,0.51,14.6,60.3,0.856,12.504,44,29,3
XRP/USDT,15m,0.65,0.02,0.008,36,2.5,76,0.51,14.6,59.5,0.847,12.372,44,30,2
XRP/USDT,15m,0.65,0.02,0.008,48,2.5,76,0.51,14.6,58.7,0.837,12.222,44,31,1
XRP/USDT,15m,0.65,0.02,0.01,4,2.0,76,0.51,14.6,52.3,0.616,9.003,23,21,32
XRP/USDT,15m,0.65,0.02,0.01,6,2.0,76,0.51,14.6,61.4,0.88,12.853,35,22,19
XRP/USDT,15m,0.65,0.02,0.01,8,2.0,76,0.51,14.6,67.6,1.053,15.373,46,22,8
XRP/USDT,15m,0.65,0.02,0.01,12,2.0,76,0.51,14.6,69.4,1.048,15.305,50,22,4
XRP/USDT,15m,0.65,0.02,0.01,16,2.0,76,0.51,14.6,68.5,1.04,15.191,50,23,3
XRP/USDT,15m,0.65,0.02,0.01,20,2.0,76,0.51,14.6,68.5,1.035,15.114,50,23,3
XRP/USDT,15m,0.65,0.02,0.01,24,2.0,76,0.51,14.6,68.5,1.017,14.849,50,23,3
XRP/USDT,15m,0.65,0.02,0.01,36,2.0,76,0.51,14.6,67.6,1.005,14.678,50,24,2
XRP/USDT,15m,0.65,0.02,0.01,48,2.0,76,0.51,14.6,66.7,0.992,14.489,50,25,1
XRP/USDT,15m,0.65,0.02,0.015,4,1.3,76,0.51,14.6,75.7,0.783,11.435,28,9,39
XRP/USDT,15m,0.65,0.02,0.015,6,1.3,76,0.51,14.6,81.6,1.066,15.568,40,9,27
XRP/USDT,15m,0.65,0.02,0.015,8,1.3,76,0.51,14.6,85.2,1.29,18.843,52,9,15
XRP/USDT,15m,0.65,0.02,0.015,12,1.3,76,0.51,14.6,84.8,1.282,18.721,56,10,10
XRP/USDT,15m,0.65,0.02,0.015,16,1.3,76,0.51,14.6,83.6,1.258,18.378,56,11,9
XRP/USDT,15m,0.65,0.02,0.015,20,1.3,76,0.51,14.6,82.4,1.241,18.117,56,12,8
XRP/USDT,15m,0.65,0.02,0.015,24,1.3,76,0.51,14.6,81.2,1.208,17.645,56,13,7
XRP/USDT,15m,0.65,0.02,0.015,36,1.3,76,0.51,14.6,77.8,1.143,16.696,56,16,4
XRP/USDT,15m,0.65,0.02,0.015,48,1.3,76,0.51,14.6,76.7,1.155,16.868,56,17,3
XRP/USDT,15m,0.65,0.025,0.008,4,3.1,76,0.51,14.6,31.7,0.569,8.316,13,28,35
XRP/USDT,15m,0.65,0.025,0.008,6,3.1,76,0.51,14.6,43.4,0.843,12.305,23,30,23
XRP/USDT,15m,0.65,0.025,0.008,8,3.1,76,0.51,14.6,51.6,1.04,15.188,32,30,14
XRP/USDT,15m,0.65,0.025,0.008,12,3.1,76,0.51,14.6,53.8,1.052,15.36,35,30,11
XRP/USDT,15m,0.65,0.025,0.008,16,3.1,76,0.51,14.6,57.7,1.088,15.892,41,30,5
XRP/USDT,15m,0.65,0.025,0.008,20,3.1,76,0.51,14.6,57.7,1.094,15.974,41,30,5
XRP/USDT,15m,0.65,0.025,0.008,24,3.1,76,0.51,14.6,58.3,1.086,15.858,42,30,4
XRP/USDT,15m,0.65,0.025,0.008,36,3.1,76,0.51,14.6,57.5,1.072,15.663,42,31,3
XRP/USDT,15m,0.65,0.025,0.008,48,3.1,76,0.51,14.6,56.8,1.068,15.598,42,32,2
XRP/USDT,15m,0.65,0.025,0.01,4,2.5,76,0.51,14.6,40.5,0.648,9.465,15,22,39
XRP/USDT,15m,0.65,0.025,0.01,6,2.5,76,0.51,14.6,54.0,1.007,14.707,27,23,26
XRP/USDT,15m,0.65,0.025,0.01,8,2.5,76,0.51,14.6,61.7,1.239,18.097,37,23,16
XRP/USDT,15m,0.65,0.025,0.01,12,2.5,76,0.51,14.6,64.1,1.256,18.348,41,23,12
XRP/USDT,15m,0.65,0.025,0.01,16,2.5,76,0.51,14.6,66.2,1.286,18.775,47,24,5
XRP/USDT,15m,0.65,0.025,0.01,20,2.5,76,0.51,14.6,66.2,1.291,18.857,47,24,5
XRP/USDT,15m,0.65,0.025,0.01,24,2.5,76,0.51,14.6,66.7,1.283,18.741,48,24,4
XRP/USDT,15m,0.65,0.025,0.01,36,2.5,76,0.51,14.6,65.8,1.267,18.507,48,25,3
XRP/USDT,15m,0.65,0.025,0.01,48,2.5,76,0.51,14.6,64.9,1.26,18.404,48,26,2
XRP/USDT,15m,0.65,0.025,0.015,4,1.7,76,0.51,14.6,69.0,0.875,12.778,20,9,47
XRP/USDT,15m,0.65,0.025,0.015,6,1.7,76,0.51,14.6,78.6,1.272,18.575,33,9,34
XRP/USDT,15m,0.65,0.025,0.015,8,1.7,76,0.51,14.6,82.7,1.553,22.684,43,9,24
XRP/USDT,15m,0.65,0.025,0.015,12,1.7,76,0.51,14.6,82.5,1.557,22.746,47,10,19
XRP/USDT,15m,0.65,0.025,0.015,16,1.7,76,0.51,14.6,82.8,1.571,22.944,53,11,12
XRP/USDT,15m,0.65,0.025,0.015,20,1.7,76,0.51,14.6,81.5,1.542,22.517,53,12,11
XRP/USDT,15m,0.65,0.025,0.015,24,1.7,76,0.51,14.6,79.4,1.508,22.017,54,14,8
XRP/USDT,15m,0.65,0.025,0.015,36,1.7,76,0.51,14.6,76.1,1.438,21.006,54,17,5
XRP/USDT,15m,0.65,0.025,0.015,48,1.7,76,0.51,14.6,75.0,1.456,21.263,54,18,4
XRP/USDT,15m,0.65,0.025,0.02,4,1.2,76,0.51,14.6,75.0,0.909,13.282,21,7,48
XRP/USDT,15m,0.65,0.025,0.02,6,1.2,76,0.51,14.6,81.0,1.272,18.575,34,8,34
XRP/USDT,15m,0.65,0.025,0.02,8,1.2,76,0.51,14.6,84.6,1.553,22.684,44,8,24
XRP/USDT,15m,0.65,0.025,0.02,12,1.2,76,0.51,14.6,85.7,1.565,22.861,48,8,20
XRP/USDT,15m,0.65,0.025,0.02,16,1.2,76,0.51,14.6,85.7,1.579,23.056,54,9,13
XRP/USDT,15m,0.65,0.025,0.02,20,1.2,76,0.51,14.6,85.7,1.554,22.695,54,9,13
XRP/USDT,15m,0.65,0.025,0.02,24,1.2,76,0.51,14.6,85.9,1.534,22.409,55,9,12
XRP/USDT,15m,0.65,0.025,0.02,36,1.2,76,0.51,14.6,83.3,1.457,21.284,55,11,10
XRP/USDT,15m,0.65,0.025,0.02,48,1.2,76,0.51,14.6,79.7,1.461,21.333,55,14,7
XRP/USDT,15m,0.65,0.03,0.008,4,3.8,76,0.51,14.6,24.3,0.631,9.222,9,28,39
XRP/USDT,15m,0.65,0.03,0.008,6,3.8,76,0.51,14.6,37.5,0.943,13.775,18,30,28
XRP/USDT,15m,0.65,0.03,0.008,8,3.8,76,0.51,14.6,42.3,1.162,16.974,22,30,24
XRP/USDT,15m,0.65,0.03,0.008,12,3.8,76,0.51,14.6,49.2,1.198,17.494,29,30,17
XRP/USDT,15m,0.65,0.03,0.008,16,3.8,76,0.51,14.6,53.8,1.276,18.64,35,30,11
XRP/USDT,15m,0.65,0.03,0.008,20,3.8,76,0.51,14.6,55.2,1.302,19.021,37,30,9
XRP/USDT,15m,0.65,0.03,0.008,24,3.8,76,0.51,14.6,55.9,1.298,18.952,38,30,8
XRP/USDT,15m,0.65,0.03,0.008,36,3.8,76,0.51,14.6,55.1,1.228,17.938,38,31,7
XRP/USDT,15m,0.65,0.03,0.008,48,3.8,76,0.51,14.6,54.3,1.227,17.914,38,32,6
XRP/USDT,15m,0.65,0.03,0.01,4,3.0,76,0.51,14.6,31.2,0.713,10.414,10,22,44
XRP/USDT,15m,0.65,0.03,0.01,6,3.0,76,0.51,14.6,48.9,1.134,16.562,22,23,31
XRP/USDT,15m,0.65,0.03,0.01,8,3.0,76,0.51,14.6,54.0,1.394,20.364,27,23,26
XRP/USDT,15m,0.65,0.03,0.01,12,3.0,76,0.51,14.6,59.6,1.424,20.803,34,23,19
XRP/USDT,15m,0.65,0.03,0.01,16,3.0,76,0.51,14.6,63.1,1.513,22.099,41,24,11
XRP/USDT,15m,0.65,0.03,0.01,20,3.0,76,0.51,14.6,64.2,1.539,22.48,43,24,9
XRP/USDT,15m,0.65,0.03,0.01,24,3.0,76,0.51,14.6,64.7,1.534,22.411,44,24,8
XRP/USDT,15m,0.65,0.03,0.01,36,3.0,76,0.51,14.6,63.8,1.462,21.359,44,25,7
XRP/USDT,15m,0.65,0.03,0.01,48,3.0,76,0.51,14.6,62.9,1.458,21.296,44,26,6
XRP/USDT,15m,0.65,0.03,0.015,4,2.0,76,0.51,14.6,60.9,0.957,13.973,14,9,53
XRP/USDT,15m,0.65,0.03,0.015,6,2.0,76,0.51,14.6,75.0,1.429,20.87,27,9,40
XRP/USDT,15m,0.65,0.03,0.015,8,2.0,76,0.51,14.6,78.0,1.741,25.43,32,9,35
XRP/USDT,15m,0.65,0.03,0.015,12,2.0,76,0.51,14.6,80.0,1.765,25.777,40,10,26
XRP/USDT,15m,0.65,0.03,0.015,16,2.0,76,0.51,14.6,81.0,1.838,26.845,47,11,18
XRP/USDT,15m,0.65,0.03,0.015,20,2.0,76,0.51,14.6,80.3,1.829,26.716,49,12,15
XRP/USDT,15m,0.65,0.03,0.015,24,2.0,76,0.51,14.6,78.1,1.798,26.263,50,14,12
XRP/USDT,15m,0.65,0.03,0.015,36,2.0,76,0.51,14.6,74.6,1.673,24.434,50,17,9
XRP/USDT,15m,0.65,0.03,0.015,48,2.0,76,0.51,14.6,73.5,1.693,24.732,50,18,8
XRP/USDT,15m,0.65,0.03,0.02,4,1.5,76,0.51,14.6,66.7,0.98,14.314,14,7,55
XRP/USDT,15m,0.65,0.03,0.02,6,1.5,76,0.51,14.6,77.1,1.417,20.699,27,8,41
XRP/USDT,15m,0.65,0.03,0.02,8,1.5,76,0.51,14.6,80.0,1.738,25.376,32,8,36
XRP/USDT,15m,0.65,0.03,0.02,12,1.5,76,0.51,14.6,83.7,1.779,25.989,41,8,27
XRP/USDT,15m,0.65,0.03,0.02,16,1.5,76,0.51,14.6,84.2,1.852,27.053,48,9,19
XRP/USDT,15m,0.65,0.03,0.02,20,1.5,76,0.51,14.6,84.7,1.848,26.99,50,9,17
XRP/USDT,15m,0.65,0.03,0.02,24,1.5,76,0.51,14.6,85.0,1.832,26.751,51,9,16
XRP/USDT,15m,0.65,0.03,0.02,36,1.5,76,0.51,14.6,82.3,1.699,24.808,51,11,14
XRP/USDT,15m,0.65,0.03,0.02,48,1.5,76,0.51,14.6,78.5,1.705,24.897,51,14,11
XRP/USDT,15m,0.65,0.03,0.025,4,1.2,76,0.51,14.6,70.0,1.005,14.673,14,6,56
XRP/USDT,15m,0.65,0.03,0.025,6,1.2,76,0.51,14.6,82.9,1.509,22.044,29,6,41
XRP/USDT,15m,0.65,0.03,0.025,8,1.2,76,0.51,14.6,85.0,1.83,26.721,34,6,36
XRP/USDT,15m,0.65,0.03,0.025,12,1.2,76,0.51,14.6,87.8,1.872,27.334,43,6,27
XRP/USDT,15m,0.65,0.03,0.025,16,1.2,76,0.51,14.6,89.3,1.946,28.428,50,6,20
XRP/USDT,15m,0.65,0.03,0.025,20,1.2,76,0.51,14.6,88.1,1.934,28.239,52,7,17
XRP/USDT,15m,0.65,0.03,0.025,24,1.2,76,0.51,14.6,88.3,1.917,28.0,53,7,16
XRP/USDT,15m,0.65,0.03,0.025,36,1.2,76,0.51,14.6,85.5,1.771,25.865,53,9,14
XRP/USDT,15m,0.65,0.03,0.025,48,1.2,76,0.51,14.6,85.5,1.788,26.111,53,9,14
XRP/USDT,15m,0.65,0.04,0.008,4,5.0,76,0.51,14.6,20.0,0.728,10.629,7,28,41
XRP/USDT,15m,0.65,0.04,0.008,6,5.0,76,0.51,14.6,25.0,1.065,15.548,10,30,36
XRP/USDT,15m,0.65,0.04,0.008,8,5.0,76,0.51,14.6,34.8,1.356,19.799,16,30,30
XRP/USDT,15m,0.65,0.04,0.008,12,5.0,76,0.51,14.6,45.5,1.501,21.928,25,30,21
XRP/USDT,15m,0.65,0.04,0.008,16,5.0,76,0.51,14.6,48.3,1.605,23.447,28,30,18
XRP/USDT,15m,0.65,0.04,0.008,20,5.0,76,0.51,14.6,50.8,1.663,24.286,31,30,15
XRP/USDT,15m,0.65,0.04,0.008,24,5.0,76,0.51,14.6,50.8,1.641,23.961,31,30,15
XRP/USDT,15m,0.65,0.04,0.008,36,5.0,76,0.51,14.6,51.6,1.552,22.672,33,31,12
XRP/USDT,15m,0.65,0.04,0.008,48,5.0,76,0.51,14.6,50.8,1.556,22.719,33,32,11
XRP/USDT,15m,0.65,0.04,0.01,4,4.0,76,0.51,14.6,24.1,0.799,11.664,7,22,47
XRP/USDT,15m,0.65,0.04,0.01,6,4.0,76,0.51,14.6,30.3,1.239,18.094,10,23,43
XRP/USDT,15m,0.65,0.04,0.01,8,4.0,76,0.51,14.6,41.0,1.559,22.772,16,23,37
XRP/USDT,15m,0.65,0.04,0.01,12,4.0,76,0.51,14.6,54.9,1.74,25.417,28,23,25
XRP/USDT,15m,0.65,0.04,0.01,16,4.0,76,0.51,14.6,56.4,1.843,26.915,31,24,21
XRP/USDT,15m,0.65,0.04,0.01,20,4.0,76,0.51,14.6,59.3,1.902,27.785,35,24,17
XRP/USDT,15m,0.65,0.04,0.01,24,4.0,76,0.51,14.6,59.3,1.897,27.703,35,24,17
XRP/USDT,15m,0.65,0.04,0.01,36,4.0,76,0.51,14.6,59.7,1.771,25.868,37,25,14
XRP/USDT,15m,0.65,0.04,0.01,48,4.0,76,0.51,14.6,58.7,1.798,26.265,37,26,13
XRP/USDT,15m,0.65,0.04,0.015,4,2.7,76,0.51,14.6,47.1,1.034,15.106,8,9,59
XRP/USDT,15m,0.65,0.04,0.015,6,2.7,76,0.51,14.6,57.1,1.543,22.533,12,9,55
XRP/USDT,15m,0.65,0.04,0.015,8,2.7,76,0.51,14.6,66.7,1.906,27.838,18,9,49
XRP/USDT,15m,0.65,0.04,0.015,12,2.7,76,0.51,14.6,75.0,2.074,30.296,30,10,36
XRP/USDT,15m,0.65,0.04,0.015,16,2.7,76,0.51,14.6,76.6,2.2,32.127,36,11,29
XRP/USDT,15m,0.65,0.04,0.015,20,2.7,76,0.51,14.6,76.9,2.249,32.853,40,12,24
XRP/USDT,15m,0.65,0.04,0.015,24,2.7,76,0.51,14.6,74.5,2.24,32.709,41,14,21
XRP/USDT,15m,0.65,0.04,0.015,36,2.7,76,0.51,14.6,71.7,2.061,30.097,43,17,16
XRP/USDT,15m,0.65,0.04,0.015,48,2.7,76,0.51,14.6,70.5,2.113,30.854,43,18,15
XRP/USDT,15m,0.65,0.04,0.02,4,2.0,76,0.51,14.6,53.3,1.058,15.447,8,7,61
XRP/USDT,15m,0.65,0.04,0.02,6,2.0,76,0.51,14.6,60.0,1.531,22.362,12,8,56
XRP/USDT,15m,0.65,0.04,0.02,8,2.0,76,0.51,14.6,69.2,1.902,27.784,18,8,50
XRP/USDT,15m,0.65,0.04,0.02,12,2.0,76,0.51,14.6,78.9,2.089,30.513,30,8,38
XRP/USDT,15m,0.65,0.04,0.02,16,2.0,76,0.51,14.6,80.0,2.222,32.448,36,9,31
XRP/USDT,15m,0.65,0.04,0.02,20,2.0,76,0.51,14.6,82.0,2.281,33.319,41,9,26
XRP/USDT,15m,0.65,0.04,0.02,24,2.0,76,0.51,14.6,82.4,2.286,33.389,42,9,25
XRP/USDT,15m,0.65,0.04,0.02,36,2.0,76,0.51,14.6,80.0,2.1,30.663,44,11,21
XRP/USDT,15m,0.65,0.04,0.02,48,2.0,76,0.51,14.6,75.9,2.137,31.211,44,14,18
XRP/USDT,15m,0.65,0.04,0.025,4,1.6,76,0.51,14.6,57.1,1.082,15.806,8,6,62
XRP/USDT,15m,0.65,0.04,0.025,6,1.6,76,0.51,14.6,68.4,1.635,23.885,13,6,57
XRP/USDT,15m,0.65,0.04,0.025,8,1.6,76,0.51,14.6,76.9,2.021,29.513,20,6,50
XRP/USDT,15m,0.65,0.04,0.025,12,1.6,76,0.51,14.6,84.2,2.208,32.242,32,6,38
XRP/USDT,15m,0.65,0.04,0.025,16,1.6,76,0.51,14.6,86.4,2.342,34.207,38,6,32
XRP/USDT,15m,0.65,0.04,0.025,20,1.6,76,0.51,14.6,86.0,2.393,34.953,43,7,26
XRP/USDT,15m,0.65,0.04,0.025,24,1.6,76,0.51,14.6,86.3,2.398,35.023,44,7,25
XRP/USDT,15m,0.65,0.04,0.025,36,1.6,76,0.51,14.6,83.6,2.198,32.104,46,9,21
XRP/USDT,15m,0.65,0.04,0.025,48,1.6,76,0.51,14.6,83.6,2.247,32.81,46,9,21
XRP/USDT,15m,0.65,0.05,0.008,4,6.2,76,0.51,14.6,9.7,0.701,10.238,3,28,45
XRP/USDT,15m,0.65,0.05,0.008,6,6.2,76,0.51,14.6,9.1,0.98,14.306,3,30,43
XRP/USDT,15m,0.65,0.05,0.008,8,6.2,76,0.51,14.6,13.9,1.233,18.005,5,31,40
XRP/USDT,15m,0.65,0.05,0.008,12,6.2,76,0.51,14.6,32.6,1.499,21.89,15,31,30
XRP/USDT,15m,0.65,0.05,0.008,16,6.2,76,0.51,14.6,40.4,1.656,24.189,21,31,24
XRP/USDT,15m,0.65,0.05,0.008,20,6.2,76,0.51,14.6,40.4,1.75,25.552,21,31,24
XRP/USDT,15m,0.65,0.05,0.008,24,6.2,76,0.51,14.6,43.6,1.76,25.698,24,31,21
XRP/USDT,15m,0.65,0.05,0.008,36,6.2,76,0.51,14.6,42.9,1.666,24.337,24,32,20
XRP/USDT,15m,0.65,0.05,0.008,48,6.2,76,0.51,14.6,42.1,1.608,23.482,24,33,19
XRP/USDT,15m,0.65,0.05,0.01,4,5.0,76,0.51,14.6,12.0,0.772,11.274,3,22,51
XRP/USDT,15m,0.65,0.05,0.01,6,5.0,76,0.51,14.6,11.5,1.154,16.852,3,23,50
XRP/USDT,15m,0.65,0.05,0.01,8,5.0,76,0.51,14.6,17.9,1.487,21.711,5,23,48
XRP/USDT,15m,0.65,0.05,0.01,12,5.0,76,0.51,14.6,45.2,1.854,27.07,19,23,34
XRP/USDT,15m,0.65,0.05,0.01,16,5.0,76,0.51,14.6,51.0,2.009,29.347,25,24,27
XRP/USDT,15m,0.65,0.05,0.01,20,5.0,76,0.51,14.6,51.0,2.108,30.783,25,24,27
XRP/USDT,15m,0.65,0.05,0.01,24,5.0,76,0.51,14.6,53.8,2.143,31.292,28,24,24
XRP/USDT,15m,0.65,0.05,0.01,36,5.0,76,0.51,14.6,53.7,2.014,29.417,29,25,22
XRP/USDT,15m,0.65,0.05,0.01,48,5.0,76,0.51,14.6,52.7,1.98,28.911,29,26,21
XRP/USDT,15m,0.65,0.05,0.015,4,3.3,76,0.51,14.6,30.8,1.021,14.907,4,9,63
XRP/USDT,15m,0.65,0.05,0.015,6,3.3,76,0.51,14.6,35.7,1.484,21.675,5,9,62
XRP/USDT,15m,0.65,0.05,0.015,8,3.3,76,0.51,14.6,43.8,1.86,27.161,7,9,60
XRP/USDT,15m,0.65,0.05,0.015,12,3.3,76,0.51,14.6,67.7,2.214,32.333,21,10,45
XRP/USDT,15m,0.65,0.05,0.015,16,3.3,76,0.51,14.6,71.1,2.383,34.802,27,11,38
XRP/USDT,15m,0.65,0.05,0.015,20,3.3,76,0.51,14.6,69.2,2.485,36.294,27,12,37
XRP/USDT,15m,0.65,0.05,0.015,24,3.3,76,0.51,14.6,70.8,2.564,37.451,34,14,28
XRP/USDT,15m,0.65,0.05,0.015,36,3.3,76,0.51,14.6,67.3,2.383,34.799,35,17,24
XRP/USDT,15m,0.65,0.05,0.015,48,3.3,76,0.51,14.6,66.0,2.373,34.653,35,18,23
XRP/USDT,15m,0.65,0.05,0.02,4,2.5,76,0.51,14.6,36.4,1.044,15.249,4,7,65
XRP/USDT,15m,0.65,0.05,0.02,6,2.5,76,0.51,14.6,38.5,1.472,21.504,5,8,63
XRP/USDT,15m,0.65,0.05,0.02,8,2.5,76,0.51,14.6,46.7,1.856,27.107,7,8,61
XRP/USDT,15m,0.65,0.05,0.02,12,2.5,76,0.51,14.6,72.4,2.229,32.55,21,8,47
XRP/USDT,15m,0.65,0.05,0.02,16,2.5,76,0.51,14.6,75.0,2.405,35.124,27,9,40
XRP/USDT,15m,0.65,0.05,0.02,20,2.5,76,0.51,14.6,75.0,2.52,36.8,27,9,40
XRP/USDT,15m,0.65,0.05,0.02,24,2.5,76,0.51,14.6,79.5,2.624,38.323,35,9,32
XRP/USDT,15m,0.65,0.05,0.02,36,2.5,76,0.51,14.6,76.6,2.435,35.557,36,11,29
XRP/USDT,15m,0.65,0.05,0.02,48,2.5,76,0.51,14.6,72.0,2.41,35.203,36,14,26
XRP/USDT,15m,0.65,0.05,0.025,4,2.0,76,0.51,14.6,40.0,1.069,15.607,4,6,66
XRP/USDT,15m,0.65,0.05,0.025,6,2.0,76,0.51,14.6,50.0,1.59,23.22,6,6,64
XRP/USDT,15m,0.65,0.05,0.025,8,2.0,76,0.51,14.6,60.0,2.001,29.221,9,6,61
XRP/USDT,15m,0.65,0.05,0.025,12,2.0,76,0.51,14.6,79.3,2.373,34.664,23,6,47
XRP/USDT,15m,0.65,0.05,0.025,16,2.0,76,0.51,14.6,82.9,2.552,37.267,29,6,41
XRP/USDT,15m,0.65,0.05,0.025,20,2.0,76,0.51,14.6,80.6,2.658,38.818,29,7,40
XRP/USDT,15m,0.65,0.05,0.025,24,2.0,76,0.51,14.6,84.1,2.762,40.341,37,7,32
XRP/USDT,15m,0.65,0.05,0.025,36,2.0,76,0.51,14.6,80.9,2.56,37.383,38,9,29
XRP/USDT,15m,0.65,0.05,0.025,48,2.0,76,0.51,14.6,80.9,2.546,37.186,38,9,29
XRP/USDT,15m,0.65,0.075,0.008,4,9.4,76,0.51,14.6,3.4,0.703,10.261,1,28,47
XRP/USDT,15m,0.65,0.075,0.008,6,9.4,76,0.51,14.6,3.2,0.96,14.028,1,30,45
XRP/USDT,15m,0.65,0.075,0.008,8,9.4,76,0.51,14.6,3.1,1.243,18.149,1,31,44
XRP/USDT,15m,0.65,0.075,0.008,12,9.4,76,0.51,14.6,6.1,1.535,22.412,2,31,43
XRP/USDT,15m,0.65,0.075,0.008,16,9.4,76,0.51,14.6,16.2,1.788,26.12,6,31,39
XRP/USDT,15m,0.65,0.075,0.008,20,9.4,76,0.51,14.6,22.5,1.922,28.07,9,31,36
XRP/USDT,15m,0.65,0.075,0.008,24,9.4,76,0.51,14.6,29.5,2.011,29.366,13,31,32
XRP/USDT,15m,0.65,0.075,0.008,36,9.4,76,0.51,14.6,37.7,2.179,31.825,20,33,23
XRP/USDT,15m,0.65,0.075,0.008,48,9.4,76,0.51,14.6,37.0,2.117,30.922,20,34,22
XRP/USDT,15m,0.65,0.075,0.01,4,7.5,76,0.51,14.6,4.3,0.773,11.297,1,22,53
XRP/USDT,15m,0.65,0.075,0.01,6,7.5,76,0.51,14.6,4.2,1.135,16.573,1,23,52
XRP/USDT,15m,0.65,0.075,0.01,8,7.5,76,0.51,14.6,4.2,1.496,21.855,1,23,52
XRP/USDT,15m,0.65,0.075,0.01,12,7.5,76,0.51,14.6,11.5,1.876,27.396,3,23,50
XRP/USDT,15m,0.65,0.075,0.01,16,7.5,76,0.51,14.6,22.6,2.096,30.609,7,24,45
XRP/USDT,15m,0.65,0.075,0.01,20,7.5,76,0.51,14.6,29.4,2.191,31.994,10,24,42
XRP/USDT,15m,0.65,0.075,0.01,24,7.5,76,0.51,14.6,36.8,2.364,34.531,14,24,38
XRP/USDT,15m,0.65,0.075,0.01,36,7.5,76,0.51,14.6,46.9,2.609,38.105,23,26,27
XRP/USDT,15m,0.65,0.075,0.01,48,7.5,76,0.51,14.6,46.0,2.582,37.704,23,27,26
XRP/USDT,15m,0.65,0.075,0.015,4,5.0,76,0.51,14.6,10.0,1.028,15.011,1,9,66
XRP/USDT,15m,0.65,0.075,0.015,6,5.0,76,0.51,14.6,18.2,1.48,21.614,2,9,65
XRP/USDT,15m,0.65,0.075,0.015,8,5.0,76,0.51,14.6,18.2,1.893,27.653,2,9,65
XRP/USDT,15m,0.65,0.075,0.015,12,5.0,76,0.51,14.6,28.6,2.259,32.99,4,10,62
XRP/USDT,15m,0.65,0.075,0.015,16,5.0,76,0.51,14.6,42.1,2.499,36.501,8,11,57
XRP/USDT,15m,0.65,0.075,0.015,20,5.0,76,0.51,14.6,50.0,2.634,38.466,12,12,52
XRP/USDT,15m,0.65,0.075,0.015,24,5.0,76,0.51,14.6,53.3,2.859,41.756,16,14,46
XRP/USDT,15m,0.65,0.075,0.015,36,5.0,76,0.51,14.6,59.1,3.092,45.161,26,18,32
XRP/USDT,15m,0.65,0.075,0.015,48,5.0,76,0.51,14.6,57.8,3.103,45.317,26,19,31
XRP/USDT,15m,0.65,0.075,0.02,4,3.8,76,0.51,14.6,12.5,1.051,15.352,1,7,68
XRP/USDT,15m,0.65,0.075,0.02,6,3.8,76,0.51,14.6,20.0,1.468,21.443,2,8,66
XRP/USDT,15m,0.65,0.075,0.02,8,3.8,76,0.51,14.6,20.0,1.89,27.599,2,8,66
XRP/USDT,15m,0.65,0.075,0.02,12,3.8,76,0.51,14.6,33.3,2.274,33.207,4,8,64
XRP/USDT,15m,0.65,0.075,0.02,16,3.8,76,0.51,14.6,47.1,2.521,36.823,8,9,59
XRP/USDT,15m,0.65,0.075,0.02,20,3.8,76,0.51,14.6,57.1,2.668,38.972,12,9,55
XRP/USDT,15m,0.65,0.075,0.02,24,3.8,76,0.51,14.6,64.0,2.929,42.784,16,9,51
XRP/USDT,15m,0.65,0.075,0.02,36,3.8,76,0.51,14.6,68.4,3.146,45.949,26,12,38
XRP/USDT,15m,0.65,0.075,0.02,48,3.8,76,0.51,14.6,63.4,3.138,45.828,26,15,35
XRP/USDT,15m,0.65,0.075,0.025,4,3.0,76,0.51,14.6,14.3,1.076,15.711,1,6,69
XRP/USDT,15m,0.65,0.075,0.025,6,3.0,76,0.51,14.6,33.3,1.619,23.639,3,6,67
XRP/USDT,15m,0.65,0.075,0.025,8,3.0,76,0.51,14.6,40.0,2.1,30.674,4,6,66
XRP/USDT,15m,0.65,0.075,0.025,12,3.0,76,0.51,14.6,50.0,2.484,36.282,6,6,64
XRP/USDT,15m,0.65,0.075,0.025,16,3.0,76,0.51,14.6,62.5,2.734,39.927,10,6,60
XRP/USDT,15m,0.65,0.075,0.025,20,3.0,76,0.51,14.6,66.7,2.872,41.951,14,7,55
XRP/USDT,15m,0.65,0.075,0.025,24,3.0,76,0.51,14.6,72.0,3.133,45.763,18,7,51
XRP/USDT,15m,0.65,0.075,0.025,36,3.0,76,0.51,14.6,73.7,3.33,48.639,28,10,38
XRP/USDT,15m,0.65,0.075,0.025,48,3.0,76,0.51,14.6,73.7,3.333,48.675,28,10,38
XRP/USDT,15m,0.65,0.1,0.008,4,12.5,76,0.51,14.6,0.0,0.705,10.297,0,28,48
XRP/USDT,15m,0.65,0.1,0.008,6,12.5,76,0.51,14.6,3.2,0.993,14.508,1,30,45
XRP/USDT,15m,0.65,0.1,0.008,8,12.5,76,0.51,14.6,3.1,1.276,18.629,1,31,44
XRP/USDT,15m,0.65,0.1,0.008,12,12.5,76,0.51,14.6,3.1,1.537,22.454,1,31,44
XRP/USDT,15m,0.65,0.1,0.008,16,12.5,76,0.51,14.6,3.1,1.73,25.262,1,31,44
XRP/USDT,15m,0.65,0.1,0.008,20,12.5,76,0.51,14.6,6.1,1.84,26.876,2,31,43
XRP/USDT,15m,0.65,0.1,0.008,24,12.5,76,0.51,14.6,11.4,1.851,27.032,4,31,41
XRP/USDT,15m,0.65,0.1,0.008,36,12.5,76,0.51,14.6,22.9,2.198,32.098,11,37,28
XRP/USDT,15m,0.65,0.1,0.008,48,12.5,76,0.51,14.6,28.3,2.184,31.899,15,38,23
XRP/USDT,15m,0.65,0.1,0.01,4,10.0,76,0.51,14.6,0.0,0.776,11.332,0,22,54
XRP/USDT,15m,0.65,0.1,0.01,6,10.0,76,0.51,14.6,4.2,1.168,17.054,1,23,52
XRP/USDT,15m,0.65,0.1,0.01,8,10.0,76,0.51,14.6,4.2,1.529,22.335,1,23,52
XRP/USDT,15m,0.65,0.1,0.01,12,10.0,76,0.51,14.6,4.2,1.881,27.478,1,23,52
XRP/USDT,15m,0.65,0.1,0.01,16,10.0,76,0.51,14.6,3.8,1.925,28.118,1,25,50
XRP/USDT,15m,0.65,0.1,0.01,20,10.0,76,0.51,14.6,7.4,1.997,29.167,2,25,49
XRP/USDT,15m,0.65,0.1,0.01,24,10.0,76,0.51,14.6,13.8,2.093,30.563,4,25,47
XRP/USDT,15m,0.65,0.1,0.01,36,10.0,76,0.51,14.6,26.2,2.529,36.937,11,31,34
XRP/USDT,15m,0.65,0.1,0.01,48,10.0,76,0.51,14.6,34.7,2.592,37.854,17,32,27
XRP/USDT,15m,0.65,0.1,0.015,4,6.7,76,0.51,14.6,0.0,1.03,15.046,0,9,67
XRP/USDT,15m,0.65,0.1,0.015,6,6.7,76,0.51,14.6,10.0,1.509,22.042,1,9,66
XRP/USDT,15m,0.65,0.1,0.015,8,6.7,76,0.51,14.6,10.0,1.887,27.554,1,9,66
XRP/USDT,15m,0.65,0.1,0.015,12,6.7,76,0.51,14.6,8.3,2.146,31.342,1,11,64
XRP/USDT,15m,0.65,0.1,0.015,16,6.7,76,0.51,14.6,7.1,2.204,32.185,1,13,62
XRP/USDT,15m,0.65,0.1,0.015,20,6.7,76,0.51,14.6,12.5,2.314,33.789,2,14,60
XRP/USDT,15m,0.65,0.1,0.015,24,6.7,76,0.51,14.6,20.0,2.463,35.965,4,16,56
XRP/USDT,15m,0.65,0.1,0.015,36,6.7,76,0.51,14.6,33.3,2.923,42.689,11,22,43
XRP/USDT,15m,0.65,0.1,0.015,48,6.7,76,0.51,14.6,43.2,3.028,44.218,19,25,32
XRP/USDT,15m,0.65,0.1,0.02,4,5.0,76,0.51,14.6,0.0,1.054,15.388,0,7,69
XRP/USDT,15m,0.65,0.1,0.02,6,5.0,76,0.51,14.6,11.1,1.498,21.871,1,8,67
XRP/USDT,15m,0.65,0.1,0.02,8,5.0,76,0.51,14.6,11.1,1.883,27.5,1,8,67
XRP/USDT,15m,0.65,0.1,0.02,12,5.0,76,0.51,14.6,10.0,2.154,31.463,1,9,66
XRP/USDT,15m,0.65,0.1,0.02,16,5.0,76,0.51,14.6,8.3,2.213,32.314,1,11,64
XRP/USDT,15m,0.65,0.1,0.02,20,5.0,76,0.51,14.6,15.4,2.335,34.103,2,11,63
XRP/USDT,15m,0.65,0.1,0.02,24,5.0,76,0.51,14.6,26.7,2.52,36.8,4,11,61
XRP/USDT,15m,0.65,0.1,0.02,36,5.0,76,0.51,14.6,40.7,2.951,43.092,11,16,49
XRP/USDT,15m,0.65,0.1,0.02,48,5.0,76,0.51,14.6,48.7,3.036,44.335,19,20,37
XRP/USDT,15m,0.65,0.1,0.025,4,4.0,76,0.51,14.6,0.0,1.078,15.746,0,6,70
XRP/USDT,15m,0.65,0.1,0.025,6,4.0,76,0.51,14.6,14.3,1.644,24.011,1,6,69
XRP/USDT,15m,0.65,0.1,0.025,8,4.0,76,0.51,14.6,14.3,2.048,29.906,1,6,69
XRP/USDT,15m,0.65,0.1,0.025,12,4.0,76,0.51,14.6,10.0,2.095,30.598,1,9,66
XRP/USDT,15m,0.65,0.1,0.025,16,4.0,76,0.51,14.6,9.1,2.149,31.383,1,10,65
XRP/USDT,15m,0.65,0.1,0.025,20,4.0,76,0.51,14.6,15.4,2.263,33.046,2,11,63
XRP/USDT,15m,0.65,0.1,0.025,24,4.0,76,0.51,14.6,26.7,2.447,35.743,4,11,61
XRP/USDT,15m,0.65,0.1,0.025,36,4.0,76,0.51,14.6,42.3,2.856,41.705,11,15,50
XRP/USDT,15m,0.65,0.1,0.025,48,4.0,76,0.51,14.6,54.3,2.949,43.072,19,16,41
XRP/USDT,15m,0.7,0.01,0.008,4,1.2,54,0.36,10.4,68.8,0.404,4.194,33,15,6
XRP/USDT,15m,0.7,0.01,0.008,6,1.2,54,0.36,10.4,71.2,0.492,5.108,37,15,2
XRP/USDT,15m,0.7,0.01,0.008,8,1.2,54,0.36,10.4,72.2,0.5,5.188,39,15,0
XRP/USDT,15m,0.7,0.01,0.008,12,1.2,54,0.36,10.4,72.2,0.5,5.188,39,15,0
XRP/USDT,15m,0.7,0.01,0.008,16,1.2,54,0.36,10.4,72.2,0.5,5.188,39,15,0
XRP/USDT,15m,0.7,0.01,0.008,20,1.2,54,0.36,10.4,72.2,0.5,5.188,39,15,0
XRP/USDT,15m,0.7,0.01,0.008,24,1.2,54,0.36,10.4,72.2,0.5,5.188,39,15,0
XRP/USDT,15m,0.7,0.01,0.008,36,1.2,54,0.36,10.4,72.2,0.5,5.188,39,15,0
XRP/USDT,15m,0.7,0.01,0.008,48,1.2,54,0.36,10.4,72.2,0.5,5.188,39,15,0
XRP/USDT,15m,0.7,0.015,0.008,4,1.9,54,0.36,10.4,60.0,0.546,5.661,24,16,14
XRP/USDT,15m,0.7,0.015,0.008,6,1.9,54,0.36,10.4,68.0,0.777,8.058,34,16,4
XRP/USDT,15m,0.7,0.015,0.008,8,1.9,54,0.36,10.4,70.4,0.819,8.494,38,16,0
XRP/USDT,15m,0.7,0.015,0.008,12,1.9,54,0.36,10.4,70.4,0.819,8.494,38,16,0
XRP/USDT,15m,0.7,0.015,0.008,16,1.9,54,0.36,10.4,70.4,0.819,8.494,38,16,0
XRP/USDT,15m,0.7,0.015,0.008,20,1.9,54,0.36,10.4,70.4,0.819,8.494,38,16,0
XRP/USDT,15m,0.7,0.015,0.008,24,1.9,54,0.36,10.4,70.4,0.819,8.494,38,16,0
XRP/USDT,15m,0.7,0.015,0.008,36,1.9,54,0.36,10.4,70.4,0.819,8.494,38,16,0
XRP/USDT,15m,0.7,0.015,0.008,48,1.9,54,0.36,10.4,70.4,0.819,8.494,38,16,0
XRP/USDT,15m,0.7,0.015,0.01,4,1.5,54,0.36,10.4,67.5,0.625,6.487,27,13,14
XRP/USDT,15m,0.7,0.015,0.01,6,1.5,54,0.36,10.4,74.0,0.856,8.885,37,13,4
XRP/USDT,15m,0.7,0.015,0.01,8,1.5,54,0.36,10.4,75.9,0.898,9.32,41,13,0
XRP/USDT,15m,0.7,0.015,0.01,12,1.5,54,0.36,10.4,75.9,0.898,9.32,41,13,0
XRP/USDT,15m,0.7,0.015,0.01,16,1.5,54,0.36,10.4,75.9,0.898,9.32,41,13,0
XRP/USDT,15m,0.7,0.015,0.01,20,1.5,54,0.36,10.4,75.9,0.898,9.32,41,13,0
XRP/USDT,15m,0.7,0.015,0.01,24,1.5,54,0.36,10.4,75.9,0.898,9.32,41,13,0
XRP/USDT,15m,0.7,0.015,0.01,36,1.5,54,0.36,10.4,75.9,0.898,9.32,41,13,0
XRP/USDT,15m,0.7,0.015,0.01,48,1.5,54,0.36,10.4,75.9,0.898,9.32,41,13,0
XRP/USDT,15m,0.7,0.02,0.008,4,2.5,54,0.36,10.4,50.0,0.672,6.978,16,16,22
XRP/USDT,15m,0.7,0.02,0.008,6,2.5,54,0.36,10.4,61.9,0.989,10.26,26,16,12
XRP/USDT,15m,0.7,0.02,0.008,8,2.5,54,0.36,10.4,68.6,1.156,11.997,35,16,3
XRP/USDT,15m,0.7,0.02,0.008,12,2.5,54,0.36,10.4,69.8,1.146,11.896,37,16,1
XRP/USDT,15m,0.7,0.02,0.008,16,2.5,54,0.36,10.4,69.8,1.147,11.904,37,16,1
XRP/USDT,15m,0.7,0.02,0.008,20,2.5,54,0.36,10.4,69.8,1.142,11.852,37,16,1
XRP/USDT,15m,0.7,0.02,0.008,24,2.5,54,0.36,10.4,69.8,1.138,11.809,37,16,1
XRP/USDT,15m,0.7,0.02,0.008,36,2.5,54,0.36,10.4,69.8,1.135,11.778,37,16,1
XRP/USDT,15m,0.7,0.02,0.008,48,2.5,54,0.36,10.4,69.8,1.141,11.837,37,16,1
XRP/USDT,15m,0.7,0.02,0.01,4,2.0,54,0.36,10.4,56.7,0.737,7.644,17,13,24
XRP/USDT,15m,0.7,0.02,0.01,6,2.0,54,0.36,10.4,68.3,1.075,11.157,28,13,13
XRP/USDT,15m,0.7,0.02,0.01,8,2.0,54,0.36,10.4,74.5,1.264,13.111,38,13,3
XRP/USDT,15m,0.7,0.02,0.01,12,2.0,54,0.36,10.4,75.5,1.254,13.011,40,13,1
XRP/USDT,15m,0.7,0.02,0.01,16,2.0,54,0.36,10.4,75.5,1.255,13.018,40,13,1
XRP/USDT,15m,0.7,0.02,0.01,20,2.0,54,0.36,10.4,75.5,1.25,12.967,40,13,1
XRP/USDT,15m,0.7,0.02,0.01,24,2.0,54,0.36,10.4,75.5,1.245,12.923,40,13,1
XRP/USDT,15m,0.7,0.02,0.01,36,2.0,54,0.36,10.4,75.5,1.242,12.893,40,13,1
XRP/USDT,15m,0.7,0.02,0.01,48,2.0,54,0.36,10.4,75.5,1.248,12.952,40,13,1
XRP/USDT,15m,0.7,0.02,0.015,4,1.3,54,0.36,10.4,71.4,0.85,8.821,20,8,26
XRP/USDT,15m,0.7,0.02,0.015,6,1.3,54,0.36,10.4,79.5,1.177,12.214,31,8,15
XRP/USDT,15m,0.7,0.02,0.015,8,1.3,54,0.36,10.4,84.0,1.432,14.856,42,8,4
XRP/USDT,15m,0.7,0.02,0.015,12,1.3,54,0.36,10.4,84.6,1.438,14.921,44,8,2
XRP/USDT,15m,0.7,0.02,0.015,16,1.3,54,0.36,10.4,84.6,1.429,14.825,44,8,2
XRP/USDT,15m,0.7,0.02,0.015,20,1.3,54,0.36,10.4,84.6,1.411,14.646,44,8,2
XRP/USDT,15m,0.7,0.02,0.015,24,1.3,54,0.36,10.4,84.6,1.406,14.589,44,8,2
XRP/USDT,15m,0.7,0.02,0.015,36,1.3,54,0.36,10.4,83.0,1.381,14.334,44,9,1
XRP/USDT,15m,0.7,0.02,0.015,48,1.3,54,0.36,10.4,83.0,1.387,14.393,44,9,1
XRP/USDT,15m,0.7,0.025,0.008,4,3.1,54,0.36,10.4,39.3,0.709,7.354,11,17,26
XRP/USDT,15m,0.7,0.025,0.008,6,3.1,54,0.36,10.4,54.1,1.117,11.588,20,17,17
XRP/USDT,15m,0.7,0.025,0.008,8,3.1,54,0.36,10.4,61.4,1.331,13.808,27,17,10
XRP/USDT,15m,0.7,0.025,0.008,12,3.1,54,0.36,10.4,63.0,1.333,13.828,29,17,8
XRP/USDT,15m,0.7,0.025,0.008,16,3.1,54,0.36,10.4,66.7,1.376,14.277,34,17,3
XRP/USDT,15m,0.7,0.025,0.008,20,3.1,54,0.36,10.4,66.7,1.386,14.384,34,17,3
XRP/USDT,15m,0.7,0.025,0.008,24,3.1,54,0.36,10.4,67.3,1.396,14.49,35,17,2
XRP/USDT,15m,0.7,0.025,0.008,36,3.1,54,0.36,10.4,67.3,1.387,14.397,35,17,2
XRP/USDT,15m,0.7,0.025,0.008,48,3.1,54,0.36,10.4,67.3,1.401,14.541,35,17,2
XRP/USDT,15m,0.7,0.025,0.01,4,2.5,54,0.36,10.4,46.2,0.778,8.077,12,14,28
XRP/USDT,15m,0.7,0.025,0.01,6,2.5,54,0.36,10.4,61.1,1.218,12.638,22,14,18
XRP/USDT,15m,0.7,0.025,0.01,8,2.5,54,0.36,10.4,68.2,1.462,15.173,30,14,10
XRP/USDT,15m,0.7,0.025,0.01,12,2.5,54,0.36,10.4,69.6,1.464,15.192,32,14,8
XRP/USDT,15m,0.7,0.025,0.01,16,2.5,54,0.36,10.4,72.5,1.507,15.642,37,14,3
XRP/USDT,15m,0.7,0.025,0.01,20,2.5,54,0.36,10.4,72.5,1.518,15.749,37,14,3
XRP/USDT,15m,0.7,0.025,0.01,24,2.5,54,0.36,10.4,73.1,1.528,15.854,38,14,2
XRP/USDT,15m,0.7,0.025,0.01,36,2.5,54,0.36,10.4,73.1,1.519,15.761,38,14,2
XRP/USDT,15m,0.7,0.025,0.01,48,2.5,54,0.36,10.4,73.1,1.533,15.906,38,14,2
XRP/USDT,15m,0.7,0.025,0.015,4,1.7,54,0.36,10.4,65.2,0.958,9.943,15,8,31
XRP/USDT,15m,0.7,0.025,0.015,6,1.7,54,0.36,10.4,76.5,1.412,14.657,26,8,20
XRP/USDT,15m,0.7,0.025,0.015,8,1.7,54,0.36,10.4,81.0,1.719,17.842,34,8,12
XRP/USDT,15m,0.7,0.025,0.015,12,1.7,54,0.36,10.4,81.8,1.724,17.891,36,8,10
XRP/USDT,15m,0.7,0.025,0.015,16,1.7,54,0.36,10.4,83.7,1.758,18.238,41,8,5
XRP/USDT,15m,0.7,0.025,0.015,20,1.7,54,0.36,10.4,83.7,1.724,17.892,41,8,5
XRP/USDT,15m,0.7,0.025,0.015,24,1.7,54,0.36,10.4,82.4,1.716,17.808,42,9,3
XRP/USDT,15m,0.7,0.025,0.015,36,1.7,54,0.36,10.4,80.8,1.686,17.491,42,10,2
XRP/USDT,15m,0.7,0.025,0.015,48,1.7,54,0.36,10.4,80.8,1.699,17.635,42,10,2
XRP/USDT,15m,0.7,0.025,0.02,4,1.2,54,0.36,10.4,72.7,1.016,10.543,16,6,32
XRP/USDT,15m,0.7,0.025,0.02,6,1.2,54,0.36,10.4,79.4,1.422,14.753,27,7,20
XRP/USDT,15m,0.7,0.025,0.02,8,1.2,54,0.36,10.4,83.3,1.729,17.938,35,7,12
XRP/USDT,15m,0.7,0.025,0.02,12,1.2,54,0.36,10.4,84.1,1.733,17.987,37,7,10
XRP/USDT,15m,0.7,0.025,0.02,16,1.2,54,0.36,10.4,85.7,1.767,18.334,42,7,5
XRP/USDT,15m,0.7,0.025,0.02,20,1.2,54,0.36,10.4,85.7,1.733,17.988,42,7,5
XRP/USDT,15m,0.7,0.025,0.02,24,1.2,54,0.36,10.4,86.0,1.748,18.136,43,7,4
XRP/USDT,15m,0.7,0.025,0.02,36,1.2,54,0.36,10.4,84.3,1.694,17.579,43,8,3
XRP/USDT,15m,0.7,0.025,0.02,48,1.2,54,0.36,10.4,82.7,1.69,17.539,43,9,2
XRP/USDT,15m,0.7,0.03,0.008,4,3.8,54,0.36,10.4,29.2,0.778,8.069,7,17,30
XRP/USDT,15m,0.7,0.03,0.008,6,3.8,54,0.36,10.4,48.5,1.253,13.0,16,17,21
XRP/USDT,15m,0.7,0.03,0.008,8,3.8,54,0.36,10.4,54.1,1.496,15.525,20,17,17
XRP/USDT,15m,0.7,0.03,0.008,12,3.8,54,0.36,10.4,58.5,1.5,15.567,24,17,13
XRP/USDT,15m,0.7,0.03,0.008,16,3.8,54,0.36,10.4,63.0,1.612,16.728,29,17,8
XRP/USDT,15m,0.7,0.03,0.008,20,3.8,54,0.36,10.4,64.6,1.654,17.161,31,17,6
XRP/USDT,15m,0.7,0.03,0.008,24,3.8,54,0.36,10.4,65.3,1.659,17.212,32,17,5
XRP/USDT,15m,0.7,0.03,0.008,36,3.8,54,0.36,10.4,65.3,1.585,16.445,32,17,5
XRP/USDT,15m,0.7,0.03,0.008,48,3.8,54,0.36,10.4,65.3,1.603,16.637,32,17,5
XRP/USDT,15m,0.7,0.03,0.01,4,3.0,54,0.36,10.4,33.3,0.842,8.739,7,14,33
XRP/USDT,15m,0.7,0.03,0.01,6,3.0,54,0.36,10.4,56.2,1.373,14.243,18,14,22
XRP/USDT,15m,0.7,0.03,0.01,8,3.0,54,0.36,10.4,62.2,1.655,17.178,23,14,17
XRP/USDT,15m,0.7,0.03,0.01,12,3.0,54,0.36,10.4,65.9,1.659,17.219,27,14,13
XRP/USDT,15m,0.7,0.03,0.01,16,3.0,54,0.36,10.4,69.6,1.771,18.381,32,14,8
XRP/USDT,15m,0.7,0.03,0.01,20,3.0,54,0.36,10.4,70.8,1.813,18.814,34,14,6
XRP/USDT,15m,0.7,0.03,0.01,24,3.0,54,0.36,10.4,71.4,1.818,18.864,35,14,5
XRP/USDT,15m,0.7,0.03,0.01,36,3.0,54,0.36,10.4,71.4,1.744,18.098,35,14,5
XRP/USDT,15m,0.7,0.03,0.01,48,3.0,54,0.36,10.4,71.4,1.762,18.289,35,14,5
XRP/USDT,15m,0.7,0.03,0.015,4,2.0,54,0.36,10.4,55.6,1.05,10.893,10,8,36
XRP/USDT,15m,0.7,0.03,0.015,6,2.0,54,0.36,10.4,73.3,1.604,16.646,22,8,24
XRP/USDT,15m,0.7,0.03,0.015,8,2.0,54,0.36,10.4,77.1,1.95,20.232,27,8,19
XRP/USDT,15m,0.7,0.03,0.015,12,2.0,54,0.36,10.4,79.5,1.956,20.302,31,8,15
XRP/USDT,15m,0.7,0.03,0.015,16,2.0,54,0.36,10.4,81.8,2.059,21.362,36,8,10
XRP/USDT,15m,0.7,0.03,0.015,20,2.0,54,0.36,10.4,82.6,2.057,21.341,38,8,8
XRP/USDT,15m,0.7,0.03,0.015,24,2.0,54,0.36,10.4,81.2,2.043,21.203,39,9,6
XRP/USDT,15m,0.7,0.03,0.015,36,2.0,54,0.36,10.4,79.6,1.948,20.212,39,10,5
XRP/USDT,15m,0.7,0.03,0.015,48,2.0,54,0.36,10.4,79.6,1.966,20.403,39,10,5
XRP/USDT,15m,0.7,0.03,0.02,4,1.5,54,0.36,10.4,62.5,1.092,11.33,10,6,38
XRP/USDT,15m,0.7,0.03,0.02,6,1.5,54,0.36,10.4,75.9,1.597,16.57,22,7,25
XRP/USDT,15m,0.7,0.03,0.02,8,1.5,54,0.36,10.4,79.4,1.954,20.274,27,7,20
XRP/USDT,15m,0.7,0.03,0.02,12,1.5,54,0.36,10.4,82.1,1.975,20.494,32,7,15
XRP/USDT,15m,0.7,0.03,0.02,16,1.5,54,0.36,10.4,84.1,2.077,21.554,37,7,10
XRP/USDT,15m,0.7,0.03,0.02,20,1.5,54,0.36,10.4,84.8,2.075,21.534,39,7,8
XRP/USDT,15m,0.7,0.03,0.02,24,1.5,54,0.36,10.4,85.1,2.084,21.627,40,7,7
XRP/USDT,15m,0.7,0.03,0.02,36,1.5,54,0.36,10.4,83.3,1.965,20.396,40,8,6
XRP/USDT,15m,0.7,0.03,0.02,48,1.5,54,0.36,10.4,81.6,1.966,20.403,40,9,5
XRP/USDT,15m,0.7,0.03,0.025,4,1.2,54,0.36,10.4,66.7,1.136,11.785,10,5,39
XRP/USDT,15m,0.7,0.03,0.025,6,1.2,54,0.36,10.4,82.8,1.736,18.012,24,5,25
XRP/USDT,15m,0.7,0.03,0.025,8,1.2,54,0.36,10.4,85.3,2.093,21.715,29,5,20
XRP/USDT,15m,0.7,0.03,0.025,12,1.2,54,0.36,10.4,87.2,2.114,21.935,34,5,15
XRP/USDT,15m,0.7,0.03,0.025,16,1.2,54,0.36,10.4,88.6,2.216,22.995,39,5,10
XRP/USDT,15m,0.7,0.03,0.025,20,1.2,54,0.36,10.4,89.1,2.214,22.975,41,5,8
XRP/USDT,15m,0.7,0.03,0.025,24,1.2,54,0.36,10.4,89.4,2.223,23.068,42,5,7
XRP/USDT,15m,0.7,0.03,0.025,36,1.2,54,0.36,10.4,87.5,2.095,21.741,42,6,6
XRP/USDT,15m,0.7,0.03,0.025,48,1.2,54,0.36,10.4,87.5,2.103,21.825,42,6,6
XRP/USDT,15m,0.7,0.04,0.008,4,5.0,54,0.36,10.4,22.7,0.876,9.091,5,17,32
XRP/USDT,15m,0.7,0.04,0.008,6,5.0,54,0.36,10.4,32.0,1.387,14.388,8,17,29
XRP/USDT,15m,0.7,0.04,0.008,8,5.0,54,0.36,10.4,45.2,1.731,17.966,14,17,23
XRP/USDT,15m,0.7,0.04,0.008,12,5.0,54,0.36,10.4,54.1,1.835,19.04,20,17,17
XRP/USDT,15m,0.7,0.04,0.008,16,5.0,54,0.36,10.4,56.4,1.964,20.382,22,17,15
XRP/USDT,15m,0.7,0.04,0.008,20,5.0,54,0.36,10.4,59.5,2.05,21.274,25,17,12
XRP/USDT,15m,0.7,0.04,0.008,24,5.0,54,0.36,10.4,59.5,2.03,21.067,25,17,12
XRP/USDT,15m,0.7,0.04,0.008,36,5.0,54,0.36,10.4,61.4,1.93,20.026,27,17,10
XRP/USDT,15m,0.7,0.04,0.008,48,5.0,54,0.36,10.4,61.4,1.955,20.289,27,17,10
XRP/USDT,15m,0.7,0.04,0.01,4,4.0,54,0.36,10.4,26.3,0.941,9.761,5,14,35
XRP/USDT,15m,0.7,0.04,0.01,6,4.0,54,0.36,10.4,36.4,1.496,15.527,8,14,32
XRP/USDT,15m,0.7,0.04,0.01,8,4.0,54,0.36,10.4,50.0,1.885,19.556,14,14,26
XRP/USDT,15m,0.7,0.04,0.01,12,4.0,54,0.36,10.4,62.2,2.05,21.269,23,14,17
XRP/USDT,15m,0.7,0.04,0.01,16,4.0,54,0.36,10.4,64.1,2.179,22.611,25,14,15
XRP/USDT,15m,0.7,0.04,0.01,20,4.0,54,0.36,10.4,66.7,2.265,23.503,28,14,12
XRP/USDT,15m,0.7,0.04,0.01,24,4.0,54,0.36,10.4,66.7,2.245,23.297,28,14,12
XRP/USDT,15m,0.7,0.04,0.01,36,4.0,54,0.36,10.4,68.2,2.145,22.255,30,14,10
XRP/USDT,15m,0.7,0.04,0.01,48,4.0,54,0.36,10.4,68.2,2.17,22.518,30,14,10
XRP/USDT,15m,0.7,0.04,0.015,4,2.7,54,0.36,10.4,42.9,1.156,11.992,6,8,40
XRP/USDT,15m,0.7,0.04,0.015,6,2.7,54,0.36,10.4,55.6,1.759,18.257,10,8,36
XRP/USDT,15m,0.7,0.04,0.015,8,2.7,54,0.36,10.4,66.7,2.199,22.815,16,8,30
XRP/USDT,15m,0.7,0.04,0.015,12,2.7,54,0.36,10.4,75.8,2.354,24.433,25,8,21
XRP/USDT,15m,0.7,0.04,0.015,16,2.7,54,0.36,10.4,77.8,2.474,25.674,28,8,18
XRP/USDT,15m,0.7,0.04,0.015,20,2.7,54,0.36,10.4,79.5,2.552,26.478,31,8,15
XRP/USDT,15m,0.7,0.04,0.015,24,2.7,54,0.36,10.4,78.0,2.544,26.404,32,9,13
XRP/USDT,15m,0.7,0.04,0.015,36,2.7,54,0.36,10.4,77.3,2.422,25.137,34,10,10
XRP/USDT,15m,0.7,0.04,0.015,48,2.7,54,0.36,10.4,77.3,2.448,25.401,34,10,10
XRP/USDT,15m,0.7,0.04,0.02,4,2.0,54,0.36,10.4,50.0,1.198,12.429,6,6,42
XRP/USDT,15m,0.7,0.04,0.02,6,2.0,54,0.36,10.4,58.8,1.752,18.182,10,7,37
XRP/USDT,15m,0.7,0.04,0.02,8,2.0,54,0.36,10.4,69.6,2.203,22.857,16,7,31
XRP/USDT,15m,0.7,0.04,0.02,12,2.0,54,0.36,10.4,78.1,2.374,24.63,25,7,22
XRP/USDT,15m,0.7,0.04,0.02,16,2.0,54,0.36,10.4,80.0,2.504,25.98,28,7,19
XRP/USDT,15m,0.7,0.04,0.02,20,2.0,54,0.36,10.4,82.1,2.589,26.862,32,7,15
XRP/USDT,15m,0.7,0.04,0.02,24,2.0,54,0.36,10.4,82.5,2.604,27.02,33,7,14
XRP/USDT,15m,0.7,0.04,0.02,36,2.0,54,0.36,10.4,81.4,2.459,25.513,35,8,11
XRP/USDT,15m,0.7,0.04,0.02,48,2.0,54,0.36,10.4,79.5,2.466,25.593,35,9,10
XRP/USDT,15m,0.7,0.04,0.025,4,1.6,54,0.36,10.4,54.5,1.242,12.884,6,5,43
XRP/USDT,15m,0.7,0.04,0.025,6,1.6,54,0.36,10.4,68.8,1.908,19.802,11,5,38
XRP/USDT,15m,0.7,0.04,0.025,8,1.6,54,0.36,10.4,78.3,2.379,24.683,18,5,31
XRP/USDT,15m,0.7,0.04,0.025,12,1.6,54,0.36,10.4,84.4,2.549,26.456,27,5,22
XRP/USDT,15m,0.7,0.04,0.025,16,1.6,54,0.36,10.4,85.7,2.68,27.805,30,5,19
XRP/USDT,15m,0.7,0.04,0.025,20,1.6,54,0.36,10.4,87.2,2.765,28.688,34,5,15
XRP/USDT,15m,0.7,0.04,0.025,24,1.6,54,0.36,10.4,87.5,2.78,28.846,35,5,14
XRP/USDT,15m,0.7,0.04,0.025,36,1.6,54,0.36,10.4,86.0,2.625,27.243,37,6,11
XRP/USDT,15m,0.7,0.04,0.025,48,1.6,54,0.36,10.4,86.0,2.64,27.399,37,6,11
XRP/USDT,15m,0.7,0.05,0.008,4,6.2,54,0.36,10.4,15.0,0.839,8.708,3,17,34
XRP/USDT,15m,0.7,0.05,0.008,6,6.2,54,0.36,10.4,15.0,1.305,13.54,3,17,34
XRP/USDT,15m,0.7,0.05,0.008,8,6.2,54,0.36,10.4,21.7,1.617,16.777,5,18,31
XRP/USDT,15m,0.7,0.05,0.008,12,6.2,54,0.36,10.4,40.0,1.825,18.943,12,18,24
XRP/USDT,15m,0.7,0.05,0.008,16,6.2,54,0.36,10.4,48.6,2.049,21.258,17,18,19
XRP/USDT,15m,0.7,0.05,0.008,20,6.2,54,0.36,10.4,48.6,2.16,22.417,17,18,19
XRP/USDT,15m,0.7,0.05,0.008,24,6.2,54,0.36,10.4,52.6,2.203,22.865,20,18,16
XRP/USDT,15m,0.7,0.05,0.008,36,6.2,54,0.36,10.4,52.6,2.076,21.546,20,18,16
XRP/USDT,15m,0.7,0.05,0.008,48,6.2,54,0.36,10.4,52.6,2.034,21.107,20,18,16
XRP/USDT,15m,0.7,0.05,0.01,4,5.0,54,0.36,10.4,17.6,0.904,9.378,3,14,37
XRP/USDT,15m,0.7,0.05,0.01,6,5.0,54,0.36,10.4,17.6,1.414,14.678,3,14,37
XRP/USDT,15m,0.7,0.05,0.01,8,5.0,54,0.36,10.4,26.3,1.841,19.1,5,14,35
XRP/USDT,15m,0.7,0.05,0.01,12,5.0,54,0.36,10.4,53.3,2.203,22.863,16,14,24
XRP/USDT,15m,0.7,0.05,0.01,16,5.0,54,0.36,10.4,60.0,2.426,25.178,21,14,19
XRP/USDT,15m,0.7,0.05,0.01,20,5.0,54,0.36,10.4,60.0,2.538,26.337,21,14,19
XRP/USDT,15m,0.7,0.05,0.01,24,5.0,54,0.36,10.4,63.2,2.581,26.785,24,14,16
XRP/USDT,15m,0.7,0.05,0.01,36,5.0,54,0.36,10.4,63.2,2.454,25.467,24,14,16
XRP/USDT,15m,0.7,0.05,0.01,48,5.0,54,0.36,10.4,63.2,2.412,25.027,24,14,16
XRP/USDT,15m,0.7,0.05,0.015,4,3.3,54,0.36,10.4,33.3,1.137,11.801,4,8,42
XRP/USDT,15m,0.7,0.05,0.015,6,3.3,54,0.36,10.4,38.5,1.715,17.793,5,8,41
XRP/USDT,15m,0.7,0.05,0.015,8,3.3,54,0.36,10.4,46.7,2.192,22.744,7,8,39
XRP/USDT,15m,0.7,0.05,0.015,12,3.3,54,0.36,10.4,69.2,2.545,26.411,18,8,28
XRP/USDT,15m,0.7,0.05,0.015,16,3.3,54,0.36,10.4,74.2,2.752,28.552,23,8,23
XRP/USDT,15m,0.7,0.05,0.015,20,3.3,54,0.36,10.4,74.2,2.861,29.693,23,8,23
XRP/USDT,15m,0.7,0.05,0.015,24,3.3,54,0.36,10.4,75.7,2.955,30.661,28,9,17
XRP/USDT,15m,0.7,0.05,0.015,36,3.3,54,0.36,10.4,73.7,2.806,29.118,28,10,16
XRP/USDT,15m,0.7,0.05,0.015,48,3.3,54,0.36,10.4,73.7,2.764,28.678,28,10,16
XRP/USDT,15m,0.7,0.05,0.02,4,2.5,54,0.36,10.4,40.0,1.179,12.239,4,6,44
XRP/USDT,15m,0.7,0.05,0.02,6,2.5,54,0.36,10.4,41.7,1.707,17.718,5,7,42
XRP/USDT,15m,0.7,0.05,0.02,8,2.5,54,0.36,10.4,50.0,2.196,22.786,7,7,40
XRP/USDT,15m,0.7,0.05,0.02,12,2.5,54,0.36,10.4,72.0,2.564,26.609,18,7,29
XRP/USDT,15m,0.7,0.05,0.02,16,2.5,54,0.36,10.4,76.7,2.781,28.858,23,7,24
XRP/USDT,15m,0.7,0.05,0.02,20,2.5,54,0.36,10.4,76.7,2.902,30.117,23,7,24
XRP/USDT,15m,0.7,0.05,0.02,24,2.5,54,0.36,10.4,80.6,3.033,31.469,29,7,18
XRP/USDT,15m,0.7,0.05,0.02,36,2.5,54,0.36,10.4,78.4,2.861,29.686,29,8,17
XRP/USDT,15m,0.7,0.05,0.02,48,2.5,54,0.36,10.4,76.3,2.801,29.062,29,9,16
XRP/USDT,15m,0.7,0.05,0.025,4,2.0,54,0.36,10.4,44.4,1.223,12.693,4,5,45
XRP/USDT,15m,0.7,0.05,0.025,6,2.0,54,0.36,10.4,54.5,1.882,19.53,6,5,43
XRP/USDT,15m,0.7,0.05,0.025,8,2.0,54,0.36,10.4,64.3,2.409,24.996,9,5,40
XRP/USDT,15m,0.7,0.05,0.025,12,2.0,54,0.36,10.4,80.0,2.777,28.819,20,5,29
XRP/USDT,15m,0.7,0.05,0.025,16,2.0,54,0.36,10.4,83.3,2.994,31.068,25,5,24
XRP/USDT,15m,0.7,0.05,0.025,20,2.0,54,0.36,10.4,83.3,3.115,32.327,25,5,24
XRP/USDT,15m,0.7,0.05,0.025,24,2.0,54,0.36,10.4,86.1,3.246,33.679,31,5,18
XRP/USDT,15m,0.7,0.05,0.025,36,2.0,54,0.36,10.4,83.8,3.064,31.8,31,6,17
XRP/USDT,15m,0.7,0.05,0.025,48,2.0,54,0.36,10.4,83.8,3.012,31.253,31,6,17
XRP/USDT,15m,0.7,0.075,0.008,4,9.4,54,0.36,10.4,5.6,0.841,8.731,1,17,36
XRP/USDT,15m,0.7,0.075,0.008,6,9.4,54,0.36,10.4,5.6,1.278,13.262,1,17,36
XRP/USDT,15m,0.7,0.075,0.008,8,9.4,54,0.36,10.4,5.3,1.631,16.921,1,18,35
XRP/USDT,15m,0.7,0.075,0.008,12,9.4,54,0.36,10.4,10.0,1.846,19.155,2,18,34
XRP/USDT,15m,0.7,0.075,0.008,16,9.4,54,0.36,10.4,18.2,2.188,22.7,4,18,32
XRP/USDT,15m,0.7,0.075,0.008,20,9.4,54,0.36,10.4,28.0,2.407,24.977,7,18,29
XRP/USDT,15m,0.7,0.075,0.008,24,9.4,54,0.36,10.4,37.9,2.562,26.586,11,18,25
XRP/USDT,15m,0.7,0.075,0.008,36,9.4,54,0.36,10.4,50.0,2.855,29.622,18,18,18
XRP/USDT,15m,0.7,0.075,0.008,48,9.4,54,0.36,10.4,50.0,2.8,29.052,18,18,18
XRP/USDT,15m,0.7,0.075,0.01,4,7.5,54,0.36,10.4,6.7,0.906,9.401,1,14,39
XRP/USDT,15m,0.7,0.075,0.01,6,7.5,54,0.36,10.4,6.7,1.388,14.4,1,14,39
XRP/USDT,15m,0.7,0.075,0.01,8,7.5,54,0.36,10.4,6.7,1.854,19.244,1,14,39
XRP/USDT,15m,0.7,0.075,0.01,12,7.5,54,0.36,10.4,17.6,2.205,22.879,3,14,37
XRP/USDT,15m,0.7,0.075,0.01,16,7.5,54,0.36,10.4,26.3,2.501,25.952,5,14,35
XRP/USDT,15m,0.7,0.075,0.01,20,7.5,54,0.36,10.4,36.4,2.659,27.591,8,14,32
XRP/USDT,15m,0.7,0.075,0.01,24,7.5,54,0.36,10.4,46.2,2.898,30.077,12,14,28
XRP/USDT,15m,0.7,0.075,0.01,36,7.5,54,0.36,10.4,60.0,3.341,34.67,21,14,19
XRP/USDT,15m,0.7,0.075,0.01,48,7.5,54,0.36,10.4,60.0,3.281,34.05,21,14,19
XRP/USDT,15m,0.7,0.075,0.015,4,5.0,54,0.36,10.4,11.1,1.147,11.905,1,8,45
XRP/USDT,15m,0.7,0.075,0.015,6,5.0,54,0.36,10.4,20.0,1.709,17.732,2,8,44
XRP/USDT,15m,0.7,0.075,0.015,8,5.0,54,0.36,10.4,20.0,2.239,23.236,2,8,44
XRP/USDT,15m,0.7,0.075,0.015,12,5.0,54,0.36,10.4,33.3,2.579,26.758,4,8,42
XRP/USDT,15m,0.7,0.075,0.015,16,5.0,54,0.36,10.4,42.9,2.868,29.763,6,8,40
XRP/USDT,15m,0.7,0.075,0.015,20,5.0,54,0.36,10.4,55.6,3.075,31.908,10,8,36
XRP/USDT,15m,0.7,0.075,0.015,24,5.0,54,0.36,10.4,60.9,3.381,35.087,14,9,31
XRP/USDT,15m,0.7,0.075,0.015,36,5.0,54,0.36,10.4,70.6,3.845,39.899,24,10,20
XRP/USDT,15m,0.7,0.075,0.015,48,5.0,54,0.36,10.4,70.6,3.79,39.333,24,10,20
XRP/USDT,15m,0.7,0.075,0.02,4,3.8,54,0.36,10.4,14.3,1.189,12.342,1,6,47
XRP/USDT,15m,0.7,0.075,0.02,6,3.8,54,0.36,10.4,22.2,1.702,17.657,2,7,45
XRP/USDT,15m,0.7,0.075,0.02,8,3.8,54,0.36,10.4,22.2,2.243,23.279,2,7,45
XRP/USDT,15m,0.7,0.075,0.02,12,3.8,54,0.36,10.4,36.4,2.598,26.956,4,7,43
XRP/USDT,15m,0.7,0.075,0.02,16,3.8,54,0.36,10.4,46.2,2.898,30.068,6,7,41
XRP/USDT,15m,0.7,0.075,0.02,20,3.8,54,0.36,10.4,58.8,3.116,32.332,10,7,37
XRP/USDT,15m,0.7,0.075,0.02,24,3.8,54,0.36,10.4,66.7,3.474,36.05,14,7,33
XRP/USDT,15m,0.7,0.075,0.02,36,3.8,54,0.36,10.4,75.0,3.912,40.593,24,8,22
XRP/USDT,15m,0.7,0.075,0.02,48,3.8,54,0.36,10.4,72.7,3.833,39.774,24,9,21
XRP/USDT,15m,0.7,0.075,0.025,4,3.0,54,0.36,10.4,16.7,1.233,12.797,1,5,48
XRP/USDT,15m,0.7,0.075,0.025,6,3.0,54,0.36,10.4,37.5,1.922,19.949,3,5,46
XRP/USDT,15m,0.7,0.075,0.025,8,3.0,54,0.36,10.4,44.4,2.549,26.449,4,5,45
XRP/USDT,15m,0.7,0.075,0.025,12,3.0,54,0.36,10.4,54.5,2.903,30.126,6,5,43
XRP/USDT,15m,0.7,0.075,0.025,16,3.0,54,0.36,10.4,61.5,3.203,33.239,8,5,41
XRP/USDT,15m,0.7,0.075,0.025,20,3.0,54,0.36,10.4,70.6,3.421,35.503,12,5,37
XRP/USDT,15m,0.7,0.075,0.025,24,3.0,54,0.36,10.4,76.2,3.78,39.221,16,5,33
XRP/USDT,15m,0.7,0.075,0.025,36,3.0,54,0.36,10.4,81.2,4.208,43.668,26,6,22
XRP/USDT,15m,0.7,0.075,0.025,48,3.0,54,0.36,10.4,81.2,4.137,42.925,26,6,22
XRP/USDT,15m,0.7,0.1,0.008,4,12.5,54,0.36,10.4,0.0,0.845,8.767,0,17,37
XRP/USDT,15m,0.7,0.1,0.008,6,12.5,54,0.36,10.4,5.6,1.324,13.742,1,17,36
XRP/USDT,15m,0.7,0.1,0.008,8,12.5,54,0.36,10.4,5.3,1.677,17.401,1,18,35
XRP/USDT,15m,0.7,0.1,0.008,12,12.5,54,0.36,10.4,5.3,1.85,19.197,1,18,35
XRP/USDT,15m,0.7,0.1,0.008,16,12.5,54,0.36,10.4,5.3,2.215,22.981,1,18,35
XRP/USDT,15m,0.7,0.1,0.008,20,12.5,54,0.36,10.4,10.0,2.46,25.528,2,18,34
XRP/USDT,15m,0.7,0.1,0.008,24,12.5,54,0.36,10.4,18.2,2.526,26.208,4,18,32
XRP/USDT,15m,0.7,0.1,0.008,36,12.5,54,0.36,10.4,35.5,3.188,33.085,11,20,23
XRP/USDT,15m,0.7,0.1,0.008,48,12.5,54,0.36,10.4,42.9,3.201,33.219,15,20,19
XRP/USDT,15m,0.7,0.1,0.01,4,10.0,54,0.36,10.4,0.0,0.909,9.437,0,14,40
XRP/USDT,15m,0.7,0.1,0.01,6,10.0,54,0.36,10.4,6.7,1.434,14.88,1,14,39
XRP/USDT,15m,0.7,0.1,0.01,8,10.0,54,0.36,10.4,6.7,1.901,19.725,1,14,39
XRP/USDT,15m,0.7,0.1,0.01,12,10.0,54,0.36,10.4,6.7,2.213,22.96,1,14,39
XRP/USDT,15m,0.7,0.1,0.01,16,10.0,54,0.36,10.4,6.2,2.371,24.599,1,15,38
XRP/USDT,15m,0.7,0.1,0.01,20,10.0,54,0.36,10.4,11.8,2.555,26.509,2,15,37
XRP/USDT,15m,0.7,0.1,0.01,24,10.0,54,0.36,10.4,21.1,2.705,28.065,4,15,35
XRP/USDT,15m,0.7,0.1,0.01,36,10.0,54,0.36,10.4,39.3,3.543,36.769,11,17,26
XRP/USDT,15m,0.7,0.1,0.01,48,10.0,54,0.36,10.4,50.0,3.611,37.467,17,17,20
XRP/USDT,15m,0.7,0.1,0.015,4,6.7,54,0.36,10.4,0.0,1.151,11.94,0,8,46
XRP/USDT,15m,0.7,0.1,0.015,6,6.7,54,0.36,10.4,11.1,1.75,18.16,1,8,45
XRP/USDT,15m,0.7,0.1,0.015,8,6.7,54,0.36,10.4,11.1,2.23,23.137,1,8,45
XRP/USDT,15m,0.7,0.1,0.015,12,6.7,54,0.36,10.4,10.0,2.42,25.11,1,9,44
XRP/USDT,15m,0.7,0.1,0.015,16,6.7,54,0.36,10.4,9.1,2.562,26.585,1,10,43
XRP/USDT,15m,0.7,0.1,0.015,20,6.7,54,0.36,10.4,16.7,2.792,28.977,2,10,42
XRP/USDT,15m,0.7,0.1,0.015,24,6.7,54,0.36,10.4,26.7,3.012,31.251,4,11,39
XRP/USDT,15m,0.7,0.1,0.015,36,6.7,54,0.36,10.4,47.8,3.94,40.886,11,12,31
XRP/USDT,15m,0.7,0.1,0.015,48,6.7,54,0.36,10.4,57.6,4.018,41.693,19,14,21
XRP/USDT,15m,0.7,0.1,0.02,4,5.0,54,0.36,10.4,0.0,1.193,12.377,0,6,48
XRP/USDT,15m,0.7,0.1,0.02,6,5.0,54,0.36,10.4,12.5,1.743,18.085,1,7,46
XRP/USDT,15m,0.7,0.1,0.02,8,5.0,54,0.36,10.4,12.5,2.234,23.179,1,7,46
XRP/USDT,15m,0.7,0.1,0.02,12,5.0,54,0.36,10.4,11.1,2.43,25.212,1,8,45
XRP/USDT,15m,0.7,0.1,0.02,16,5.0,54,0.36,10.4,10.0,2.573,26.698,1,9,44
XRP/USDT,15m,0.7,0.1,0.02,20,5.0,54,0.36,10.4,18.2,2.815,29.208,2,9,43
XRP/USDT,15m,0.7,0.1,0.02,24,5.0,54,0.36,10.4,30.8,3.086,32.023,4,9,41
XRP/USDT,15m,0.7,0.1,0.02,36,5.0,54,0.36,10.4,52.4,3.988,41.388,11,10,33
XRP/USDT,15m,0.7,0.1,0.02,48,5.0,54,0.36,10.4,61.3,4.041,41.933,19,12,23
XRP/USDT,15m,0.7,0.1,0.025,4,4.0,54,0.36,10.4,0.0,1.237,12.832,0,5,49
XRP/USDT,15m,0.7,0.1,0.025,6,4.0,54,0.36,10.4,16.7,1.958,20.321,1,5,48
XRP/USDT,15m,0.7,0.1,0.025,8,4.0,54,0.36,10.4,16.7,2.475,25.681,1,5,48
XRP/USDT,15m,0.7,0.1,0.025,12,4.0,54,0.36,10.4,11.1,2.356,24.443,1,8,45
XRP/USDT,15m,0.7,0.1,0.025,16,4.0,54,0.36,10.4,10.0,2.49,25.834,1,9,44
XRP/USDT,15m,0.7,0.1,0.025,20,4.0,54,0.36,10.4,18.2,2.731,28.344,2,9,43
XRP/USDT,15m,0.7,0.1,0.025,24,4.0,54,0.36,10.4,30.8,3.003,31.158,4,9,41
XRP/USDT,15m,0.7,0.1,0.025,36,4.0,54,0.36,10.4,52.4,3.896,40.427,11,10,33
XRP/USDT,15m,0.7,0.1,0.025,48,4.0,54,0.36,10.4,65.5,3.967,41.165,19,10,25
