feature_set,model,model_type,horizon,sl,tp,threshold,trades,win_rate,pnl_pct,max_dd,profit_factor,trades_per_week,sharpe,final_balance
base,xgb_light,xgb,6,0.01,0.02,0.55,2996,0.332,-92.3,92.32,0.47,67.1,-15.18,769.92
base,xgb_light,xgb,6,0.01,0.02,0.6,2577,0.338,-88.67,88.74,0.49,57.7,-13.92,1133.21
base,xgb_light,xgb,6,0.01,0.02,0.65,2142,0.344,-81.62,81.76,0.51,48.0,-12.7,1838.34
base,xgb_light,xgb,6,0.01,0.02,0.7,1691,0.345,-72.69,72.75,0.54,37.9,-11.06,2730.68
base,xgb_light,xgb,6,0.015,0.03,0.55,2660,0.344,-89.48,89.52,0.48,59.6,-13.18,1052.01
base,xgb_light,xgb,6,0.015,0.03,0.6,2283,0.353,-84.91,84.95,0.5,51.1,-12.19,1508.82
base,xgb_light,xgb,6,0.015,0.03,0.65,1880,0.36,-77.39,77.54,0.52,42.1,-10.92,2260.75
base,xgb_light,xgb,6,0.015,0.03,0.7,1454,0.372,-65.87,65.94,0.57,32.6,-8.8,3412.85
base,xgb_light,xgb,6,0.02,0.04,0.55,2565,0.347,-88.56,88.58,0.48,57.5,-12.51,1144.31
base,xgb_light,xgb,6,0.02,0.04,0.6,2183,0.361,-82.95,82.99,0.51,48.9,-11.36,1705.31
base,xgb_light,xgb,6,0.02,0.04,0.65,1790,0.364,-75.31,75.5,0.53,40.1,-10.15,2468.7
base,xgb_light,xgb,6,0.02,0.04,0.7,1383,0.38,-62.95,63.03,0.58,31.0,-7.99,3704.89
base,xgb_light,xgb,8,0.01,0.02,0.55,2369,0.346,-86.33,86.43,0.52,53.1,-12.71,1366.63
base,xgb_light,xgb,8,0.01,0.02,0.6,1996,0.349,-81.21,81.21,0.53,44.7,-12.03,1878.74
base,xgb_light,xgb,8,0.01,0.02,0.65,1624,0.355,-71.55,71.55,0.55,36.4,-10.61,2844.72
base,xgb_light,xgb,8,0.01,0.02,0.7,1283,0.349,-63.32,63.32,0.58,28.7,-9.05,3668.15
base,xgb_light,xgb,8,0.015,0.03,0.55,1989,0.375,-78.83,79.15,0.56,44.6,-10.2,2117.22
base,xgb_light,xgb,8,0.015,0.03,0.6,1659,0.38,-72.75,72.93,0.56,37.2,-9.52,2725.02
base,xgb_light,xgb,8,0.015,0.03,0.65,1345,0.388,-61.25,61.95,0.6,30.1,-7.79,3875.17
base,xgb_light,xgb,8,0.015,0.03,0.7,1041,0.393,-51.57,52.8,0.63,23.3,-6.34,4842.77
base,xgb_light,xgb,8,0.02,0.04,0.55,1882,0.377,-76.76,77.18,0.56,42.2,-9.4,2324.32
base,xgb_light,xgb,8,0.02,0.04,0.6,1553,0.392,-69.69,69.91,0.57,34.8,-8.61,3031.02
base,xgb_light,xgb,8,0.02,0.04,0.65,1257,0.401,-59.3,60.0,0.6,28.2,-7.24,4069.7
base,xgb_light,xgb,8,0.02,0.04,0.7,961,0.41,-49.01,50.15,0.63,21.5,-5.81,5099.27
base,xgb_light,xgb,12,0.01,0.02,0.55,2151,0.353,-83.97,84.17,0.56,48.2,-11.36,1602.51
base,xgb_light,xgb,12,0.01,0.02,0.6,1865,0.349,-78.4,78.73,0.58,41.8,-10.36,2160.46
base,xgb_light,xgb,12,0.01,0.02,0.65,1534,0.35,-72.24,72.86,0.59,34.4,-9.58,2776.25
base,xgb_light,xgb,12,0.01,0.02,0.7,1227,0.363,-60.47,61.78,0.62,27.5,-7.85,3953.02
base,xgb_light,xgb,12,0.015,0.03,0.55,1694,0.388,-75.6,76.31,0.58,37.9,-9.14,2440.46
base,xgb_light,xgb,12,0.015,0.03,0.6,1461,0.382,-70.38,71.25,0.59,32.7,-8.2,2962.11
base,xgb_light,xgb,12,0.015,0.03,0.65,1185,0.395,-62.72,63.72,0.6,26.5,-7.51,3727.82
base,xgb_light,xgb,12,0.015,0.03,0.7,935,0.41,-47.92,50.64,0.66,20.9,-5.52,5207.5
base,xgb_light,xgb,12,0.02,0.04,0.55,1551,0.396,-73.25,74.02,0.57,34.7,-8.52,2675.32
base,xgb_light,xgb,12,0.02,0.04,0.6,1329,0.393,-66.39,67.25,0.6,29.8,-7.51,3360.56
base,xgb_light,xgb,12,0.02,0.04,0.65,1071,0.408,-58.98,60.44,0.61,24.0,-6.64,4101.95
base,xgb_light,xgb,12,0.02,0.04,0.7,839,0.429,-44.36,47.54,0.67,18.8,-4.96,5563.84
base,xgb_std,xgb,6,0.01,0.02,0.55,2195,0.331,-83.41,83.47,0.49,49.2,-13.33,1658.8
base,xgb_std,xgb,6,0.01,0.02,0.6,1841,0.335,-78.04,78.04,0.5,41.2,-12.48,2195.98
base,xgb_std,xgb,6,0.01,0.02,0.65,1491,0.339,-71.37,71.37,0.51,33.4,-11.52,2863.49
base,xgb_std,xgb,6,0.01,0.02,0.7,1171,0.342,-60.42,60.42,0.53,26.2,-9.67,3958.4
base,xgb_std,xgb,6,0.015,0.03,0.55,1945,0.35,-78.3,78.4,0.51,43.6,-11.31,2170.27
base,xgb_std,xgb,6,0.015,0.03,0.6,1620,0.36,-71.25,71.25,0.54,36.3,-9.98,2875.18
base,xgb_std,xgb,6,0.015,0.03,0.65,1300,0.363,-63.0,63.0,0.55,29.1,-8.92,3700.17
base,xgb_std,xgb,6,0.015,0.03,0.7,1013,0.362,-53.87,53.89,0.55,22.7,-7.89,4613.03
base,xgb_std,xgb,6,0.02,0.04,0.55,1864,0.355,-74.94,75.12,0.53,41.8,-10.19,2506.35
base,xgb_std,xgb,6,0.02,0.04,0.6,1544,0.369,-67.31,67.31,0.56,34.6,-8.72,3269.5
base,xgb_std,xgb,6,0.02,0.04,0.65,1239,0.369,-60.07,60.07,0.57,27.8,-7.76,3993.44
base,xgb_std,xgb,6,0.02,0.04,0.7,964,0.376,-50.32,50.34,0.58,21.6,-6.78,4968.19
base,xgb_std,xgb,8,0.01,0.02,0.55,1776,0.341,-77.94,78.02,0.52,39.8,-11.8,2206.11
base,xgb_std,xgb,8,0.01,0.02,0.6,1495,0.337,-73.82,73.85,0.52,33.5,-11.31,2617.76
base,xgb_std,xgb,8,0.01,0.02,0.65,1178,0.329,-64.77,64.77,0.53,26.4,-10.0,3522.54
base,xgb_std,xgb,8,0.01,0.02,0.7,911,0.332,-56.12,56.65,0.54,20.4,-8.82,4387.84
base,xgb_std,xgb,8,0.015,0.03,0.55,1493,0.359,-71.74,71.87,0.53,33.4,-9.9,2826.12
base,xgb_std,xgb,8,0.015,0.03,0.6,1235,0.37,-64.79,64.88,0.54,27.7,-8.99,3521.06
base,xgb_std,xgb,8,0.015,0.03,0.65,981,0.358,-57.75,57.96,0.54,22.0,-8.34,4225.15
base,xgb_std,xgb,8,0.015,0.03,0.7,744,0.36,-48.96,50.25,0.55,16.7,-7.23,5104.37
base,xgb_std,xgb,8,0.02,0.04,0.55,1403,0.368,-69.75,69.81,0.53,31.4,-9.17,3025.21
base,xgb_std,xgb,8,0.02,0.04,0.6,1156,0.378,-63.65,63.69,0.53,25.9,-8.53,3634.8
base,xgb_std,xgb,8,0.02,0.04,0.65,914,0.37,-56.72,56.73,0.53,20.5,-7.91,4328.32
base,xgb_std,xgb,8,0.02,0.04,0.7,688,0.372,-47.53,48.51,0.55,15.4,-6.68,5246.89
base,xgb_std,xgb,12,0.01,0.02,0.55,1775,0.359,-75.09,75.75,0.6,39.8,-9.67,2490.91
base,xgb_std,xgb,12,0.01,0.02,0.6,1508,0.364,-67.53,68.73,0.62,33.8,-8.67,3247.27
base,xgb_std,xgb,12,0.01,0.02,0.65,1238,0.357,-62.18,62.55,0.6,27.7,-8.39,3781.57
base,xgb_std,xgb,12,0.01,0.02,0.7,949,0.371,-49.92,53.23,0.63,21.3,-6.97,5008.19
base,xgb_std,xgb,12,0.015,0.03,0.55,1393,0.383,-67.44,68.59,0.61,31.2,-7.81,3255.72
base,xgb_std,xgb,12,0.015,0.03,0.6,1165,0.403,-59.35,60.95,0.63,26.1,-6.79,4064.58
base,xgb_std,xgb,12,0.015,0.03,0.65,961,0.414,-49.15,52.05,0.66,21.5,-5.72,5084.93
base,xgb_std,xgb,12,0.015,0.03,0.7,740,0.435,-38.79,43.57,0.68,16.6,-4.76,6121.3
base,xgb_std,xgb,12,0.02,0.04,0.55,1287,0.404,-62.97,64.23,0.62,28.8,-6.92,3703.31
base,xgb_std,xgb,12,0.02,0.04,0.6,1066,0.413,-55.86,58.19,0.63,23.9,-6.23,4413.77
base,xgb_std,xgb,12,0.02,0.04,0.65,874,0.42,-44.7,48.42,0.67,19.6,-4.94,5530.11
base,xgb_std,xgb,12,0.02,0.04,0.7,667,0.453,-35.67,41.22,0.69,14.9,-4.05,6432.55
base,xgb_deep,xgb,6,0.01,0.02,0.55,1317,0.353,-63.47,63.47,0.54,29.5,-10.1,3653.48
base,xgb_deep,xgb,6,0.01,0.02,0.6,1050,0.338,-58.64,58.64,0.51,23.5,-9.9,4135.93
base,xgb_deep,xgb,6,0.01,0.02,0.65,822,0.336,-51.3,51.3,0.51,18.4,-8.91,4870.47
base,xgb_deep,xgb,6,0.01,0.02,0.7,597,0.327,-42.64,42.64,0.5,13.4,-7.94,5736.24
base,xgb_deep,xgb,6,0.015,0.03,0.55,1144,0.378,-52.83,52.83,0.6,25.6,-7.23,4717.06
base,xgb_deep,xgb,6,0.015,0.03,0.6,915,0.366,-48.76,48.76,0.58,20.5,-7.0,5124.39
base,xgb_deep,xgb,6,0.015,0.03,0.65,723,0.364,-44.04,44.04,0.56,16.2,-6.59,5596.33
base,xgb_deep,xgb,6,0.015,0.03,0.7,511,0.356,-35.74,35.8,0.55,11.4,-5.81,6426.38
base,xgb_deep,xgb,6,0.02,0.04,0.55,1092,0.382,-50.0,50.0,0.61,24.5,-6.4,5000.34
base,xgb_deep,xgb,6,0.02,0.04,0.6,866,0.367,-47.1,47.1,0.59,19.4,-6.26,5290.45
base,xgb_deep,xgb,6,0.02,0.04,0.65,678,0.375,-39.9,39.9,0.6,15.2,-5.41,6009.71
base,xgb_deep,xgb,6,0.02,0.04,0.7,481,0.37,-32.44,32.44,0.59,10.8,-4.74,6756.02
base,xgb_deep,xgb,8,0.01,0.02,0.55,1375,0.343,-67.86,67.98,0.54,30.8,-10.27,3213.71
base,xgb_deep,xgb,8,0.01,0.02,0.6,1140,0.339,-61.53,61.53,0.54,25.5,-9.63,3847.23
base,xgb_deep,xgb,8,0.01,0.02,0.65,923,0.34,-55.3,55.3,0.54,20.7,-8.93,4470.3
base,xgb_deep,xgb,8,0.01,0.02,0.7,689,0.328,-44.35,45.72,0.57,15.4,-7.02,5564.54
base,xgb_deep,xgb,8,0.015,0.03,0.55,1149,0.366,-58.84,59.75,0.57,25.7,-7.98,4116.07
base,xgb_deep,xgb,8,0.015,0.03,0.6,956,0.363,-53.03,53.45,0.57,21.4,-7.31,4696.8
base,xgb_deep,xgb,8,0.015,0.03,0.65,758,0.364,-49.37,49.98,0.54,17.0,-7.41,5063.34
base,xgb_deep,xgb,8,0.015,0.03,0.7,567,0.379,-36.22,38.05,0.61,12.7,-5.27,6378.47
base,xgb_deep,xgb,8,0.02,0.04,0.55,1076,0.375,-56.06,56.72,0.57,24.1,-7.29,4393.71
base,xgb_deep,xgb,8,0.02,0.04,0.6,893,0.372,-50.38,50.6,0.57,20.0,-6.69,4961.95
base,xgb_deep,xgb,8,0.02,0.04,0.65,701,0.384,-45.09,45.9,0.56,15.7,-6.33,5490.74
base,xgb_deep,xgb,8,0.02,0.04,0.7,524,0.405,-33.08,35.14,0.63,11.7,-4.42,6691.81
base,xgb_deep,xgb,12,0.01,0.02,0.55,1391,0.345,-69.43,69.57,0.56,31.2,-9.95,3057.43
base,xgb_deep,xgb,12,0.01,0.02,0.6,1179,0.342,-65.34,65.42,0.56,26.4,-9.52,3466.31
base,xgb_deep,xgb,12,0.01,0.02,0.65,909,0.343,-52.66,52.79,0.59,20.4,-7.7,4734.16
base,xgb_deep,xgb,12,0.01,0.02,0.7,678,0.345,-41.46,41.94,0.62,15.2,-6.16,5853.92
base,xgb_deep,xgb,12,0.015,0.03,0.55,1099,0.387,-57.21,58.5,0.62,24.6,-6.98,4278.74
base,xgb_deep,xgb,12,0.015,0.03,0.6,927,0.388,-54.76,55.35,0.59,20.8,-7.07,4523.82
base,xgb_deep,xgb,12,0.015,0.03,0.65,726,0.394,-40.94,42.63,0.65,16.3,-5.16,5905.85
base,xgb_deep,xgb,12,0.015,0.03,0.7,538,0.407,-30.09,31.82,0.7,12.1,-3.85,6991.33
base,xgb_deep,xgb,12,0.02,0.04,0.55,1014,0.399,-54.93,55.86,0.62,22.7,-6.3,4506.81
base,xgb_deep,xgb,12,0.02,0.04,0.6,855,0.404,-51.51,52.24,0.61,19.2,-6.11,4849.2
base,xgb_deep,xgb,12,0.02,0.04,0.65,657,0.412,-37.33,39.64,0.67,14.7,-4.35,6267.42
base,xgb_deep,xgb,12,0.02,0.04,0.7,485,0.412,-31.82,33.37,0.66,10.9,-3.93,6817.72
base,xgb_ens_std,xgb_ensemble,6,0.01,0.02,0.55,2131,0.335,-81.66,81.66,0.51,47.7,-12.74,1834.39
base,xgb_ens_std,xgb_ensemble,6,0.01,0.02,0.6,2006,0.338,-79.12,79.12,0.52,44.9,-12.25,2088.31
base,xgb_ens_std,xgb_ensemble,6,0.01,0.02,0.65,1874,0.337,-77.37,77.37,0.51,42.0,-12.18,2263.2
base,xgb_ens_std,xgb_ensemble,6,0.01,0.02,0.7,1739,0.334,-75.26,75.26,0.51,39.0,-12.12,2473.64
base,xgb_ens_std,xgb_ensemble,6,0.015,0.03,0.55,1878,0.351,-76.58,76.58,0.52,42.1,-10.99,2342.16
base,xgb_ens_std,xgb_ensemble,6,0.015,0.03,0.6,1768,0.357,-73.57,73.57,0.54,39.6,-10.34,2642.67
base,xgb_ens_std,xgb_ensemble,6,0.015,0.03,0.65,1646,0.357,-71.88,71.88,0.53,36.9,-10.2,2812.25
base,xgb_ens_std,xgb_ensemble,6,0.015,0.03,0.7,1518,0.353,-67.98,67.98,0.54,34.0,-9.66,3202.21
base,xgb_ens_std,xgb_ensemble,6,0.02,0.04,0.55,1796,0.359,-74.45,74.45,0.53,40.2,-10.13,2555.25
base,xgb_ens_std,xgb_ensemble,6,0.02,0.04,0.6,1693,0.365,-71.19,71.19,0.55,37.9,-9.46,2881.47
base,xgb_ens_std,xgb_ensemble,6,0.02,0.04,0.65,1569,0.365,-67.59,67.59,0.56,35.1,-8.97,3241.49
base,xgb_ens_std,xgb_ensemble,6,0.02,0.04,0.7,1449,0.364,-64.67,64.67,0.56,32.5,-8.45,3532.88
base,xgb_ens_std,xgb_ensemble,8,0.01,0.02,0.55,1792,0.348,-78.23,78.41,0.53,40.1,-11.74,2177.42
base,xgb_ens_std,xgb_ensemble,8,0.01,0.02,0.6,1698,0.35,-76.0,76.14,0.53,38.0,-11.45,2399.55
base,xgb_ens_std,xgb_ensemble,8,0.01,0.02,0.65,1563,0.348,-72.06,72.33,0.54,35.0,-10.68,2794.05
base,xgb_ens_std,xgb_ensemble,8,0.01,0.02,0.7,1433,0.341,-70.16,70.16,0.54,32.1,-10.56,2984.04
base,xgb_ens_std,xgb_ensemble,8,0.015,0.03,0.55,1487,0.383,-70.93,71.3,0.54,33.3,-9.72,2906.65
base,xgb_ens_std,xgb_ensemble,8,0.015,0.03,0.6,1402,0.384,-67.88,68.21,0.55,31.4,-9.21,3212.41
base,xgb_ens_std,xgb_ensemble,8,0.015,0.03,0.65,1292,0.376,-63.61,63.86,0.56,28.9,-8.72,3638.93
base,xgb_ens_std,xgb_ensemble,8,0.015,0.03,0.7,1180,0.371,-61.36,61.36,0.56,26.4,-8.4,3863.62
base,xgb_ens_std,xgb_ensemble,8,0.02,0.04,0.55,1392,0.394,-67.62,67.94,0.55,31.2,-8.8,3237.63
base,xgb_ens_std,xgb_ensemble,8,0.02,0.04,0.6,1305,0.394,-65.66,65.87,0.55,29.2,-8.48,3433.58
base,xgb_ens_std,xgb_ensemble,8,0.02,0.04,0.65,1211,0.392,-61.69,61.84,0.56,27.1,-7.97,3831.36
base,xgb_ens_std,xgb_ensemble,8,0.02,0.04,0.7,1104,0.384,-60.15,60.15,0.55,24.7,-8.01,3984.7
base,xgb_ens_std,xgb_ensemble,12,0.01,0.02,0.55,1800,0.356,-77.4,78.01,0.58,40.3,-10.21,2260.19
base,xgb_ens_std,xgb_ensemble,12,0.01,0.02,0.6,1698,0.363,-73.55,74.57,0.61,38.0,-9.26,2645.48
base,xgb_ens_std,xgb_ensemble,12,0.01,0.02,0.65,1580,0.362,-70.52,71.52,0.61,35.4,-8.91,2947.9
base,xgb_ens_std,xgb_ensemble,12,0.01,0.02,0.7,1458,0.356,-69.52,70.15,0.6,32.7,-9.15,3048.2
base,xgb_ens_std,xgb_ensemble,12,0.015,0.03,0.55,1416,0.388,-69.89,70.86,0.59,31.7,-8.3,3010.79
base,xgb_ens_std,xgb_ensemble,12,0.015,0.03,0.6,1329,0.4,-65.51,67.2,0.62,29.8,-7.45,3449.37
base,xgb_ens_std,xgb_ensemble,12,0.015,0.03,0.65,1242,0.399,-63.03,64.66,0.62,27.8,-7.17,3696.66
base,xgb_ens_std,xgb_ensemble,12,0.015,0.03,0.7,1145,0.4,-58.64,60.16,0.63,25.6,-6.71,4136.26
base,xgb_ens_std,xgb_ensemble,12,0.02,0.04,0.55,1295,0.402,-65.49,66.46,0.6,29.0,-7.39,3450.57
base,xgb_ens_std,xgb_ensemble,12,0.02,0.04,0.6,1222,0.415,-61.71,63.27,0.62,27.4,-6.7,3828.69
base,xgb_ens_std,xgb_ensemble,12,0.02,0.04,0.65,1138,0.414,-58.03,59.89,0.64,25.5,-6.21,4197.13
base,xgb_ens_std,xgb_ensemble,12,0.02,0.04,0.7,1043,0.411,-52.87,54.59,0.66,23.4,-5.63,4713.18
base,rf_light,rf,6,0.01,0.02,0.55,1842,0.346,-80.57,80.57,0.49,41.3,-13.13,1942.74
base,rf_light,rf,6,0.01,0.02,0.6,1295,0.349,-67.43,67.93,0.53,29.0,-10.54,3257.36
base,rf_light,rf,6,0.01,0.02,0.65,830,0.363,-48.52,50.1,0.58,18.6,-7.56,5147.7
base,rf_light,rf,6,0.01,0.02,0.7,510,0.347,-36.04,38.2,0.57,11.4,-6.23,6396.26
base,rf_light,rf,6,0.015,0.03,0.55,1566,0.363,-74.1,74.28,0.5,35.1,-11.0,2590.28
base,rf_light,rf,6,0.015,0.03,0.6,1079,0.371,-59.89,60.6,0.55,24.2,-8.56,4010.52
base,rf_light,rf,6,0.015,0.03,0.65,680,0.39,-38.95,41.67,0.62,15.2,-5.45,6104.68
base,rf_light,rf,6,0.015,0.03,0.7,394,0.386,-26.92,30.79,0.63,8.8,-4.13,7308.15
base,rf_light,rf,6,0.02,0.04,0.55,1492,0.379,-73.38,73.39,0.5,33.4,-10.31,2661.78
base,rf_light,rf,6,0.02,0.04,0.6,1011,0.394,-57.08,58.08,0.56,22.6,-7.77,4292.37
base,rf_light,rf,6,0.02,0.04,0.65,629,0.409,-38.1,42.84,0.62,14.1,-5.07,6189.95
base,rf_light,rf,6,0.02,0.04,0.7,362,0.414,-24.52,29.73,0.66,8.1,-3.43,7548.01
base,rf_light,rf,8,0.01,0.02,0.55,1853,0.338,-80.09,80.09,0.52,41.5,-12.05,1990.58
base,rf_light,rf,8,0.01,0.02,0.6,1298,0.343,-66.45,66.51,0.57,29.1,-9.43,3354.77
base,rf_light,rf,8,0.01,0.02,0.65,759,0.353,-43.61,45.66,0.62,17.0,-6.37,5639.02
base,rf_light,rf,8,0.01,0.02,0.7,454,0.344,-30.03,31.82,0.63,10.2,-4.92,6996.94
base,rf_light,rf,8,0.015,0.03,0.55,1521,0.364,-74.37,74.73,0.54,34.1,-9.99,2562.67
base,rf_light,rf,8,0.015,0.03,0.6,1034,0.384,-56.74,57.37,0.59,23.2,-7.37,4326.32
base,rf_light,rf,8,0.015,0.03,0.65,588,0.406,-33.67,35.87,0.67,13.2,-4.36,6633.48
base,rf_light,rf,8,0.015,0.03,0.7,332,0.392,-22.61,24.8,0.67,7.4,-3.38,7739.04
base,rf_light,rf,8,0.02,0.04,0.55,1432,0.376,-72.1,72.45,0.54,32.1,-9.14,2790.5
base,rf_light,rf,8,0.02,0.04,0.6,960,0.393,-54.91,55.44,0.6,21.5,-6.6,4508.76
base,rf_light,rf,8,0.02,0.04,0.65,540,0.43,-30.8,33.81,0.7,12.1,-3.61,6919.65
base,rf_light,rf,8,0.02,0.04,0.7,299,0.428,-19.78,23.87,0.71,6.7,-2.65,8022.17
base,rf_light,rf,12,0.01,0.02,0.55,1763,0.352,-77.1,77.61,0.58,39.5,-10.32,2290.14
base,rf_light,rf,12,0.01,0.02,0.6,1257,0.362,-62.1,62.8,0.61,28.2,-8.36,3789.96
base,rf_light,rf,12,0.01,0.02,0.65,734,0.365,-42.65,46.29,0.64,16.4,-6.08,5735.04
base,rf_light,rf,12,0.01,0.02,0.7,418,0.352,-28.06,32.75,0.65,9.4,-4.54,7193.59
base,rf_light,rf,12,0.015,0.03,0.55,1357,0.388,-66.1,67.44,0.61,30.4,-7.66,3390.28
base,rf_light,rf,12,0.015,0.03,0.6,939,0.404,-50.89,53.57,0.64,21.0,-6.08,4911.35
base,rf_light,rf,12,0.015,0.03,0.65,533,0.415,-32.15,36.12,0.69,11.9,-4.03,6784.73
base,rf_light,rf,12,0.015,0.03,0.7,281,0.413,-18.61,25.05,0.71,6.3,-2.75,8138.6
base,rf_light,rf,12,0.02,0.04,0.55,1227,0.396,-61.69,62.95,0.63,27.5,-6.78,3830.71
base,rf_light,rf,12,0.02,0.04,0.6,837,0.417,-45.08,49.72,0.67,18.7,-4.96,5492.2
base,rf_light,rf,12,0.02,0.04,0.65,473,0.442,-30.78,36.16,0.69,10.6,-3.66,6921.84
base,rf_light,rf,12,0.02,0.04,0.7,242,0.413,-18.47,24.77,0.7,5.4,-2.53,8153.15
base,rf_std,rf,6,0.01,0.02,0.55,852,0.364,-49.77,50.84,0.57,19.1,-7.88,5022.82
base,rf_std,rf,6,0.01,0.02,0.6,566,0.353,-38.93,40.66,0.56,12.7,-6.83,6107.43
base,rf_std,rf,6,0.01,0.02,0.65,358,0.341,-26.65,28.44,0.59,8.0,-4.93,7335.38
base,rf_std,rf,6,0.01,0.02,0.7,242,0.318,-22.89,23.33,0.54,5.4,-4.91,7710.56
base,rf_std,rf,6,0.015,0.03,0.55,701,0.382,-40.34,41.88,0.62,15.7,-5.66,5966.11
base,rf_std,rf,6,0.015,0.03,0.6,454,0.392,-31.42,33.96,0.61,10.2,-4.85,6858.0
base,rf_std,rf,6,0.015,0.03,0.65,280,0.386,-21.15,24.29,0.64,6.3,-3.46,7884.76
base,rf_std,rf,6,0.015,0.03,0.7,180,0.367,-19.15,19.82,0.57,4.0,-3.64,8084.59
base,rf_std,rf,6,0.02,0.04,0.55,654,0.401,-37.92,40.19,0.63,14.6,-4.92,6207.68
base,rf_std,rf,6,0.02,0.04,0.6,415,0.424,-27.63,32.34,0.63,9.3,-3.98,7236.69
base,rf_std,rf,6,0.02,0.04,0.65,253,0.423,-16.52,22.43,0.7,5.7,-2.44,8348.11
base,rf_std,rf,6,0.02,0.04,0.7,154,0.39,-16.99,17.85,0.59,3.4,-2.96,8300.54
base,rf_std,rf,8,0.01,0.02,0.55,1013,0.344,-54.79,55.64,0.61,22.7,-7.63,4520.96
base,rf_std,rf,8,0.01,0.02,0.6,619,0.352,-33.46,35.81,0.67,13.9,-4.87,6654.37
base,rf_std,rf,8,0.01,0.02,0.65,376,0.324,-28.9,30.1,0.59,8.4,-5.17,7109.96
base,rf_std,rf,8,0.01,0.02,0.7,260,0.3,-23.34,25.15,0.57,5.8,-4.71,7666.31
base,rf_std,rf,8,0.015,0.03,0.55,803,0.376,-47.41,48.63,0.62,18.0,-6.08,5258.86
base,rf_std,rf,8,0.015,0.03,0.6,482,0.398,-26.63,29.15,0.7,10.8,-3.54,7336.56
base,rf_std,rf,8,0.015,0.03,0.65,275,0.389,-18.85,22.98,0.69,6.2,-2.92,8114.85
base,rf_std,rf,8,0.015,0.03,0.7,175,0.354,-17.19,19.03,0.61,3.9,-3.17,8281.19
base,rf_std,rf,8,0.02,0.04,0.55,753,0.396,-45.01,46.51,0.63,16.9,-5.38,5499.09
base,rf_std,rf,8,0.02,0.04,0.6,444,0.426,-25.77,28.97,0.71,9.9,-3.09,7422.86
base,rf_std,rf,8,0.02,0.04,0.65,244,0.426,-17.27,22.43,0.7,5.5,-2.46,8273.05
base,rf_std,rf,8,0.02,0.04,0.7,156,0.372,-17.57,19.79,0.6,3.5,-2.98,8243.27
base,rf_std,rf,12,0.01,0.02,0.55,1160,0.352,-58.52,59.27,0.62,26.0,-7.92,4148.32
base,rf_std,rf,12,0.01,0.02,0.6,750,0.36,-41.67,46.01,0.65,16.8,-5.82,5833.47
base,rf_std,rf,12,0.01,0.02,0.65,447,0.36,-28.94,32.89,0.65,10.0,-4.57,7105.86
base,rf_std,rf,12,0.01,0.02,0.7,276,0.33,-20.58,23.46,0.64,6.2,-3.84,7941.93
base,rf_std,rf,12,0.015,0.03,0.55,884,0.395,-48.0,50.2,0.65,19.8,-5.76,5200.29
base,rf_std,rf,12,0.015,0.03,0.6,539,0.423,-27.4,33.43,0.73,12.1,-3.31,7259.52
base,rf_std,rf,12,0.015,0.03,0.65,308,0.416,-18.48,23.85,0.73,6.9,-2.61,8152.19
base,rf_std,rf,12,0.015,0.03,0.7,185,0.4,-12.51,17.19,0.73,4.1,-2.08,8748.58
base,rf_std,rf,12,0.02,0.04,0.55,802,0.404,-44.17,47.08,0.68,18.0,-4.8,5583.0
base,rf_std,rf,12,0.02,0.04,0.6,482,0.421,-27.43,34.18,0.73,10.8,-3.08,7257.23
base,rf_std,rf,12,0.02,0.04,0.65,275,0.425,-18.96,24.8,0.72,6.2,-2.48,8104.19
base,rf_std,rf,12,0.02,0.04,0.7,160,0.419,-11.28,17.33,0.75,3.6,-1.7,8872.42
base,rf_deep,rf,6,0.01,0.02,0.55,396,0.359,-27.13,28.64,0.62,8.9,-4.76,7286.82
base,rf_deep,rf,6,0.01,0.02,0.6,281,0.338,-22.99,24.64,0.58,6.3,-4.59,7701.14
base,rf_deep,rf,6,0.01,0.02,0.65,202,0.317,-18.98,20.13,0.55,4.5,-4.3,8101.67
base,rf_deep,rf,6,0.01,0.02,0.7,127,0.307,-13.94,14.86,0.52,2.8,-3.79,8606.14
base,rf_deep,rf,6,0.015,0.03,0.55,311,0.389,-21.1,23.76,0.67,7.0,-3.29,7890.18
base,rf_deep,rf,6,0.015,0.03,0.6,211,0.384,-18.68,21.71,0.62,4.7,-3.31,8132.2
base,rf_deep,rf,6,0.015,0.03,0.65,143,0.364,-14.57,15.66,0.6,3.2,-2.93,8543.03
base,rf_deep,rf,6,0.015,0.03,0.7,94,0.404,-9.19,10.87,0.64,2.1,-2.1,9080.58
base,rf_deep,rf,6,0.02,0.04,0.55,279,0.419,-17.82,22.12,0.7,6.2,-2.59,8218.22
base,rf_deep,rf,6,0.02,0.04,0.6,186,0.441,-14.03,18.26,0.69,4.2,-2.22,8597.23
base,rf_deep,rf,6,0.02,0.04,0.65,126,0.397,-12.69,14.71,0.64,2.8,-2.31,8731.15
base,rf_deep,rf,6,0.02,0.04,0.7,80,0.425,-7.99,10.31,0.68,1.8,-1.62,9201.45
base,rf_deep,rf,8,0.01,0.02,0.55,441,0.333,-30.21,32.16,0.62,9.9,-5.06,6978.65
base,rf_deep,rf,8,0.01,0.02,0.6,318,0.308,-26.29,27.33,0.59,7.1,-4.85,7370.89
base,rf_deep,rf,8,0.01,0.02,0.65,222,0.302,-19.69,21.8,0.59,5.0,-4.11,8030.95
base,rf_deep,rf,8,0.01,0.02,0.7,139,0.295,-13.69,16.05,0.57,3.1,-3.49,8630.84
base,rf_deep,rf,8,0.015,0.03,0.55,331,0.393,-21.1,26.1,0.69,7.4,-3.11,7890.3
base,rf_deep,rf,8,0.015,0.03,0.6,218,0.376,-15.38,18.59,0.7,4.9,-2.49,8461.57
base,rf_deep,rf,8,0.015,0.03,0.65,151,0.338,-14.4,16.99,0.64,3.4,-2.68,8559.76
base,rf_deep,rf,8,0.015,0.03,0.7,91,0.33,-10.35,13.7,0.6,2.0,-2.39,8964.82
base,rf_deep,rf,8,0.02,0.04,0.55,298,0.446,-16.6,22.57,0.75,6.7,-2.21,8339.61
base,rf_deep,rf,8,0.02,0.04,0.6,196,0.413,-13.52,18.32,0.73,4.4,-1.98,8647.74
base,rf_deep,rf,8,0.02,0.04,0.65,133,0.361,-14.11,17.34,0.63,3.0,-2.43,8588.85
base,rf_deep,rf,8,0.02,0.04,0.7,80,0.375,-7.39,11.42,0.71,1.8,-1.45,9261.02
base,rf_deep,rf,12,0.01,0.02,0.55,626,0.356,-38.13,40.99,0.64,14.0,-5.62,6187.45
base,rf_deep,rf,12,0.01,0.02,0.6,406,0.355,-26.66,30.16,0.65,9.1,-4.34,7334.03
base,rf_deep,rf,12,0.01,0.02,0.65,274,0.318,-24.41,28.0,0.57,6.1,-4.83,7558.51
base,rf_deep,rf,12,0.01,0.02,0.7,183,0.284,-18.03,20.26,0.57,4.1,-3.98,8196.68
base,rf_deep,rf,12,0.015,0.03,0.55,451,0.419,-27.77,31.85,0.69,10.1,-3.66,7222.67
base,rf_deep,rf,12,0.015,0.03,0.6,280,0.421,-17.75,23.23,0.72,6.3,-2.61,8225.46
base,rf_deep,rf,12,0.015,0.03,0.65,182,0.385,-16.69,21.62,0.63,4.1,-3.0,8330.79
base,rf_deep,rf,12,0.015,0.03,0.7,123,0.358,-12.04,14.52,0.66,2.8,-2.3,8796.38
base,rf_deep,rf,12,0.02,0.04,0.55,405,0.432,-27.07,32.09,0.69,9.1,-3.32,7293.18
base,rf_deep,rf,12,0.02,0.04,0.6,251,0.438,-17.58,23.47,0.72,5.6,-2.34,8241.79
base,rf_deep,rf,12,0.02,0.04,0.65,158,0.392,-16.71,22.84,0.63,3.5,-2.7,8329.45
base,rf_deep,rf,12,0.02,0.04,0.7,105,0.4,-10.39,13.42,0.7,2.4,-1.76,8960.74
base+micro,xgb_light,xgb,6,0.01,0.02,0.55,2480,0.335,-87.78,87.78,0.49,55.6,-14.04,1221.82
base+micro,xgb_light,xgb,6,0.01,0.02,0.6,2065,0.338,-82.73,82.73,0.49,46.3,-13.34,1726.53
base+micro,xgb_light,xgb,6,0.01,0.02,0.65,1648,0.342,-75.66,75.67,0.51,36.9,-12.01,2434.08
base+micro,xgb_light,xgb,6,0.01,0.02,0.7,1256,0.348,-66.0,66.11,0.52,28.1,-10.49,3400.39
base+micro,xgb_light,xgb,6,0.015,0.03,0.55,2165,0.353,-83.14,83.14,0.51,48.5,-11.82,1685.53
base+micro,xgb_light,xgb,6,0.015,0.03,0.6,1796,0.361,-75.25,75.25,0.53,40.2,-10.52,2474.84
base+micro,xgb_light,xgb,6,0.015,0.03,0.65,1399,0.369,-66.37,66.41,0.56,31.3,-8.91,3362.51
base+micro,xgb_light,xgb,6,0.015,0.03,0.7,1048,0.382,-55.51,55.98,0.58,23.5,-7.53,4448.53
base+micro,xgb_light,xgb,6,0.02,0.04,0.55,2063,0.36,-81.46,81.46,0.51,46.2,-11.07,1854.36
base+micro,xgb_light,xgb,6,0.02,0.04,0.6,1705,0.368,-73.17,73.17,0.54,38.2,-9.61,2682.96
base+micro,xgb_light,xgb,6,0.02,0.04,0.65,1313,0.374,-64.06,64.06,0.55,29.4,-8.29,3593.76
base+micro,xgb_light,xgb,6,0.02,0.04,0.7,974,0.399,-49.23,49.79,0.61,21.8,-6.2,5076.98
base+micro,xgb_light,xgb,8,0.01,0.02,0.55,2339,0.344,-86.53,86.53,0.51,52.4,-13.0,1346.92
base+micro,xgb_light,xgb,8,0.01,0.02,0.6,1976,0.35,-80.41,80.49,0.54,44.3,-11.6,1959.47
base+micro,xgb_light,xgb,8,0.01,0.02,0.65,1597,0.352,-69.2,70.01,0.6,35.8,-9.19,3079.64
base+micro,xgb_light,xgb,8,0.01,0.02,0.7,1218,0.349,-59.11,59.11,0.6,27.3,-8.19,4089.46
base+micro,xgb_light,xgb,8,0.015,0.03,0.55,1938,0.374,-79.32,79.33,0.55,43.4,-10.4,2067.94
base+micro,xgb_light,xgb,8,0.015,0.03,0.6,1631,0.378,-72.31,72.66,0.57,36.5,-9.3,2768.79
base+micro,xgb_light,xgb,8,0.015,0.03,0.65,1325,0.378,-62.4,63.34,0.61,29.7,-7.64,3759.97
base+micro,xgb_light,xgb,8,0.015,0.03,0.7,977,0.379,-48.32,49.34,0.64,21.9,-5.98,5167.66
base+micro,xgb_light,xgb,8,0.02,0.04,0.55,1827,0.379,-78.94,79.07,0.53,40.9,-10.01,2105.71
base+micro,xgb_light,xgb,8,0.02,0.04,0.6,1531,0.385,-71.89,72.26,0.55,34.3,-9.01,2810.57
base+micro,xgb_light,xgb,8,0.02,0.04,0.65,1236,0.379,-62.18,62.92,0.59,27.7,-7.3,3782.33
base+micro,xgb_light,xgb,8,0.02,0.04,0.7,904,0.381,-47.21,48.52,0.63,20.2,-5.65,5278.53
base+micro,xgb_light,xgb,12,0.01,0.02,0.55,1748,0.359,-75.92,76.64,0.59,39.2,-10.0,2407.59
base+micro,xgb_light,xgb,12,0.01,0.02,0.6,1482,0.349,-70.01,70.53,0.6,33.2,-9.22,2998.76
base+micro,xgb_light,xgb,12,0.01,0.02,0.65,1188,0.345,-64.82,65.58,0.58,26.6,-8.96,3517.9
base+micro,xgb_light,xgb,12,0.01,0.02,0.7,884,0.345,-53.0,54.95,0.6,19.8,-7.41,4700.13
base+micro,xgb_light,xgb,12,0.015,0.03,0.55,1344,0.391,-66.3,67.55,0.61,30.1,-7.64,3370.21
base+micro,xgb_light,xgb,12,0.015,0.03,0.6,1113,0.388,-59.34,60.5,0.62,24.9,-7.02,4066.43
base+micro,xgb_light,xgb,12,0.015,0.03,0.65,889,0.4,-48.91,51.55,0.65,19.9,-5.8,5109.18
base+micro,xgb_light,xgb,12,0.015,0.03,0.7,667,0.403,-40.25,42.92,0.66,14.9,-4.92,5975.3
base+micro,xgb_light,xgb,12,0.02,0.04,0.55,1221,0.405,-61.51,63.18,0.63,27.4,-6.7,3848.99
base+micro,xgb_light,xgb,12,0.02,0.04,0.6,1005,0.398,-56.36,57.76,0.62,22.5,-6.4,4363.66
base+micro,xgb_light,xgb,12,0.02,0.04,0.65,799,0.419,-45.45,48.93,0.65,17.9,-5.17,5454.98
base+micro,xgb_light,xgb,12,0.02,0.04,0.7,610,0.418,-40.04,42.99,0.66,13.7,-4.54,5996.36
base+micro,xgb_std,xgb,6,0.01,0.02,0.55,1685,0.346,-74.84,74.95,0.52,37.7,-11.56,2516.08
base+micro,xgb_std,xgb,6,0.01,0.02,0.6,1401,0.351,-69.91,69.93,0.51,31.4,-11.22,3009.28
base+micro,xgb_std,xgb,6,0.01,0.02,0.65,1082,0.365,-57.68,57.73,0.55,24.2,-9.04,4231.94
base+micro,xgb_std,xgb,6,0.01,0.02,0.7,823,0.358,-48.89,49.55,0.55,18.4,-8.08,5110.96
base+micro,xgb_std,xgb,6,0.015,0.03,0.55,1465,0.368,-68.34,68.69,0.55,32.8,-9.29,3165.56
base+micro,xgb_std,xgb,6,0.015,0.03,0.6,1211,0.373,-63.3,63.32,0.54,27.1,-8.95,3670.02
base+micro,xgb_std,xgb,6,0.015,0.03,0.65,924,0.394,-47.77,48.09,0.62,20.7,-6.36,5222.74
base+micro,xgb_std,xgb,6,0.015,0.03,0.7,700,0.393,-41.4,42.39,0.6,15.7,-5.87,5860.48
base+micro,xgb_std,xgb,6,0.02,0.04,0.55,1381,0.379,-64.17,64.56,0.57,30.9,-8.01,3583.02
base+micro,xgb_std,xgb,6,0.02,0.04,0.6,1140,0.383,-59.29,59.32,0.56,25.5,-7.82,4071.04
base+micro,xgb_std,xgb,6,0.02,0.04,0.65,869,0.409,-43.11,43.65,0.65,19.5,-5.3,5689.0
base+micro,xgb_std,xgb,6,0.02,0.04,0.7,643,0.412,-36.41,37.48,0.64,14.4,-4.77,6358.82
base+micro,xgb_std,xgb,8,0.01,0.02,0.55,1549,0.33,-73.9,73.98,0.52,34.7,-11.36,2609.67
base+micro,xgb_std,xgb,8,0.01,0.02,0.6,1259,0.342,-66.1,66.1,0.54,28.2,-9.99,3390.03
base+micro,xgb_std,xgb,8,0.01,0.02,0.65,1004,0.336,-59.9,59.9,0.54,22.5,-9.29,4010.26
base+micro,xgb_std,xgb,8,0.01,0.02,0.7,717,0.339,-46.17,46.35,0.58,16.1,-7.15,5383.49
base+micro,xgb_std,xgb,8,0.015,0.03,0.55,1285,0.358,-65.92,66.57,0.55,28.8,-8.95,3408.06
base+micro,xgb_std,xgb,8,0.015,0.03,0.6,1038,0.367,-59.02,59.15,0.55,23.3,-8.29,4097.57
base+micro,xgb_std,xgb,8,0.015,0.03,0.65,807,0.371,-50.66,50.66,0.56,18.1,-7.21,4934.42
base+micro,xgb_std,xgb,8,0.015,0.03,0.7,584,0.384,-37.04,38.1,0.62,13.1,-5.17,6295.89
base+micro,xgb_std,xgb,8,0.02,0.04,0.55,1206,0.364,-63.99,64.69,0.55,27.0,-8.22,3601.19
base+micro,xgb_std,xgb,8,0.02,0.04,0.6,981,0.375,-58.62,59.01,0.54,22.0,-7.71,4137.84
base+micro,xgb_std,xgb,8,0.02,0.04,0.65,752,0.384,-47.13,47.13,0.57,16.8,-6.32,5287.36
base+micro,xgb_std,xgb,8,0.02,0.04,0.7,537,0.404,-32.78,34.01,0.64,12.0,-4.3,6721.8
base+micro,xgb_std,xgb,12,0.01,0.02,0.55,1522,0.361,-71.48,72.46,0.59,34.1,-9.46,2851.87
base+micro,xgb_std,xgb,12,0.01,0.02,0.6,1247,0.357,-63.09,64.25,0.61,27.9,-8.34,3690.91
base+micro,xgb_std,xgb,12,0.01,0.02,0.65,1002,0.357,-54.32,54.42,0.62,22.4,-7.45,4567.74
base+micro,xgb_std,xgb,12,0.01,0.02,0.7,744,0.344,-45.02,45.5,0.63,16.7,-6.35,5498.42
base+micro,xgb_std,xgb,12,0.015,0.03,0.55,1180,0.397,-62.96,64.2,0.6,26.4,-7.47,3703.84
base+micro,xgb_std,xgb,12,0.015,0.03,0.6,971,0.405,-50.82,52.56,0.65,21.8,-6.0,4917.52
base+micro,xgb_std,xgb,12,0.015,0.03,0.65,769,0.415,-40.28,41.48,0.69,17.2,-4.78,5971.82
base+micro,xgb_std,xgb,12,0.015,0.03,0.7,573,0.426,-27.07,29.9,0.75,12.8,-3.21,7293.37
base+micro,xgb_std,xgb,12,0.02,0.04,0.55,1082,0.419,-58.26,59.85,0.61,24.2,-6.59,4173.98
base+micro,xgb_std,xgb,12,0.02,0.04,0.6,884,0.413,-48.86,51.09,0.65,19.8,-5.44,5113.69
base+micro,xgb_std,xgb,12,0.02,0.04,0.65,697,0.42,-40.13,41.15,0.67,15.6,-4.57,5987.35
base+micro,xgb_std,xgb,12,0.02,0.04,0.7,519,0.441,-26.94,29.42,0.73,11.6,-3.09,7305.8
base+micro,xgb_deep,xgb,6,0.01,0.02,0.55,1214,0.356,-61.31,61.36,0.54,27.2,-9.62,3869.14
base+micro,xgb_deep,xgb,6,0.01,0.02,0.6,996,0.348,-56.27,56.33,0.54,22.3,-9.07,4372.62
base+micro,xgb_deep,xgb,6,0.01,0.02,0.65,745,0.366,-42.84,43.26,0.58,16.7,-7.05,5716.23
base+micro,xgb_deep,xgb,6,0.01,0.02,0.7,549,0.364,-35.57,35.79,0.57,12.3,-6.27,6443.14
base+micro,xgb_deep,xgb,6,0.015,0.03,0.55,1058,0.392,-51.34,51.4,0.61,23.7,-6.89,4865.57
base+micro,xgb_deep,xgb,6,0.015,0.03,0.6,858,0.387,-44.87,44.93,0.62,19.2,-5.97,5513.41
base+micro,xgb_deep,xgb,6,0.015,0.03,0.65,640,0.408,-34.25,34.73,0.65,14.3,-4.74,6575.08
base+micro,xgb_deep,xgb,6,0.015,0.03,0.7,470,0.398,-29.03,29.65,0.63,10.5,-4.34,7096.76
base+micro,xgb_deep,xgb,6,0.02,0.04,0.55,1003,0.4,-49.73,49.8,0.6,22.5,-6.45,5026.52
base+micro,xgb_deep,xgb,6,0.02,0.04,0.6,808,0.394,-41.84,41.91,0.64,18.1,-5.16,5815.8
base+micro,xgb_deep,xgb,6,0.02,0.04,0.65,598,0.415,-29.89,31.2,0.69,13.4,-3.75,7010.94
base+micro,xgb_deep,xgb,6,0.02,0.04,0.7,438,0.434,-20.29,21.1,0.73,9.8,-2.69,7970.63
base+micro,xgb_deep,xgb,8,0.01,0.02,0.55,1235,0.346,-63.66,63.81,0.55,27.7,-9.52,3634.33
base+micro,xgb_deep,xgb,8,0.01,0.02,0.6,994,0.349,-55.1,55.11,0.57,22.3,-8.31,4489.78
base+micro,xgb_deep,xgb,8,0.01,0.02,0.65,769,0.351,-47.01,47.55,0.58,17.2,-7.24,5299.33
base+micro,xgb_deep,xgb,8,0.01,0.02,0.7,567,0.342,-37.24,37.59,0.59,12.7,-6.13,6275.52
base+micro,xgb_deep,xgb,8,0.015,0.03,0.55,1034,0.372,-55.35,56.12,0.57,23.2,-7.59,4464.61
base+micro,xgb_deep,xgb,8,0.015,0.03,0.6,838,0.382,-48.3,48.97,0.58,18.8,-6.83,5170.35
base+micro,xgb_deep,xgb,8,0.015,0.03,0.65,638,0.403,-37.45,38.25,0.62,14.3,-5.31,6254.71
base+micro,xgb_deep,xgb,8,0.015,0.03,0.7,470,0.387,-31.51,32.83,0.61,10.5,-4.7,6849.2
base+micro,xgb_deep,xgb,8,0.02,0.04,0.55,974,0.385,-52.61,53.63,0.59,21.8,-6.66,4739.2
base+micro,xgb_deep,xgb,8,0.02,0.04,0.6,779,0.399,-44.92,46.05,0.6,17.4,-5.88,5507.88
base+micro,xgb_deep,xgb,8,0.02,0.04,0.65,591,0.408,-35.82,36.85,0.62,13.2,-4.77,6417.58
base+micro,xgb_deep,xgb,8,0.02,0.04,0.7,424,0.394,-25.96,27.62,0.66,9.5,-3.53,7404.43
base+micro,xgb_deep,xgb,12,0.01,0.02,0.55,1171,0.339,-64.74,65.5,0.58,26.2,-8.93,3526.49
base+micro,xgb_deep,xgb,12,0.01,0.02,0.6,968,0.341,-57.97,58.36,0.58,21.7,-8.23,4203.07
base+micro,xgb_deep,xgb,12,0.01,0.02,0.65,758,0.342,-47.94,48.77,0.59,17.0,-7.17,5205.59
base+micro,xgb_deep,xgb,12,0.01,0.02,0.7,543,0.348,-36.2,36.61,0.62,12.2,-5.63,6380.09
base+micro,xgb_deep,xgb,12,0.015,0.03,0.55,911,0.383,-53.98,55.61,0.62,20.4,-6.46,4602.13
base+micro,xgb_deep,xgb,12,0.015,0.03,0.6,742,0.398,-45.19,46.44,0.65,16.6,-5.5,5481.39
base+micro,xgb_deep,xgb,12,0.015,0.03,0.65,584,0.411,-33.69,38.33,0.69,13.1,-4.2,6631.14
base+micro,xgb_deep,xgb,12,0.015,0.03,0.7,428,0.402,-29.27,32.18,0.67,9.6,-3.92,7073.03
base+micro,xgb_deep,xgb,12,0.02,0.04,0.55,818,0.4,-49.5,52.2,0.63,18.3,-5.6,5049.91
base+micro,xgb_deep,xgb,12,0.02,0.04,0.6,673,0.419,-43.68,45.71,0.64,15.1,-5.09,5631.77
base+micro,xgb_deep,xgb,12,0.02,0.04,0.65,523,0.434,-31.74,35.75,0.69,11.7,-3.77,6826.12
base+micro,xgb_deep,xgb,12,0.02,0.04,0.7,378,0.423,-27.06,29.13,0.68,8.5,-3.41,7294.24
base+micro,xgb_ens_std,xgb_ensemble,6,0.01,0.02,0.55,1694,0.336,-77.35,77.38,0.5,37.9,-12.41,2265.0
base+micro,xgb_ens_std,xgb_ensemble,6,0.01,0.02,0.6,1581,0.341,-73.96,73.96,0.51,35.4,-11.71,2604.07
base+micro,xgb_ens_std,xgb_ensemble,6,0.01,0.02,0.65,1496,0.345,-72.46,72.46,0.51,33.5,-11.5,2753.93
base+micro,xgb_ens_std,xgb_ensemble,6,0.01,0.02,0.7,1352,0.354,-66.79,66.79,0.53,30.3,-10.39,3321.18
base+micro,xgb_ens_std,xgb_ensemble,6,0.015,0.03,0.55,1463,0.365,-68.73,68.76,0.54,32.8,-9.6,3127.32
base+micro,xgb_ens_std,xgb_ensemble,6,0.015,0.03,0.6,1368,0.368,-65.27,65.27,0.56,30.6,-8.97,3473.14
base+micro,xgb_ens_std,xgb_ensemble,6,0.015,0.03,0.65,1294,0.374,-64.28,64.28,0.55,29.0,-8.89,3572.31
base+micro,xgb_ens_std,xgb_ensemble,6,0.015,0.03,0.7,1165,0.377,-59.1,59.21,0.57,26.1,-7.97,4090.3
base+micro,xgb_ens_std,xgb_ensemble,6,0.02,0.04,0.55,1385,0.371,-66.62,66.66,0.55,31.0,-8.78,3338.41
base+micro,xgb_ens_std,xgb_ensemble,6,0.02,0.04,0.6,1288,0.375,-62.46,62.46,0.57,28.9,-8.0,3754.5
base+micro,xgb_ens_std,xgb_ensemble,6,0.02,0.04,0.65,1212,0.384,-58.66,58.66,0.58,27.1,-7.45,4134.06
base+micro,xgb_ens_std,xgb_ensemble,6,0.02,0.04,0.7,1082,0.392,-52.87,52.99,0.6,24.2,-6.7,4712.98
base+micro,xgb_ens_std,xgb_ensemble,8,0.01,0.02,0.55,1530,0.333,-74.66,74.86,0.52,34.3,-11.25,2533.74
base+micro,xgb_ens_std,xgb_ensemble,8,0.01,0.02,0.6,1437,0.338,-71.96,71.96,0.52,32.2,-11.04,2804.27
base+micro,xgb_ens_std,xgb_ensemble,8,0.01,0.02,0.65,1315,0.338,-68.46,68.46,0.53,29.5,-10.4,3153.65
base+micro,xgb_ens_std,xgb_ensemble,8,0.01,0.02,0.7,1219,0.343,-64.92,64.92,0.55,27.3,-9.63,3507.78
base+micro,xgb_ens_std,xgb_ensemble,8,0.015,0.03,0.55,1260,0.365,-65.97,66.4,0.55,28.2,-8.88,3403.06
base+micro,xgb_ens_std,xgb_ensemble,8,0.015,0.03,0.6,1183,0.376,-61.97,62.83,0.56,26.5,-8.36,3803.44
base+micro,xgb_ens_std,xgb_ensemble,8,0.015,0.03,0.65,1076,0.375,-58.28,59.47,0.56,24.1,-8.07,4172.44
base+micro,xgb_ens_std,xgb_ensemble,8,0.015,0.03,0.7,989,0.375,-54.5,55.15,0.57,22.2,-7.55,4549.7
base+micro,xgb_ens_std,xgb_ensemble,8,0.02,0.04,0.55,1186,0.375,-65.11,65.34,0.53,26.6,-8.63,3488.55
base+micro,xgb_ens_std,xgb_ensemble,8,0.02,0.04,0.6,1107,0.385,-60.54,60.66,0.55,24.8,-7.98,3945.94
base+micro,xgb_ens_std,xgb_ensemble,8,0.02,0.04,0.65,1005,0.388,-56.19,57.19,0.56,22.5,-7.4,4380.75
base+micro,xgb_ens_std,xgb_ensemble,8,0.02,0.04,0.7,924,0.389,-51.07,51.59,0.59,20.7,-6.58,4893.28
base+micro,xgb_ens_std,xgb_ensemble,12,0.01,0.02,0.55,1602,0.355,-72.87,73.77,0.6,35.9,-9.31,2712.85
base+micro,xgb_ens_std,xgb_ensemble,12,0.01,0.02,0.6,1498,0.356,-71.34,72.31,0.59,33.6,-9.39,2866.15
base+micro,xgb_ens_std,xgb_ensemble,12,0.01,0.02,0.65,1396,0.352,-69.54,70.7,0.58,31.3,-9.32,3046.23
base+micro,xgb_ens_std,xgb_ensemble,12,0.01,0.02,0.7,1264,0.346,-66.73,67.99,0.59,28.3,-8.84,3327.47
base+micro,xgb_ens_std,xgb_ensemble,12,0.015,0.03,0.55,1233,0.391,-62.61,64.04,0.62,27.6,-7.19,3738.81
base+micro,xgb_ens_std,xgb_ensemble,12,0.015,0.03,0.6,1150,0.394,-61.89,63.18,0.61,25.8,-7.33,3811.33
base+micro,xgb_ens_std,xgb_ensemble,12,0.015,0.03,0.65,1067,0.396,-58.01,59.84,0.62,23.9,-6.87,4198.71
base+micro,xgb_ens_std,xgb_ensemble,12,0.015,0.03,0.7,966,0.405,-53.22,55.52,0.64,21.6,-6.13,4678.1
base+micro,xgb_ens_std,xgb_ensemble,12,0.02,0.04,0.55,1120,0.415,-55.46,57.11,0.65,25.1,-5.9,4454.35
base+micro,xgb_ens_std,xgb_ensemble,12,0.02,0.04,0.6,1052,0.419,-55.91,57.71,0.64,23.6,-6.05,4408.72
base+micro,xgb_ens_std,xgb_ensemble,12,0.02,0.04,0.65,978,0.416,-54.25,56.59,0.63,21.9,-5.98,4575.05
base+micro,xgb_ens_std,xgb_ensemble,12,0.02,0.04,0.7,884,0.416,-52.27,54.4,0.63,19.8,-5.8,4772.63
base+micro,rf_light,rf,6,0.01,0.02,0.55,1869,0.354,-78.57,78.6,0.51,41.9,-12.41,2142.77
base+micro,rf_light,rf,6,0.01,0.02,0.6,1390,0.347,-70.36,70.39,0.51,31.1,-11.18,2963.61
base+micro,rf_light,rf,6,0.01,0.02,0.65,953,0.364,-52.14,53.86,0.59,21.3,-7.75,4785.55
base+micro,rf_light,rf,6,0.01,0.02,0.7,585,0.368,-37.26,39.81,0.62,13.1,-5.71,6274.13
base+micro,rf_light,rf,6,0.015,0.03,0.55,1595,0.37,-72.53,72.77,0.53,35.7,-10.25,2746.93
base+micro,rf_light,rf,6,0.015,0.03,0.6,1149,0.378,-61.31,61.51,0.55,25.7,-8.53,3868.52
base+micro,rf_light,rf,6,0.015,0.03,0.65,765,0.396,-40.81,42.86,0.65,17.1,-5.36,5918.8
base+micro,rf_light,rf,6,0.015,0.03,0.7,439,0.405,-27.81,30.9,0.67,9.8,-3.9,7218.62
base+micro,rf_light,rf,6,0.02,0.04,0.55,1496,0.38,-70.08,70.2,0.54,33.5,-9.39,2992.23
base+micro,rf_light,rf,6,0.02,0.04,0.6,1072,0.392,-58.31,58.7,0.57,24.0,-7.66,4168.63
base+micro,rf_light,rf,6,0.02,0.04,0.65,693,0.414,-37.82,42.19,0.66,15.5,-4.73,6218.49
base+micro,rf_light,rf,6,0.02,0.04,0.7,397,0.431,-27.05,30.76,0.66,8.9,-3.59,7294.55
base+micro,rf_light,rf,8,0.01,0.02,0.55,1953,0.345,-80.76,80.76,0.54,43.7,-11.74,1924.47
base+micro,rf_light,rf,8,0.01,0.02,0.6,1451,0.343,-71.78,71.92,0.54,32.5,-10.61,2822.09
base+micro,rf_light,rf,8,0.01,0.02,0.65,992,0.353,-55.55,56.34,0.6,22.2,-7.77,4444.57
base+micro,rf_light,rf,8,0.01,0.02,0.7,549,0.348,-36.1,37.37,0.63,12.3,-5.49,6389.51
base+micro,rf_light,rf,8,0.015,0.03,0.55,1584,0.377,-73.17,73.44,0.56,35.5,-9.49,2683.27
base+micro,rf_light,rf,8,0.015,0.03,0.6,1143,0.381,-62.09,63.09,0.57,25.6,-8.12,3790.52
base+micro,rf_light,rf,8,0.015,0.03,0.65,758,0.405,-42.37,44.89,0.66,17.0,-5.15,5763.34
base+micro,rf_light,rf,8,0.015,0.03,0.7,401,0.401,-26.62,29.03,0.66,9.0,-3.79,7338.04
base+micro,rf_light,rf,8,0.02,0.04,0.55,1479,0.388,-70.56,70.86,0.57,33.1,-8.52,2943.51
base+micro,rf_light,rf,8,0.02,0.04,0.6,1058,0.384,-59.88,60.99,0.57,23.7,-7.34,4011.54
base+micro,rf_light,rf,8,0.02,0.04,0.65,685,0.416,-40.04,42.78,0.66,15.3,-4.59,5996.21
base+micro,rf_light,rf,8,0.02,0.04,0.7,358,0.436,-25.74,28.6,0.66,8.0,-3.44,7425.88
base+micro,rf_light,rf,12,0.01,0.02,0.55,1838,0.35,-78.72,79.43,0.58,41.2,-10.44,2127.61
base+micro,rf_light,rf,12,0.01,0.02,0.6,1419,0.355,-68.5,68.68,0.6,31.8,-8.98,3149.72
base+micro,rf_light,rf,12,0.01,0.02,0.65,948,0.35,-54.66,56.52,0.61,21.2,-7.61,4534.3
base+micro,rf_light,rf,12,0.01,0.02,0.7,531,0.367,-30.16,34.05,0.69,11.9,-4.38,6983.73
base+micro,rf_light,rf,12,0.015,0.03,0.55,1402,0.386,-69.03,69.96,0.6,31.4,-8.06,3096.98
base+micro,rf_light,rf,12,0.015,0.03,0.6,1046,0.402,-56.97,57.73,0.63,23.4,-6.75,4302.83
base+micro,rf_light,rf,12,0.015,0.03,0.65,670,0.419,-41.21,44.39,0.66,15.0,-5.02,5878.75
base+micro,rf_light,rf,12,0.015,0.03,0.7,363,0.424,-21.33,27.82,0.73,8.1,-2.86,7866.72
base+micro,rf_light,rf,12,0.02,0.04,0.55,1262,0.394,-65.71,67.0,0.6,28.3,-7.3,3429.48
base+micro,rf_light,rf,12,0.02,0.04,0.6,929,0.413,-52.75,53.5,0.64,20.8,-5.88,4724.6
base+micro,rf_light,rf,12,0.02,0.04,0.65,590,0.436,-38.12,41.78,0.67,13.2,-4.32,6187.84
base+micro,rf_light,rf,12,0.02,0.04,0.7,316,0.427,-22.64,29.29,0.7,7.1,-2.86,7735.78
base+micro,rf_std,rf,6,0.01,0.02,0.55,911,0.352,-52.69,53.6,0.57,20.4,-7.99,4731.13
base+micro,rf_std,rf,6,0.01,0.02,0.6,614,0.353,-40.3,41.26,0.6,13.8,-6.35,5969.89
base+micro,rf_std,rf,6,0.01,0.02,0.65,418,0.347,-32.15,33.75,0.57,9.4,-5.67,6784.94
base+micro,rf_std,rf,6,0.01,0.02,0.7,273,0.311,-26.5,27.13,0.52,6.1,-5.5,7349.72
base+micro,rf_std,rf,6,0.015,0.03,0.55,726,0.388,-40.05,41.52,0.64,16.3,-5.29,5994.69
base+micro,rf_std,rf,6,0.015,0.03,0.6,471,0.382,-30.8,31.98,0.65,10.6,-4.33,6919.51
base+micro,rf_std,rf,6,0.015,0.03,0.65,319,0.392,-22.97,25.65,0.65,7.1,-3.52,7703.33
base+micro,rf_std,rf,6,0.015,0.03,0.7,200,0.385,-16.73,18.55,0.64,4.5,-2.92,8326.75
base+micro,rf_std,rf,6,0.02,0.04,0.55,671,0.416,-36.17,37.9,0.67,15.0,-4.47,6383.45
base+micro,rf_std,rf,6,0.02,0.04,0.6,435,0.409,-29.5,31.05,0.65,9.7,-3.93,7050.35
base+micro,rf_std,rf,6,0.02,0.04,0.65,289,0.426,-21.82,25.55,0.67,6.5,-3.06,7817.99
base+micro,rf_std,rf,6,0.02,0.04,0.7,173,0.422,-13.76,17.69,0.69,3.9,-2.17,8623.59
base+micro,rf_std,rf,8,0.01,0.02,0.55,1111,0.359,-58.88,59.05,0.6,24.9,-8.09,4112.27
base+micro,rf_std,rf,8,0.01,0.02,0.6,719,0.352,-41.77,42.81,0.64,16.1,-5.95,5823.34
base+micro,rf_std,rf,8,0.01,0.02,0.65,431,0.329,-30.27,30.96,0.63,9.7,-4.9,6973.23
base+micro,rf_std,rf,8,0.01,0.02,0.7,279,0.308,-24.37,24.77,0.57,6.2,-4.77,7563.24
base+micro,rf_std,rf,8,0.015,0.03,0.55,858,0.413,-46.62,48.4,0.65,19.2,-5.63,5338.36
base+micro,rf_std,rf,8,0.015,0.03,0.6,543,0.405,-31.01,32.7,0.68,12.2,-4.1,6898.57
base+micro,rf_std,rf,8,0.015,0.03,0.65,314,0.392,-21.39,22.86,0.68,7.0,-3.19,7860.82
base+micro,rf_std,rf,8,0.015,0.03,0.7,192,0.354,-15.55,17.56,0.66,4.3,-2.7,8444.92
base+micro,rf_std,rf,8,0.02,0.04,0.55,793,0.431,-43.37,45.16,0.66,17.8,-4.92,5662.57
base+micro,rf_std,rf,8,0.02,0.04,0.6,498,0.432,-30.93,32.9,0.67,11.2,-3.84,6907.15
base+micro,rf_std,rf,8,0.02,0.04,0.65,283,0.428,-20.84,23.63,0.68,6.3,-2.9,7916.32
base+micro,rf_std,rf,8,0.02,0.04,0.7,169,0.391,-14.47,17.21,0.67,3.8,-2.32,8553.09
base+micro,rf_std,rf,12,0.01,0.02,0.55,1267,0.351,-64.44,65.27,0.61,28.4,-8.39,3556.09
base+micro,rf_std,rf,12,0.01,0.02,0.6,874,0.359,-46.73,48.24,0.66,19.6,-6.17,5326.52
base+micro,rf_std,rf,12,0.01,0.02,0.65,520,0.365,-29.03,32.44,0.69,11.6,-4.23,7097.42
base+micro,rf_std,rf,12,0.01,0.02,0.7,313,0.345,-22.25,25.26,0.66,7.0,-3.85,7774.69
base+micro,rf_std,rf,12,0.015,0.03,0.55,934,0.407,-49.69,52.06,0.67,20.9,-5.56,5030.72
base+micro,rf_std,rf,12,0.015,0.03,0.6,635,0.428,-32.46,35.23,0.73,14.2,-3.72,6753.9
base+micro,rf_std,rf,12,0.015,0.03,0.65,362,0.412,-21.09,27.66,0.73,8.1,-2.82,7891.46
base+micro,rf_std,rf,12,0.015,0.03,0.7,214,0.425,-13.96,19.25,0.74,4.8,-2.12,8603.57
base+micro,rf_std,rf,12,0.02,0.04,0.55,842,0.416,-47.92,50.64,0.67,18.9,-5.03,5207.84
base+micro,rf_std,rf,12,0.02,0.04,0.6,557,0.438,-30.18,34.66,0.73,12.5,-3.28,6981.83
base+micro,rf_std,rf,12,0.02,0.04,0.65,323,0.433,-22.39,28.27,0.71,7.2,-2.8,7760.58
base+micro,rf_std,rf,12,0.02,0.04,0.7,179,0.436,-13.57,18.5,0.74,4.0,-1.92,8643.1
base+micro,rf_deep,rf,6,0.01,0.02,0.55,437,0.339,-34.95,36.15,0.55,9.8,-6.19,6504.69
base+micro,rf_deep,rf,6,0.01,0.02,0.6,303,0.32,-27.55,27.94,0.54,6.8,-5.49,7244.57
base+micro,rf_deep,rf,6,0.01,0.02,0.65,202,0.332,-17.21,19.49,0.59,4.5,-3.81,8278.6
base+micro,rf_deep,rf,6,0.01,0.02,0.7,139,0.295,-16.3,17.29,0.49,3.1,-4.41,8370.42
base+micro,rf_deep,rf,6,0.015,0.03,0.55,335,0.391,-23.78,25.87,0.66,7.5,-3.57,7622.3
base+micro,rf_deep,rf,6,0.015,0.03,0.6,228,0.382,-18.89,20.54,0.64,5.1,-3.18,8111.36
base+micro,rf_deep,rf,6,0.015,0.03,0.65,149,0.383,-11.92,15.51,0.67,3.3,-2.29,8808.48
base+micro,rf_deep,rf,6,0.015,0.03,0.7,103,0.369,-9.87,11.63,0.64,2.3,-2.19,9013.27
base+micro,rf_deep,rf,6,0.02,0.04,0.55,299,0.418,-22.82,26.61,0.66,6.7,-3.14,7717.59
base+micro,rf_deep,rf,6,0.02,0.04,0.6,201,0.413,-17.31,20.46,0.65,4.5,-2.72,8269.2
base+micro,rf_deep,rf,6,0.02,0.04,0.65,131,0.45,-10.47,14.58,0.71,2.9,-1.8,8952.76
base+micro,rf_deep,rf,6,0.02,0.04,0.7,91,0.385,-11.35,13.47,0.61,2.0,-2.22,8865.03
base+micro,rf_deep,rf,8,0.01,0.02,0.55,511,0.346,-33.59,35.22,0.63,11.4,-5.32,6641.06
base+micro,rf_deep,rf,8,0.01,0.02,0.6,345,0.316,-26.53,28.03,0.61,7.7,-4.7,7347.31
base+micro,rf_deep,rf,8,0.01,0.02,0.65,245,0.29,-23.83,24.38,0.54,5.5,-4.97,7617.08
base+micro,rf_deep,rf,8,0.01,0.02,0.7,153,0.307,-14.32,15.97,0.59,3.4,-3.44,8568.45
base+micro,rf_deep,rf,8,0.015,0.03,0.55,387,0.401,-26.13,29.41,0.65,8.7,-3.86,7386.7
base+micro,rf_deep,rf,8,0.015,0.03,0.6,241,0.378,-18.33,22.04,0.67,5.4,-2.89,8166.64
base+micro,rf_deep,rf,8,0.015,0.03,0.65,172,0.343,-16.43,19.72,0.62,3.9,-2.96,8356.89
base+micro,rf_deep,rf,8,0.015,0.03,0.7,108,0.315,-12.89,15.06,0.59,2.4,-2.76,8710.61
base+micro,rf_deep,rf,8,0.02,0.04,0.55,348,0.434,-26.26,29.51,0.64,7.8,-3.63,7373.71
base+micro,rf_deep,rf,8,0.02,0.04,0.6,214,0.411,-18.14,21.81,0.66,4.8,-2.67,8186.18
base+micro,rf_deep,rf,8,0.02,0.04,0.65,149,0.362,-16.28,20.07,0.61,3.3,-2.74,8371.57
base+micro,rf_deep,rf,8,0.02,0.04,0.7,90,0.344,-10.0,12.97,0.65,2.0,-1.93,8999.93
base+micro,rf_deep,rf,12,0.01,0.02,0.55,679,0.356,-40.36,42.32,0.64,15.2,-5.73,5963.91
base+micro,rf_deep,rf,12,0.01,0.02,0.6,422,0.339,-30.78,33.29,0.63,9.5,-4.96,6921.94
base+micro,rf_deep,rf,12,0.01,0.02,0.65,282,0.312,-24.51,26.42,0.59,6.3,-4.65,7549.19
base+micro,rf_deep,rf,12,0.01,0.02,0.7,187,0.294,-18.45,21.14,0.57,4.2,-4.12,8154.69
base+micro,rf_deep,rf,12,0.015,0.03,0.55,484,0.426,-26.6,32.16,0.72,10.8,-3.36,7339.64
base+micro,rf_deep,rf,12,0.015,0.03,0.6,293,0.416,-19.29,24.54,0.71,6.6,-2.74,8071.34
base+micro,rf_deep,rf,12,0.015,0.03,0.65,186,0.382,-16.96,19.48,0.65,4.2,-2.87,8304.11
base+micro,rf_deep,rf,12,0.015,0.03,0.7,123,0.358,-12.87,16.82,0.64,2.8,-2.51,8712.53
base+micro,rf_deep,rf,12,0.02,0.04,0.55,428,0.446,-23.77,29.53,0.74,9.6,-2.78,7623.49
base+micro,rf_deep,rf,12,0.02,0.04,0.6,259,0.432,-22.32,26.91,0.66,5.8,-3.01,7767.56
base+micro,rf_deep,rf,12,0.02,0.04,0.65,161,0.41,-13.7,18.5,0.71,3.6,-2.03,8630.42
base+micro,rf_deep,rf,12,0.02,0.04,0.7,101,0.386,-10.0,14.92,0.71,2.3,-1.71,8999.51
base+htf,xgb_light,xgb,6,0.01,0.02,0.55,2351,0.338,-86.51,86.55,0.48,52.7,-14.16,1348.52
base+htf,xgb_light,xgb,6,0.01,0.02,0.6,1939,0.34,-81.23,81.27,0.47,43.4,-13.61,1877.22
base+htf,xgb_light,xgb,6,0.01,0.02,0.65,1549,0.345,-72.71,72.79,0.5,34.7,-11.92,2729.42
base+htf,xgb_light,xgb,6,0.01,0.02,0.7,1204,0.336,-66.42,66.61,0.49,27.0,-11.18,3357.88
base+htf,xgb_light,xgb,6,0.015,0.03,0.55,2056,0.36,-80.76,80.92,0.51,46.1,-11.66,1923.51
base+htf,xgb_light,xgb,6,0.015,0.03,0.6,1679,0.365,-74.58,74.65,0.51,37.6,-10.88,2541.78
base+htf,xgb_light,xgb,6,0.015,0.03,0.65,1339,0.37,-65.66,65.77,0.53,30.0,-9.46,3433.68
base+htf,xgb_light,xgb,6,0.015,0.03,0.7,1025,0.367,-58.09,58.38,0.54,23.0,-8.51,4190.76
base+htf,xgb_light,xgb,6,0.02,0.04,0.55,1965,0.359,-79.15,79.25,0.51,44.0,-11.0,2084.64
base+htf,xgb_light,xgb,6,0.02,0.04,0.6,1591,0.366,-71.5,71.56,0.52,35.6,-9.78,2850.09
base+htf,xgb_light,xgb,6,0.02,0.04,0.65,1264,0.373,-62.2,62.32,0.55,28.3,-8.33,3780.48
base+htf,xgb_light,xgb,6,0.02,0.04,0.7,956,0.382,-55.38,55.69,0.54,21.4,-7.59,4461.97
base+htf,xgb_light,xgb,8,0.01,0.02,0.55,2122,0.342,-83.12,83.15,0.53,47.5,-12.24,1687.81
base+htf,xgb_light,xgb,8,0.01,0.02,0.6,1776,0.345,-77.19,77.23,0.54,39.8,-11.37,2280.66
base+htf,xgb_light,xgb,8,0.01,0.02,0.65,1438,0.343,-69.6,69.6,0.55,32.2,-10.21,3040.05
base+htf,xgb_light,xgb,8,0.01,0.02,0.7,1144,0.348,-59.97,60.88,0.58,25.6,-8.74,4002.51
base+htf,xgb_light,xgb,8,0.015,0.03,0.55,1778,0.363,-77.46,77.76,0.55,39.8,-10.06,2254.19
base+htf,xgb_light,xgb,8,0.015,0.03,0.6,1463,0.373,-69.01,69.28,0.56,32.8,-8.97,3099.37
base+htf,xgb_light,xgb,8,0.015,0.03,0.65,1157,0.375,-60.63,60.63,0.58,25.9,-8.01,3937.2
base+htf,xgb_light,xgb,8,0.015,0.03,0.7,915,0.379,-49.44,50.56,0.61,20.5,-6.47,5055.98
base+htf,xgb_light,xgb,8,0.02,0.04,0.55,1670,0.368,-75.46,75.86,0.54,37.4,-9.48,2454.45
base+htf,xgb_light,xgb,8,0.02,0.04,0.6,1373,0.379,-68.59,68.73,0.56,30.8,-8.4,3141.03
base+htf,xgb_light,xgb,8,0.02,0.04,0.65,1068,0.385,-58.91,59.3,0.58,23.9,-7.31,4108.97
base+htf,xgb_light,xgb,8,0.02,0.04,0.7,837,0.398,-45.81,47.62,0.63,18.7,-5.58,5419.21
base+htf,xgb_light,xgb,12,0.01,0.02,0.55,1982,0.351,-81.5,81.5,0.55,44.4,-11.32,1850.05
base+htf,xgb_light,xgb,12,0.01,0.02,0.6,1682,0.356,-74.43,74.78,0.59,37.7,-9.79,2556.52
base+htf,xgb_light,xgb,12,0.01,0.02,0.65,1378,0.351,-67.64,68.61,0.6,30.9,-8.85,3235.63
base+htf,xgb_light,xgb,12,0.01,0.02,0.7,1045,0.356,-54.47,54.81,0.63,23.4,-7.2,4552.77
base+htf,xgb_light,xgb,12,0.015,0.03,0.55,1557,0.385,-72.15,72.77,0.59,34.9,-8.59,2785.04
base+htf,xgb_light,xgb,12,0.015,0.03,0.6,1298,0.392,-66.01,66.82,0.6,29.1,-7.81,3398.64
base+htf,xgb_light,xgb,12,0.015,0.03,0.65,1057,0.389,-58.07,59.6,0.62,23.7,-6.76,4193.26
base+htf,xgb_light,xgb,12,0.015,0.03,0.7,792,0.408,-45.2,46.0,0.65,17.7,-5.44,5479.6
base+htf,xgb_light,xgb,12,0.02,0.04,0.55,1419,0.395,-68.62,69.45,0.6,31.8,-7.72,3138.09
base+htf,xgb_light,xgb,12,0.02,0.04,0.6,1186,0.409,-59.54,60.68,0.63,26.6,-6.43,4046.11
base+htf,xgb_light,xgb,12,0.02,0.04,0.65,952,0.411,-53.97,55.49,0.63,21.3,-5.92,4603.44
base+htf,xgb_light,xgb,12,0.02,0.04,0.7,710,0.42,-39.71,40.53,0.68,15.9,-4.37,6028.64
base+htf,xgb_std,xgb,6,0.01,0.02,0.55,1702,0.349,-75.88,75.88,0.49,38.1,-12.5,2412.14
base+htf,xgb_std,xgb,6,0.01,0.02,0.6,1422,0.349,-70.29,70.29,0.49,31.9,-11.74,2971.09
base+htf,xgb_std,xgb,6,0.01,0.02,0.65,1137,0.346,-61.47,61.73,0.52,25.5,-9.99,3852.8
base+htf,xgb_std,xgb,6,0.01,0.02,0.7,902,0.349,-54.55,54.65,0.52,20.2,-9.06,4545.09
base+htf,xgb_std,xgb,6,0.015,0.03,0.55,1489,0.372,-67.45,67.45,0.54,33.4,-9.57,3255.4
base+htf,xgb_std,xgb,6,0.015,0.03,0.6,1238,0.366,-63.18,63.18,0.53,27.7,-9.25,3682.07
base+htf,xgb_std,xgb,6,0.015,0.03,0.65,984,0.371,-53.44,53.93,0.56,22.0,-7.54,4655.78
base+htf,xgb_std,xgb,6,0.015,0.03,0.7,756,0.381,-44.76,45.17,0.58,16.9,-6.37,5524.41
base+htf,xgb_std,xgb,6,0.02,0.04,0.55,1425,0.382,-65.2,65.2,0.55,31.9,-8.67,3479.85
base+htf,xgb_std,xgb,6,0.02,0.04,0.6,1173,0.381,-59.65,59.65,0.55,26.3,-8.11,4035.02
base+htf,xgb_std,xgb,6,0.02,0.04,0.65,919,0.382,-49.0,49.53,0.59,20.6,-6.38,5099.64
base+htf,xgb_std,xgb,6,0.02,0.04,0.7,712,0.399,-40.23,40.62,0.62,15.9,-5.21,5977.12
base+htf,xgb_std,xgb,8,0.01,0.02,0.55,1553,0.343,-73.46,73.46,0.53,34.8,-10.98,2653.99
base+htf,xgb_std,xgb,8,0.01,0.02,0.6,1306,0.354,-65.45,65.45,0.55,29.3,-9.82,3454.64
base+htf,xgb_std,xgb,8,0.01,0.02,0.65,1043,0.355,-58.1,58.11,0.57,23.4,-8.58,4190.47
base+htf,xgb_std,xgb,8,0.01,0.02,0.7,838,0.342,-52.17,52.17,0.56,18.8,-8.05,4782.67
base+htf,xgb_std,xgb,8,0.015,0.03,0.55,1295,0.384,-64.98,65.32,0.55,29.0,-8.87,3501.78
base+htf,xgb_std,xgb,8,0.015,0.03,0.6,1075,0.384,-56.52,56.9,0.57,24.1,-7.79,4347.78
base+htf,xgb_std,xgb,8,0.015,0.03,0.65,839,0.389,-48.09,48.37,0.6,18.8,-6.53,5190.71
base+htf,xgb_std,xgb,8,0.015,0.03,0.7,672,0.391,-41.15,41.54,0.61,15.1,-5.78,5884.56
base+htf,xgb_std,xgb,8,0.02,0.04,0.55,1219,0.395,-62.4,63.03,0.56,27.3,-7.96,3760.46
base+htf,xgb_std,xgb,8,0.02,0.04,0.6,1013,0.395,-56.13,56.62,0.55,22.7,-7.49,4387.02
base+htf,xgb_std,xgb,8,0.02,0.04,0.65,780,0.401,-47.81,47.92,0.59,17.5,-6.13,5219.49
base+htf,xgb_std,xgb,8,0.02,0.04,0.7,617,0.404,-38.38,39.05,0.62,13.8,-4.96,6162.38
base+htf,xgb_std,xgb,12,0.01,0.02,0.55,1540,0.347,-73.93,74.19,0.56,34.5,-10.42,2607.28
base+htf,xgb_std,xgb,12,0.01,0.02,0.6,1301,0.355,-65.27,65.3,0.59,29.1,-8.87,3473.11
base+htf,xgb_std,xgb,12,0.01,0.02,0.65,1057,0.358,-56.33,56.54,0.61,23.7,-7.82,4366.74
base+htf,xgb_std,xgb,12,0.01,0.02,0.7,820,0.354,-46.47,47.42,0.63,18.4,-6.48,5353.33
base+htf,xgb_std,xgb,12,0.015,0.03,0.55,1211,0.382,-64.78,65.43,0.59,27.1,-7.74,3522.11
base+htf,xgb_std,xgb,12,0.015,0.03,0.6,1009,0.389,-57.36,58.32,0.61,22.6,-6.89,4264.09
base+htf,xgb_std,xgb,12,0.015,0.03,0.65,832,0.397,-50.45,50.51,0.62,18.6,-6.31,4955.4
base+htf,xgb_std,xgb,12,0.015,0.03,0.7,628,0.409,-35.97,37.88,0.69,14.1,-4.31,6402.92
base+htf,xgb_std,xgb,12,0.02,0.04,0.55,1096,0.394,-60.47,61.38,0.61,24.6,-6.84,3953.28
base+htf,xgb_std,xgb,12,0.02,0.04,0.6,914,0.407,-47.48,49.04,0.67,20.5,-5.06,5251.96
base+htf,xgb_std,xgb,12,0.02,0.04,0.65,750,0.407,-44.97,45.44,0.64,16.8,-5.15,5503.03
base+htf,xgb_std,xgb,12,0.02,0.04,0.7,561,0.417,-35.42,38.35,0.67,12.6,-4.13,6458.49
base+htf,xgb_deep,xgb,6,0.01,0.02,0.55,1096,0.359,-60.4,60.45,0.51,24.6,-9.98,3959.77
base+htf,xgb_deep,xgb,6,0.01,0.02,0.6,871,0.356,-51.32,51.35,0.54,19.5,-8.51,4868.48
base+htf,xgb_deep,xgb,6,0.01,0.02,0.65,693,0.355,-44.76,45.16,0.53,15.5,-7.77,5523.8
base+htf,xgb_deep,xgb,6,0.01,0.02,0.7,526,0.333,-40.87,41.52,0.49,11.8,-7.83,5913.46
base+htf,xgb_deep,xgb,6,0.015,0.03,0.55,935,0.384,-51.96,52.02,0.56,20.9,-7.43,4803.68
base+htf,xgb_deep,xgb,6,0.015,0.03,0.6,745,0.393,-42.48,42.87,0.59,16.7,-6.16,5752.43
base+htf,xgb_deep,xgb,6,0.015,0.03,0.65,590,0.388,-37.62,38.5,0.58,13.2,-5.77,6237.79
base+htf,xgb_deep,xgb,6,0.015,0.03,0.7,444,0.376,-31.41,34.1,0.58,9.9,-5.1,6859.29
base+htf,xgb_deep,xgb,6,0.02,0.04,0.55,880,0.399,-49.46,49.52,0.57,19.7,-6.74,5053.84
base+htf,xgb_deep,xgb,6,0.02,0.04,0.6,694,0.408,-40.04,41.67,0.61,15.5,-5.4,5996.21
base+htf,xgb_deep,xgb,6,0.02,0.04,0.65,549,0.412,-32.31,34.15,0.63,12.3,-4.45,6769.49
base+htf,xgb_deep,xgb,6,0.02,0.04,0.7,412,0.403,-29.19,32.38,0.6,9.2,-4.3,7081.37
base+htf,xgb_deep,xgb,8,0.01,0.02,0.55,1161,0.342,-63.78,63.78,0.54,26.0,-9.75,3622.11
base+htf,xgb_deep,xgb,8,0.01,0.02,0.6,961,0.344,-56.58,56.68,0.55,21.5,-8.66,4342.23
base+htf,xgb_deep,xgb,8,0.01,0.02,0.65,760,0.341,-49.81,50.16,0.54,17.0,-8.1,5019.42
base+htf,xgb_deep,xgb,8,0.01,0.02,0.7,586,0.323,-43.24,43.25,0.53,13.1,-7.47,5676.1
base+htf,xgb_deep,xgb,8,0.015,0.03,0.55,950,0.382,-49.88,50.52,0.61,21.3,-6.48,5011.89
base+htf,xgb_deep,xgb,8,0.015,0.03,0.6,782,0.382,-44.53,45.01,0.6,17.5,-6.23,5547.37
base+htf,xgb_deep,xgb,8,0.015,0.03,0.65,618,0.383,-38.78,40.39,0.6,13.8,-5.69,6122.2
base+htf,xgb_deep,xgb,8,0.015,0.03,0.7,468,0.385,-33.14,33.62,0.58,10.5,-5.2,6685.73
base+htf,xgb_deep,xgb,8,0.02,0.04,0.55,892,0.392,-49.92,50.19,0.59,20.0,-6.33,5008.3
base+htf,xgb_deep,xgb,8,0.02,0.04,0.6,729,0.395,-44.13,44.55,0.6,16.3,-5.8,5586.72
base+htf,xgb_deep,xgb,8,0.02,0.04,0.65,570,0.402,-36.72,38.73,0.6,12.8,-5.11,6327.76
base+htf,xgb_deep,xgb,8,0.02,0.04,0.7,430,0.398,-32.4,33.09,0.57,9.6,-4.78,6759.7
base+htf,xgb_deep,xgb,12,0.01,0.02,0.55,1241,0.355,-63.31,64.51,0.6,27.8,-8.52,3669.47
base+htf,xgb_deep,xgb,12,0.01,0.02,0.6,1012,0.356,-56.24,57.75,0.59,22.7,-7.98,4375.92
base+htf,xgb_deep,xgb,12,0.01,0.02,0.65,803,0.339,-52.81,53.31,0.55,18.0,-8.38,4719.42
base+htf,xgb_deep,xgb,12,0.01,0.02,0.7,604,0.343,-42.93,43.82,0.55,13.5,-7.26,5706.55
base+htf,xgb_deep,xgb,12,0.015,0.03,0.55,966,0.401,-52.96,54.69,0.63,21.6,-6.31,4703.94
base+htf,xgb_deep,xgb,12,0.015,0.03,0.6,795,0.401,-48.47,50.3,0.61,17.8,-6.07,5153.32
base+htf,xgb_deep,xgb,12,0.015,0.03,0.65,633,0.39,-43.99,44.41,0.59,14.2,-5.98,5600.8
base+htf,xgb_deep,xgb,12,0.015,0.03,0.7,483,0.404,-34.85,36.56,0.61,10.8,-5.04,6514.94
base+htf,xgb_deep,xgb,12,0.02,0.04,0.55,880,0.412,-51.64,53.97,0.62,19.7,-5.81,4835.65
base+htf,xgb_deep,xgb,12,0.02,0.04,0.6,714,0.423,-40.87,43.79,0.66,16.0,-4.7,5912.57
base+htf,xgb_deep,xgb,12,0.02,0.04,0.65,561,0.412,-34.97,37.21,0.65,12.6,-4.37,6503.05
base+htf,xgb_deep,xgb,12,0.02,0.04,0.7,432,0.424,-29.88,32.1,0.64,9.7,-3.95,7012.18
base+htf,xgb_ens_std,xgb_ensemble,6,0.01,0.02,0.55,1646,0.342,-74.83,74.86,0.49,36.9,-12.32,2517.18
base+htf,xgb_ens_std,xgb_ensemble,6,0.01,0.02,0.6,1550,0.345,-73.46,73.49,0.5,34.7,-12.02,2654.34
base+htf,xgb_ens_std,xgb_ensemble,6,0.01,0.02,0.65,1438,0.352,-70.35,70.39,0.5,32.2,-11.55,2964.63
base+htf,xgb_ens_std,xgb_ensemble,6,0.01,0.02,0.7,1330,0.352,-67.74,67.74,0.51,29.8,-11.02,3225.51
base+htf,xgb_ens_std,xgb_ensemble,6,0.015,0.03,0.55,1428,0.361,-67.54,67.58,0.53,32.0,-9.74,3245.97
base+htf,xgb_ens_std,xgb_ensemble,6,0.015,0.03,0.6,1345,0.365,-66.29,66.33,0.53,30.1,-9.54,3371.24
base+htf,xgb_ens_std,xgb_ensemble,6,0.015,0.03,0.65,1248,0.376,-62.61,62.66,0.54,28.0,-9.01,3738.93
base+htf,xgb_ens_std,xgb_ensemble,6,0.015,0.03,0.7,1149,0.378,-60.34,60.38,0.54,25.7,-8.71,3965.76
base+htf,xgb_ens_std,xgb_ensemble,6,0.02,0.04,0.55,1363,0.375,-64.3,64.34,0.54,30.5,-8.72,3570.09
base+htf,xgb_ens_std,xgb_ensemble,6,0.02,0.04,0.6,1277,0.381,-62.63,62.68,0.55,28.6,-8.4,3736.61
base+htf,xgb_ens_std,xgb_ensemble,6,0.02,0.04,0.65,1179,0.394,-58.19,58.24,0.57,26.4,-7.76,4181.19
base+htf,xgb_ens_std,xgb_ensemble,6,0.02,0.04,0.7,1082,0.392,-56.27,56.32,0.56,24.2,-7.53,4372.64
base+htf,xgb_ens_std,xgb_ensemble,8,0.01,0.02,0.55,1555,0.349,-70.32,70.32,0.56,34.8,-10.17,2968.16
base+htf,xgb_ens_std,xgb_ensemble,8,0.01,0.02,0.6,1467,0.35,-68.52,68.61,0.56,32.9,-9.9,3147.76
base+htf,xgb_ens_std,xgb_ensemble,8,0.01,0.02,0.65,1386,0.354,-66.89,66.89,0.56,31.0,-9.72,3311.42
base+htf,xgb_ens_std,xgb_ensemble,8,0.01,0.02,0.7,1279,0.357,-64.12,64.16,0.57,28.6,-9.35,3588.39
base+htf,xgb_ens_std,xgb_ensemble,8,0.015,0.03,0.55,1287,0.38,-62.46,63.06,0.58,28.8,-8.19,3754.25
base+htf,xgb_ens_std,xgb_ensemble,8,0.015,0.03,0.6,1212,0.378,-60.7,61.67,0.58,27.1,-8.08,3930.45
base+htf,xgb_ens_std,xgb_ensemble,8,0.015,0.03,0.65,1137,0.398,-55.49,56.65,0.61,25.5,-7.17,4451.49
base+htf,xgb_ens_std,xgb_ensemble,8,0.015,0.03,0.7,1040,0.393,-53.38,54.28,0.6,23.3,-7.11,4661.79
base+htf,xgb_ens_std,xgb_ensemble,8,0.02,0.04,0.55,1209,0.387,-60.85,61.73,0.57,27.1,-7.78,3914.53
base+htf,xgb_ens_std,xgb_ensemble,8,0.02,0.04,0.6,1137,0.391,-58.26,59.08,0.57,25.5,-7.51,4173.54
base+htf,xgb_ens_std,xgb_ensemble,8,0.02,0.04,0.65,1061,0.41,-54.23,55.39,0.59,23.8,-6.88,4576.94
base+htf,xgb_ens_std,xgb_ensemble,8,0.02,0.04,0.7,970,0.411,-51.19,51.94,0.6,21.7,-6.55,4881.02
base+htf,xgb_ens_std,xgb_ensemble,12,0.01,0.02,0.55,1558,0.359,-71.67,72.22,0.6,34.9,-9.32,2832.51
base+htf,xgb_ens_std,xgb_ensemble,12,0.01,0.02,0.6,1451,0.357,-69.32,69.87,0.59,32.5,-9.18,3068.09
base+htf,xgb_ens_std,xgb_ensemble,12,0.01,0.02,0.65,1366,0.356,-65.8,66.82,0.61,30.6,-8.55,3419.8
base+htf,xgb_ens_std,xgb_ensemble,12,0.01,0.02,0.7,1277,0.356,-63.15,64.23,0.62,28.6,-8.18,3684.65
base+htf,xgb_ens_std,xgb_ensemble,12,0.015,0.03,0.55,1209,0.398,-61.62,62.71,0.63,27.1,-7.06,3837.7
base+htf,xgb_ens_std,xgb_ensemble,12,0.015,0.03,0.6,1109,0.404,-57.52,59.3,0.63,24.8,-6.63,4248.21
base+htf,xgb_ens_std,xgb_ensemble,12,0.015,0.03,0.65,1052,0.395,-56.62,58.9,0.63,23.6,-6.66,4338.49
base+htf,xgb_ens_std,xgb_ensemble,12,0.015,0.03,0.7,980,0.399,-53.72,55.27,0.64,22.0,-6.23,4627.58
base+htf,xgb_ens_std,xgb_ensemble,12,0.02,0.04,0.55,1103,0.414,-57.84,59.08,0.64,24.7,-6.24,4215.89
base+htf,xgb_ens_std,xgb_ensemble,12,0.02,0.04,0.6,1019,0.413,-53.98,56.14,0.65,22.8,-5.8,4601.82
base+htf,xgb_ens_std,xgb_ensemble,12,0.02,0.04,0.65,963,0.41,-51.76,54.47,0.65,21.6,-5.57,4824.17
base+htf,xgb_ens_std,xgb_ensemble,12,0.02,0.04,0.7,894,0.412,-48.89,51.22,0.66,20.0,-5.2,5111.41
base+htf,rf_light,rf,6,0.01,0.02,0.55,1645,0.342,-76.92,76.92,0.48,36.8,-12.96,2308.0
base+htf,rf_light,rf,6,0.01,0.02,0.6,1095,0.365,-58.31,59.39,0.56,24.5,-8.98,4168.52
base+htf,rf_light,rf,6,0.01,0.02,0.65,689,0.348,-46.65,47.68,0.54,15.4,-7.84,5334.52
base+htf,rf_light,rf,6,0.01,0.02,0.7,424,0.34,-33.41,34.12,0.55,9.5,-6.09,6659.18
base+htf,rf_light,rf,6,0.015,0.03,0.55,1407,0.356,-70.9,70.9,0.5,31.5,-10.76,2910.25
base+htf,rf_light,rf,6,0.015,0.03,0.6,913,0.39,-50.36,51.88,0.59,20.5,-6.95,4964.32
base+htf,rf_light,rf,6,0.015,0.03,0.65,556,0.381,-37.0,38.67,0.6,12.5,-5.45,6299.9
base+htf,rf_light,rf,6,0.015,0.03,0.7,329,0.377,-27.39,28.27,0.59,7.4,-4.47,7261.17
base+htf,rf_light,rf,6,0.02,0.04,0.55,1327,0.369,-69.16,69.16,0.5,29.7,-10.03,3084.13
base+htf,rf_light,rf,6,0.02,0.04,0.6,851,0.411,-49.21,50.73,0.59,19.1,-6.45,5079.19
base+htf,rf_light,rf,6,0.02,0.04,0.65,514,0.407,-34.88,36.59,0.61,11.5,-4.85,6512.46
base+htf,rf_light,rf,6,0.02,0.04,0.7,295,0.4,-25.82,26.78,0.59,6.6,-3.98,7418.42
base+htf,rf_light,rf,8,0.01,0.02,0.55,1741,0.334,-78.56,78.56,0.52,39.0,-11.83,2143.75
base+htf,rf_light,rf,8,0.01,0.02,0.6,1154,0.356,-58.73,58.73,0.6,25.8,-8.17,4126.97
base+htf,rf_light,rf,8,0.01,0.02,0.65,698,0.334,-45.54,47.81,0.59,15.6,-6.87,5446.48
base+htf,rf_light,rf,8,0.01,0.02,0.7,404,0.312,-32.92,33.95,0.57,9.0,-5.8,6707.87
base+htf,rf_light,rf,8,0.015,0.03,0.55,1425,0.372,-69.57,70.0,0.56,31.9,-9.09,3042.52
base+htf,rf_light,rf,8,0.015,0.03,0.6,920,0.397,-50.44,50.78,0.62,20.6,-6.37,4956.3
base+htf,rf_light,rf,8,0.015,0.03,0.65,516,0.386,-34.65,37.78,0.64,11.6,-4.65,6535.28
base+htf,rf_light,rf,8,0.015,0.03,0.7,285,0.354,-25.49,27.54,0.59,6.4,-4.15,7450.79
base+htf,rf_light,rf,8,0.02,0.04,0.55,1324,0.384,-66.89,67.46,0.56,29.7,-8.38,3311.39
base+htf,rf_light,rf,8,0.02,0.04,0.6,852,0.411,-46.12,46.7,0.64,19.1,-5.43,5388.37
base+htf,rf_light,rf,8,0.02,0.04,0.65,475,0.427,-30.9,35.29,0.67,10.6,-3.74,6910.31
base+htf,rf_light,rf,8,0.02,0.04,0.7,253,0.383,-24.57,27.37,0.59,5.7,-3.71,7542.51
base+htf,rf_light,rf,12,0.01,0.02,0.55,1713,0.347,-76.01,76.49,0.58,38.4,-10.15,2398.78
base+htf,rf_light,rf,12,0.01,0.02,0.6,1147,0.356,-61.97,62.3,0.58,25.7,-8.74,3803.31
base+htf,rf_light,rf,12,0.01,0.02,0.65,680,0.356,-42.11,46.54,0.62,15.2,-6.17,5788.69
base+htf,rf_light,rf,12,0.01,0.02,0.7,381,0.325,-31.45,32.99,0.58,8.5,-5.46,6855.22
base+htf,rf_light,rf,12,0.015,0.03,0.55,1303,0.388,-65.95,66.94,0.6,29.2,-7.87,3404.9
base+htf,rf_light,rf,12,0.015,0.03,0.6,847,0.403,-49.39,51.66,0.63,19.0,-6.05,5060.86
base+htf,rf_light,rf,12,0.015,0.03,0.65,485,0.404,-32.92,38.75,0.65,10.9,-4.39,6708.08
base+htf,rf_light,rf,12,0.015,0.03,0.7,254,0.378,-23.09,25.18,0.62,5.7,-3.63,7690.69
base+htf,rf_light,rf,12,0.02,0.04,0.55,1178,0.396,-61.83,63.02,0.61,26.4,-7.01,3816.65
base+htf,rf_light,rf,12,0.02,0.04,0.6,762,0.423,-43.13,46.66,0.67,17.1,-4.83,5687.22
base+htf,rf_light,rf,12,0.02,0.04,0.65,425,0.426,-28.57,36.97,0.69,9.5,-3.47,7142.58
base+htf,rf_light,rf,12,0.02,0.04,0.7,221,0.389,-23.54,25.15,0.61,5.0,-3.45,7646.31
base+htf,rf_std,rf,6,0.01,0.02,0.55,764,0.363,-45.32,47.01,0.58,17.1,-7.18,5467.72
base+htf,rf_std,rf,6,0.01,0.02,0.6,504,0.345,-35.69,37.32,0.57,11.3,-6.23,6430.72
base+htf,rf_std,rf,6,0.01,0.02,0.65,328,0.345,-27.32,28.67,0.54,7.3,-5.49,7268.31
base+htf,rf_std,rf,6,0.01,0.02,0.7,225,0.324,-19.56,21.41,0.57,5.0,-4.26,8044.14
base+htf,rf_std,rf,6,0.015,0.03,0.55,624,0.394,-35.9,37.75,0.63,14.0,-5.01,6410.5
base+htf,rf_std,rf,6,0.015,0.03,0.6,400,0.38,-30.02,32.03,0.6,9.0,-4.66,6998.08
base+htf,rf_std,rf,6,0.015,0.03,0.65,252,0.393,-19.64,21.92,0.63,5.6,-3.43,8035.68
base+htf,rf_std,rf,6,0.015,0.03,0.7,163,0.387,-12.0,14.96,0.68,3.7,-2.32,8799.56
base+htf,rf_std,rf,6,0.02,0.04,0.55,583,0.422,-34.83,36.86,0.64,13.1,-4.59,6516.56
base+htf,rf_std,rf,6,0.02,0.04,0.6,364,0.409,-25.66,28.3,0.64,8.2,-3.67,7434.08
base+htf,rf_std,rf,6,0.02,0.04,0.65,220,0.432,-16.32,19.66,0.66,4.9,-2.62,8367.8
base+htf,rf_std,rf,6,0.02,0.04,0.7,143,0.448,-9.08,12.66,0.74,3.2,-1.6,9092.39
base+htf,rf_std,rf,8,0.01,0.02,0.55,848,0.346,-49.39,51.1,0.61,19.0,-6.97,5060.89
base+htf,rf_std,rf,8,0.01,0.02,0.6,557,0.345,-36.14,38.46,0.62,12.5,-5.55,6385.83
base+htf,rf_std,rf,8,0.01,0.02,0.65,343,0.309,-29.29,30.24,0.56,7.7,-5.47,7071.4
base+htf,rf_std,rf,8,0.01,0.02,0.7,217,0.29,-20.65,22.26,0.55,4.9,-4.57,7934.76
base+htf,rf_std,rf,8,0.015,0.03,0.55,657,0.394,-39.29,42.13,0.64,14.7,-5.03,6071.08
base+htf,rf_std,rf,8,0.015,0.03,0.6,411,0.387,-28.13,30.94,0.65,9.2,-3.95,7187.11
base+htf,rf_std,rf,8,0.015,0.03,0.65,245,0.363,-20.81,23.34,0.62,5.5,-3.47,7919.04
base+htf,rf_std,rf,8,0.015,0.03,0.7,153,0.346,-16.94,19.1,0.57,3.4,-3.37,8305.58
base+htf,rf_std,rf,8,0.02,0.04,0.55,608,0.419,-34.9,38.32,0.67,13.6,-4.09,6510.26
base+htf,rf_std,rf,8,0.02,0.04,0.6,375,0.432,-25.97,29.67,0.67,8.4,-3.31,7402.53
base+htf,rf_std,rf,8,0.02,0.04,0.65,219,0.384,-20.39,23.11,0.62,4.9,-3.17,7960.75
base+htf,rf_std,rf,8,0.02,0.04,0.7,132,0.379,-13.36,16.19,0.63,3.0,-2.39,8664.21
base+htf,rf_std,rf,12,0.01,0.02,0.55,1043,0.363,-55.21,57.15,0.62,23.4,-7.45,4478.8
base+htf,rf_std,rf,12,0.01,0.02,0.6,668,0.371,-40.26,43.94,0.64,15.0,-5.76,5974.17
base+htf,rf_std,rf,12,0.01,0.02,0.65,423,0.338,-31.59,34.14,0.6,9.5,-5.3,6840.95
base+htf,rf_std,rf,12,0.01,0.02,0.7,267,0.307,-25.09,26.01,0.56,6.0,-4.92,7491.05
base+htf,rf_std,rf,12,0.015,0.03,0.55,767,0.412,-43.18,45.67,0.66,17.2,-5.2,5681.7
base+htf,rf_std,rf,12,0.015,0.03,0.6,486,0.426,-31.27,35.34,0.67,10.9,-4.07,6872.58
base+htf,rf_std,rf,12,0.015,0.03,0.65,290,0.41,-20.31,23.76,0.69,6.5,-3.0,7968.97
base+htf,rf_std,rf,12,0.015,0.03,0.7,178,0.371,-18.86,20.0,0.6,4.0,-3.4,8113.62
base+htf,rf_std,rf,12,0.02,0.04,0.55,693,0.426,-42.24,45.41,0.66,15.5,-4.76,5776.02
base+htf,rf_std,rf,12,0.02,0.04,0.6,434,0.435,-29.93,35.55,0.67,9.7,-3.63,7007.38
base+htf,rf_std,rf,12,0.02,0.04,0.65,253,0.435,-20.58,24.3,0.68,5.7,-2.81,7941.92
base+htf,rf_std,rf,12,0.02,0.04,0.7,149,0.396,-16.55,17.86,0.63,3.3,-2.7,8344.9
base+htf,rf_deep,rf,6,0.01,0.02,0.55,370,0.338,-29.11,30.59,0.56,8.3,-5.5,7088.97
base+htf,rf_deep,rf,6,0.01,0.02,0.6,269,0.331,-22.07,23.57,0.58,6.0,-4.51,7793.16
base+htf,rf_deep,rf,6,0.01,0.02,0.65,187,0.299,-19.81,20.68,0.5,4.2,-4.82,8018.56
base+htf,rf_deep,rf,6,0.01,0.02,0.7,137,0.328,-11.72,14.06,0.61,3.1,-3.01,8827.86
base+htf,rf_deep,rf,6,0.015,0.03,0.55,285,0.379,-23.09,24.8,0.61,6.4,-3.87,7690.86
base+htf,rf_deep,rf,6,0.015,0.03,0.6,194,0.387,-14.33,16.74,0.66,4.3,-2.66,8566.72
base+htf,rf_deep,rf,6,0.015,0.03,0.65,134,0.373,-10.9,13.42,0.66,3.0,-2.3,8910.03
base+htf,rf_deep,rf,6,0.015,0.03,0.7,95,0.432,-4.14,7.45,0.82,2.1,-0.95,9586.48
base+htf,rf_deep,rf,6,0.02,0.04,0.55,253,0.411,-19.38,21.1,0.65,5.7,-3.0,8062.42
base+htf,rf_deep,rf,6,0.02,0.04,0.6,174,0.414,-13.91,17.65,0.67,3.9,-2.32,8608.62
base+htf,rf_deep,rf,6,0.02,0.04,0.65,121,0.43,-10.61,13.12,0.67,2.7,-2.01,8939.27
base+htf,rf_deep,rf,6,0.02,0.04,0.7,85,0.494,-1.99,6.07,0.91,1.9,-0.39,9800.66
base+htf,rf_deep,rf,8,0.01,0.02,0.55,419,0.339,-31.31,32.39,0.59,9.4,-5.45,6868.55
base+htf,rf_deep,rf,8,0.01,0.02,0.6,284,0.296,-25.67,26.35,0.55,6.4,-5.11,7432.66
base+htf,rf_deep,rf,8,0.01,0.02,0.65,200,0.295,-19.18,20.89,0.55,4.5,-4.38,8081.87
base+htf,rf_deep,rf,8,0.01,0.02,0.7,138,0.29,-13.68,14.82,0.56,3.1,-3.56,8632.46
base+htf,rf_deep,rf,8,0.015,0.03,0.55,307,0.397,-22.15,25.52,0.66,6.9,-3.37,7785.34
base+htf,rf_deep,rf,8,0.015,0.03,0.6,204,0.338,-20.7,21.88,0.58,4.6,-3.72,7930.1
base+htf,rf_deep,rf,8,0.015,0.03,0.65,135,0.363,-15.15,16.52,0.56,3.0,-3.22,8484.67
base+htf,rf_deep,rf,8,0.015,0.03,0.7,91,0.363,-8.44,10.69,0.65,2.0,-2.0,9155.63
base+htf,rf_deep,rf,8,0.02,0.04,0.55,276,0.442,-20.25,24.5,0.67,6.2,-2.86,7974.51
base+htf,rf_deep,rf,8,0.02,0.04,0.6,178,0.376,-15.89,18.18,0.65,4.0,-2.55,8411.07
base+htf,rf_deep,rf,8,0.02,0.04,0.65,121,0.364,-13.55,15.68,0.61,2.7,-2.51,8645.2
base+htf,rf_deep,rf,8,0.02,0.04,0.7,79,0.392,-8.41,11.17,0.64,1.8,-1.8,9158.79
base+htf,rf_deep,rf,12,0.01,0.02,0.55,539,0.351,-35.9,39.59,0.62,12.1,-5.52,6410.16
base+htf,rf_deep,rf,12,0.01,0.02,0.6,358,0.335,-27.61,29.75,0.61,8.0,-4.75,7238.55
base+htf,rf_deep,rf,12,0.01,0.02,0.65,258,0.314,-23.25,24.2,0.57,5.8,-4.63,7674.58
base+htf,rf_deep,rf,12,0.01,0.02,0.7,181,0.315,-15.32,17.5,0.63,4.1,-3.34,8468.16
base+htf,rf_deep,rf,12,0.015,0.03,0.55,388,0.42,-25.7,30.46,0.68,8.7,-3.51,7429.88
base+htf,rf_deep,rf,12,0.015,0.03,0.6,245,0.404,-20.41,22.89,0.64,5.5,-3.27,7958.55
base+htf,rf_deep,rf,12,0.015,0.03,0.65,170,0.388,-15.58,16.76,0.64,3.8,-2.84,8442.22
base+htf,rf_deep,rf,12,0.015,0.03,0.7,112,0.411,-7.64,10.64,0.75,2.5,-1.52,9235.61
base+htf,rf_deep,rf,12,0.02,0.04,0.55,347,0.438,-25.93,31.28,0.68,7.8,-3.24,7407.14
base+htf,rf_deep,rf,12,0.02,0.04,0.6,217,0.429,-19.98,22.76,0.64,4.9,-2.93,8001.59
base+htf,rf_deep,rf,12,0.02,0.04,0.65,146,0.397,-15.73,17.1,0.63,3.3,-2.58,8426.79
base+htf,rf_deep,rf,12,0.02,0.04,0.7,93,0.43,-6.5,9.85,0.78,2.1,-1.14,9349.76
base+div,xgb_light,xgb,6,0.01,0.02,0.55,2652,0.334,-88.99,89.06,0.49,59.4,-14.32,1100.78
base+div,xgb_light,xgb,6,0.01,0.02,0.6,2273,0.348,-84.82,84.82,0.5,50.9,-13.5,1517.62
base+div,xgb_light,xgb,6,0.01,0.02,0.65,1869,0.34,-78.37,78.37,0.51,41.9,-12.13,2163.01
base+div,xgb_light,xgb,6,0.01,0.02,0.7,1472,0.342,-70.89,70.95,0.52,33.0,-11.17,2911.4
base+div,xgb_light,xgb,6,0.015,0.03,0.55,2343,0.345,-85.56,85.67,0.5,52.5,-12.47,1444.43
base+div,xgb_light,xgb,6,0.015,0.03,0.6,1981,0.363,-80.37,80.37,0.51,44.4,-11.5,1962.53
base+div,xgb_light,xgb,6,0.015,0.03,0.65,1624,0.359,-72.44,72.44,0.54,36.4,-9.99,2756.42
base+div,xgb_light,xgb,6,0.015,0.03,0.7,1257,0.369,-62.71,62.79,0.56,28.2,-8.58,3728.71
base+div,xgb_light,xgb,6,0.02,0.04,0.55,2236,0.351,-83.74,83.84,0.5,50.1,-11.68,1625.74
base+div,xgb_light,xgb,6,0.02,0.04,0.6,1884,0.375,-76.92,76.92,0.52,42.2,-10.47,2307.55
base+div,xgb_light,xgb,6,0.02,0.04,0.65,1542,0.367,-69.58,69.58,0.55,34.5,-9.04,3041.51
base+div,xgb_light,xgb,6,0.02,0.04,0.7,1179,0.379,-59.1,59.19,0.57,26.4,-7.6,4089.91
base+div,xgb_light,xgb,8,0.01,0.02,0.55,2240,0.342,-85.3,85.46,0.53,50.2,-12.51,1470.14
base+div,xgb_light,xgb,8,0.01,0.02,0.6,1889,0.352,-78.22,78.3,0.55,42.3,-11.29,2177.95
base+div,xgb_light,xgb,8,0.01,0.02,0.65,1537,0.347,-72.94,72.94,0.54,34.4,-10.98,2705.77
base+div,xgb_light,xgb,8,0.01,0.02,0.7,1207,0.341,-64.75,64.75,0.55,27.0,-9.71,3525.47
base+div,xgb_light,xgb,8,0.015,0.03,0.55,1858,0.382,-77.33,77.54,0.56,41.6,-9.91,2267.05
base+div,xgb_light,xgb,8,0.015,0.03,0.6,1550,0.387,-67.67,68.17,0.59,34.7,-8.39,3233.31
base+div,xgb_light,xgb,8,0.015,0.03,0.65,1251,0.384,-63.61,63.86,0.58,28.0,-8.22,3639.09
base+div,xgb_light,xgb,8,0.015,0.03,0.7,964,0.385,-53.85,54.32,0.59,21.6,-7.04,4614.83
base+div,xgb_light,xgb,8,0.02,0.04,0.55,1742,0.384,-75.31,75.56,0.56,39.0,-9.11,2468.76
base+div,xgb_light,xgb,8,0.02,0.04,0.6,1447,0.402,-65.58,66.03,0.59,32.4,-7.69,3441.91
base+div,xgb_light,xgb,8,0.02,0.04,0.65,1158,0.396,-60.96,61.07,0.57,25.9,-7.53,3904.04
base+div,xgb_light,xgb,8,0.02,0.04,0.7,890,0.388,-50.87,51.39,0.6,19.9,-6.3,4913.3
base+div,xgb_light,xgb,12,0.01,0.02,0.55,1941,0.356,-79.1,79.74,0.58,43.5,-10.43,2089.6
base+div,xgb_light,xgb,12,0.01,0.02,0.6,1679,0.353,-74.94,75.29,0.58,37.6,-10.02,2505.72
base+div,xgb_light,xgb,12,0.01,0.02,0.65,1407,0.35,-68.48,68.95,0.59,31.5,-9.33,3152.43
base+div,xgb_light,xgb,12,0.01,0.02,0.7,1099,0.349,-56.79,56.79,0.62,24.6,-7.59,4320.62
base+div,xgb_light,xgb,12,0.015,0.03,0.55,1520,0.393,-71.97,72.75,0.59,34.0,-8.49,2802.78
base+div,xgb_light,xgb,12,0.015,0.03,0.6,1302,0.394,-66.94,67.84,0.6,29.2,-7.87,3305.72
base+div,xgb_light,xgb,12,0.015,0.03,0.65,1075,0.402,-55.66,56.74,0.64,24.1,-6.41,4433.94
base+div,xgb_light,xgb,12,0.015,0.03,0.7,828,0.403,-45.78,46.72,0.66,18.5,-5.39,5421.95
base+div,xgb_light,xgb,12,0.02,0.04,0.55,1393,0.405,-67.8,68.69,0.6,31.2,-7.56,3219.68
base+div,xgb_light,xgb,12,0.02,0.04,0.6,1183,0.401,-62.21,62.97,0.61,26.5,-6.97,3778.53
base+div,xgb_light,xgb,12,0.02,0.04,0.65,972,0.424,-48.78,49.87,0.67,21.8,-5.21,5122.17
base+div,xgb_light,xgb,12,0.02,0.04,0.7,741,0.425,-42.11,43.47,0.68,16.6,-4.61,5789.49
base+div,xgb_std,xgb,6,0.01,0.02,0.55,1889,0.334,-79.72,79.78,0.49,42.3,-12.83,2027.78
base+div,xgb_std,xgb,6,0.01,0.02,0.6,1556,0.343,-72.35,72.65,0.51,34.9,-11.51,2765.23
base+div,xgb_std,xgb,6,0.01,0.02,0.65,1271,0.348,-65.1,65.17,0.52,28.5,-10.5,3489.92
base+div,xgb_std,xgb,6,0.01,0.02,0.7,975,0.344,-56.16,56.16,0.53,21.8,-9.18,4384.2
base+div,xgb_std,xgb,6,0.015,0.03,0.55,1665,0.353,-73.6,73.65,0.52,37.3,-10.38,2640.09
base+div,xgb_std,xgb,6,0.015,0.03,0.6,1354,0.366,-64.72,64.99,0.55,30.3,-9.1,3528.48
base+div,xgb_std,xgb,6,0.015,0.03,0.65,1093,0.371,-56.39,56.39,0.56,24.5,-7.99,4361.19
base+div,xgb_std,xgb,6,0.015,0.03,0.7,830,0.37,-47.88,48.1,0.58,18.6,-6.79,5212.18
base+div,xgb_std,xgb,6,0.02,0.04,0.55,1587,0.357,-70.37,70.37,0.53,35.5,-9.56,2962.6
base+div,xgb_std,xgb,6,0.02,0.04,0.6,1284,0.371,-62.08,62.27,0.56,28.8,-8.27,3791.72
base+div,xgb_std,xgb,6,0.02,0.04,0.65,1033,0.383,-53.46,53.46,0.57,23.1,-7.1,4654.0
base+div,xgb_std,xgb,6,0.02,0.04,0.7,778,0.378,-45.34,45.55,0.59,17.4,-6.03,5465.59
base+div,xgb_std,xgb,8,0.01,0.02,0.55,1721,0.336,-79.07,79.07,0.5,38.6,-12.39,2092.59
base+div,xgb_std,xgb,8,0.01,0.02,0.6,1416,0.338,-71.39,71.39,0.52,31.7,-11.05,2861.26
base+div,xgb_std,xgb,8,0.01,0.02,0.65,1167,0.344,-63.48,63.84,0.55,26.1,-9.56,3651.57
base+div,xgb_std,xgb,8,0.01,0.02,0.7,908,0.33,-55.93,56.01,0.54,20.3,-8.74,4407.3
base+div,xgb_std,xgb,8,0.015,0.03,0.55,1432,0.369,-69.78,70.51,0.54,32.1,-9.6,3021.89
base+div,xgb_std,xgb,8,0.015,0.03,0.6,1156,0.37,-63.31,63.78,0.54,25.9,-8.81,3668.96
base+div,xgb_std,xgb,8,0.015,0.03,0.65,958,0.368,-56.25,56.55,0.56,21.5,-7.75,4375.43
base+div,xgb_std,xgb,8,0.015,0.03,0.7,742,0.354,-51.35,51.7,0.54,16.6,-7.47,4864.83
base+div,xgb_std,xgb,8,0.02,0.04,0.55,1336,0.382,-66.39,66.76,0.54,29.9,-8.77,3360.92
base+div,xgb_std,xgb,8,0.02,0.04,0.6,1084,0.383,-61.03,61.31,0.54,24.3,-8.04,3897.13
base+div,xgb_std,xgb,8,0.02,0.04,0.65,886,0.377,-52.37,52.37,0.57,19.8,-6.81,4763.31
base+div,xgb_std,xgb,8,0.02,0.04,0.7,681,0.369,-46.58,46.58,0.56,15.3,-6.34,5341.91
base+div,xgb_std,xgb,12,0.01,0.02,0.55,1792,0.352,-76.68,77.31,0.58,40.1,-10.01,2332.15
base+div,xgb_std,xgb,12,0.01,0.02,0.6,1519,0.355,-68.35,68.35,0.6,34.0,-9.06,3165.2
base+div,xgb_std,xgb,12,0.01,0.02,0.65,1241,0.35,-62.08,62.24,0.6,27.8,-8.53,3791.82
base+div,xgb_std,xgb,12,0.01,0.02,0.7,949,0.345,-54.84,55.22,0.59,21.3,-7.92,4515.97
base+div,xgb_std,xgb,12,0.015,0.03,0.55,1418,0.389,-67.22,68.42,0.61,31.8,-7.63,3277.65
base+div,xgb_std,xgb,12,0.015,0.03,0.6,1201,0.403,-55.92,56.6,0.66,26.9,-6.3,4408.5
base+div,xgb_std,xgb,12,0.015,0.03,0.65,984,0.395,-51.54,51.94,0.64,22.0,-6.11,4846.47
base+div,xgb_std,xgb,12,0.015,0.03,0.7,741,0.393,-43.86,45.77,0.64,16.6,-5.58,5613.8
base+div,xgb_std,xgb,12,0.02,0.04,0.55,1297,0.396,-65.14,66.37,0.61,29.1,-7.06,3486.08
base+div,xgb_std,xgb,12,0.02,0.04,0.6,1107,0.409,-55.02,55.75,0.65,24.8,-5.97,4498.31
base+div,xgb_std,xgb,12,0.02,0.04,0.65,901,0.411,-47.84,48.5,0.66,20.2,-5.29,5216.48
base+div,xgb_std,xgb,12,0.02,0.04,0.7,671,0.402,-40.77,41.93,0.65,15.0,-4.78,5923.04
base+div,xgb_deep,xgb,6,0.01,0.02,0.55,1389,0.343,-67.07,67.07,0.52,31.1,-10.82,3292.89
base+div,xgb_deep,xgb,6,0.01,0.02,0.6,1144,0.342,-60.52,60.52,0.52,25.6,-9.96,3948.19
base+div,xgb_deep,xgb,6,0.01,0.02,0.65,905,0.349,-53.21,53.21,0.52,20.3,-9.05,4679.47
base+div,xgb_deep,xgb,6,0.01,0.02,0.7,666,0.335,-45.46,45.65,0.51,14.9,-8.31,5453.53
base+div,xgb_deep,xgb,6,0.015,0.03,0.55,1218,0.365,-60.66,60.66,0.54,27.3,-8.68,3933.69
base+div,xgb_deep,xgb,6,0.015,0.03,0.6,997,0.369,-53.68,53.68,0.55,22.3,-7.95,4631.51
base+div,xgb_deep,xgb,6,0.015,0.03,0.65,787,0.376,-44.99,45.0,0.56,17.6,-6.86,5501.37
base+div,xgb_deep,xgb,6,0.015,0.03,0.7,578,0.367,-36.66,38.29,0.58,12.9,-5.69,6334.06
base+div,xgb_deep,xgb,6,0.02,0.04,0.55,1153,0.372,-56.4,56.4,0.57,25.8,-7.47,4360.1
base+div,xgb_deep,xgb,6,0.02,0.04,0.6,943,0.379,-49.09,49.09,0.58,21.1,-6.59,5091.26
base+div,xgb_deep,xgb,6,0.02,0.04,0.65,744,0.387,-41.78,42.11,0.59,16.7,-5.72,5821.59
base+div,xgb_deep,xgb,6,0.02,0.04,0.7,536,0.384,-32.24,35.69,0.63,12.0,-4.48,6776.32
base+div,xgb_deep,xgb,8,0.01,0.02,0.55,1240,0.357,-61.32,61.53,0.57,27.8,-8.98,3867.83
base+div,xgb_deep,xgb,8,0.01,0.02,0.6,1003,0.341,-55.87,55.87,0.57,22.5,-8.48,4412.64
base+div,xgb_deep,xgb,8,0.01,0.02,0.65,797,0.345,-48.67,48.67,0.56,17.9,-7.78,5132.71
base+div,xgb_deep,xgb,8,0.01,0.02,0.7,594,0.323,-42.75,42.83,0.55,13.3,-7.18,5724.81
base+div,xgb_deep,xgb,8,0.015,0.03,0.55,1031,0.392,-52.65,53.32,0.59,23.1,-7.18,4734.81
base+div,xgb_deep,xgb,8,0.015,0.03,0.6,829,0.376,-46.6,46.96,0.6,18.6,-6.48,5339.75
base+div,xgb_deep,xgb,8,0.015,0.03,0.65,654,0.393,-38.37,38.37,0.61,14.6,-5.61,6162.51
base+div,xgb_deep,xgb,8,0.015,0.03,0.7,477,0.371,-34.72,34.81,0.58,10.7,-5.43,6528.36
base+div,xgb_deep,xgb,8,0.02,0.04,0.55,971,0.405,-51.23,52.01,0.59,21.8,-6.58,4876.61
base+div,xgb_deep,xgb,8,0.02,0.04,0.6,777,0.391,-43.63,44.08,0.62,17.4,-5.6,5636.66
base+div,xgb_deep,xgb,8,0.02,0.04,0.65,616,0.403,-36.98,36.98,0.62,13.8,-4.95,6301.97
base+div,xgb_deep,xgb,8,0.02,0.04,0.7,442,0.391,-31.1,31.2,0.61,9.9,-4.38,6889.79
base+div,xgb_deep,xgb,12,0.01,0.02,0.55,1311,0.355,-66.33,66.44,0.58,29.4,-9.13,3366.92
base+div,xgb_deep,xgb,12,0.01,0.02,0.6,1061,0.353,-57.5,57.9,0.6,23.8,-8.12,4249.67
base+div,xgb_deep,xgb,12,0.01,0.02,0.65,836,0.349,-51.37,51.62,0.58,18.7,-7.73,4862.65
base+div,xgb_deep,xgb,12,0.01,0.02,0.7,600,0.352,-39.52,40.24,0.6,13.4,-6.19,6048.25
base+div,xgb_deep,xgb,12,0.015,0.03,0.55,1026,0.397,-54.95,56.25,0.62,23.0,-6.72,4504.5
base+div,xgb_deep,xgb,12,0.015,0.03,0.6,842,0.4,-48.02,49.9,0.63,18.9,-5.94,5198.16
base+div,xgb_deep,xgb,12,0.015,0.03,0.65,661,0.407,-37.58,39.64,0.66,14.8,-4.79,6242.29
base+div,xgb_deep,xgb,12,0.015,0.03,0.7,480,0.406,-30.06,31.76,0.66,10.8,-4.11,6993.64
base+div,xgb_deep,xgb,12,0.02,0.04,0.55,944,0.41,-51.57,53.15,0.63,21.1,-5.99,4843.25
base+div,xgb_deep,xgb,12,0.02,0.04,0.6,762,0.421,-44.55,46.83,0.64,17.1,-5.2,5544.72
base+div,xgb_deep,xgb,12,0.02,0.04,0.65,604,0.425,-36.5,39.16,0.66,13.5,-4.33,6350.42
base+div,xgb_deep,xgb,12,0.02,0.04,0.7,433,0.43,-27.5,29.78,0.68,9.7,-3.42,7249.64
base+div,xgb_ens_std,xgb_ensemble,6,0.01,0.02,0.55,1824,0.342,-77.92,77.92,0.51,40.9,-12.33,2208.34
base+div,xgb_ens_std,xgb_ensemble,6,0.01,0.02,0.6,1714,0.348,-74.63,74.63,0.52,38.4,-11.59,2536.63
base+div,xgb_ens_std,xgb_ensemble,6,0.01,0.02,0.65,1619,0.342,-74.35,74.42,0.51,36.3,-11.77,2565.34
base+div,xgb_ens_std,xgb_ensemble,6,0.01,0.02,0.7,1494,0.353,-71.32,71.32,0.51,33.5,-11.36,2868.49
base+div,xgb_ens_std,xgb_ensemble,6,0.015,0.03,0.55,1583,0.367,-70.4,70.49,0.54,35.5,-9.8,2960.18
base+div,xgb_ens_std,xgb_ensemble,6,0.015,0.03,0.6,1485,0.374,-67.02,67.05,0.56,33.3,-9.2,3298.01
base+div,xgb_ens_std,xgb_ensemble,6,0.015,0.03,0.65,1391,0.372,-66.44,66.51,0.54,31.2,-9.38,3355.81
base+div,xgb_ens_std,xgb_ensemble,6,0.015,0.03,0.7,1285,0.376,-64.73,64.73,0.53,28.8,-9.26,3527.06
base+div,xgb_ens_std,xgb_ensemble,6,0.02,0.04,0.55,1510,0.372,-67.16,67.19,0.56,33.8,-8.76,3283.64
base+div,xgb_ens_std,xgb_ensemble,6,0.02,0.04,0.6,1415,0.38,-63.2,63.2,0.58,31.7,-8.14,3679.7
base+div,xgb_ens_std,xgb_ensemble,6,0.02,0.04,0.65,1324,0.381,-63.37,63.37,0.56,29.7,-8.42,3663.24
base+div,xgb_ens_std,xgb_ensemble,6,0.02,0.04,0.7,1215,0.384,-59.69,59.69,0.57,27.2,-7.85,4030.88
base+div,xgb_ens_std,xgb_ensemble,8,0.01,0.02,0.55,1735,0.342,-78.34,78.37,0.51,38.9,-12.0,2166.27
base+div,xgb_ens_std,xgb_ensemble,8,0.01,0.02,0.6,1634,0.348,-74.92,75.03,0.53,36.6,-11.27,2508.44
base+div,xgb_ens_std,xgb_ensemble,8,0.01,0.02,0.65,1502,0.348,-71.74,71.96,0.54,33.6,-10.54,2826.42
base+div,xgb_ens_std,xgb_ensemble,8,0.01,0.02,0.7,1373,0.353,-67.93,68.09,0.55,30.8,-9.95,3206.7
base+div,xgb_ens_std,xgb_ensemble,8,0.015,0.03,0.55,1434,0.376,-70.16,70.84,0.54,32.1,-9.58,2983.53
base+div,xgb_ens_std,xgb_ensemble,8,0.015,0.03,0.6,1345,0.381,-66.89,67.62,0.55,30.1,-9.05,3310.81
base+div,xgb_ens_std,xgb_ensemble,8,0.015,0.03,0.65,1240,0.381,-63.87,64.53,0.56,27.8,-8.52,3613.0
base+div,xgb_ens_std,xgb_ensemble,8,0.015,0.03,0.7,1129,0.383,-59.27,60.19,0.58,25.3,-7.86,4073.08
base+div,xgb_ens_std,xgb_ensemble,8,0.02,0.04,0.55,1339,0.388,-65.84,66.44,0.55,30.0,-8.55,3416.21
base+div,xgb_ens_std,xgb_ensemble,8,0.02,0.04,0.6,1252,0.394,-63.82,64.25,0.55,28.0,-8.26,3617.5
base+div,xgb_ens_std,xgb_ensemble,8,0.02,0.04,0.65,1153,0.391,-60.76,61.26,0.56,25.8,-7.7,3924.26
base+div,xgb_ens_std,xgb_ensemble,8,0.02,0.04,0.7,1057,0.393,-57.57,58.46,0.57,23.7,-7.23,4243.45
base+div,xgb_ens_std,xgb_ensemble,12,0.01,0.02,0.55,1672,0.355,-74.08,75.15,0.6,37.5,-9.44,2591.57
base+div,xgb_ens_std,xgb_ensemble,12,0.01,0.02,0.6,1570,0.355,-72.27,73.08,0.6,35.2,-9.2,2773.35
base+div,xgb_ens_std,xgb_ensemble,12,0.01,0.02,0.65,1447,0.352,-69.46,69.75,0.59,32.4,-9.27,3053.99
base+div,xgb_ens_std,xgb_ensemble,12,0.01,0.02,0.7,1334,0.353,-63.96,64.19,0.61,29.9,-8.5,3604.42
base+div,xgb_ens_std,xgb_ensemble,12,0.015,0.03,0.55,1303,0.392,-65.64,67.37,0.61,29.2,-7.46,3436.38
base+div,xgb_ens_std,xgb_ensemble,12,0.015,0.03,0.6,1226,0.395,-62.55,64.25,0.63,27.5,-7.0,3745.38
base+div,xgb_ens_std,xgb_ensemble,12,0.015,0.03,0.65,1130,0.397,-58.02,59.31,0.63,25.3,-6.73,4197.65
base+div,xgb_ens_std,xgb_ensemble,12,0.015,0.03,0.7,1035,0.405,-53.03,54.58,0.65,23.2,-6.17,4697.27
base+div,xgb_ens_std,xgb_ensemble,12,0.02,0.04,0.55,1185,0.399,-60.77,62.71,0.63,26.5,-6.54,3922.94
base+div,xgb_ens_std,xgb_ensemble,12,0.02,0.04,0.6,1119,0.405,-58.68,60.41,0.64,25.1,-6.16,4131.88
base+div,xgb_ens_std,xgb_ensemble,12,0.02,0.04,0.65,1027,0.407,-54.4,55.74,0.64,23.0,-5.87,4560.35
base+div,xgb_ens_std,xgb_ensemble,12,0.02,0.04,0.7,942,0.412,-49.33,51.88,0.66,21.1,-5.36,5066.69
base+div,rf_light,rf,6,0.01,0.02,0.55,1824,0.347,-79.65,79.74,0.49,40.9,-13.08,2034.81
base+div,rf_light,rf,6,0.01,0.02,0.6,1341,0.345,-70.94,71.32,0.49,30.0,-11.75,2906.22
base+div,rf_light,rf,6,0.01,0.02,0.65,878,0.358,-51.87,52.99,0.56,19.7,-8.22,4813.31
base+div,rf_light,rf,6,0.01,0.02,0.7,507,0.367,-34.22,35.06,0.6,11.4,-5.76,6578.19
base+div,rf_light,rf,6,0.015,0.03,0.55,1551,0.366,-72.92,73.24,0.51,34.7,-10.67,2707.6
base+div,rf_light,rf,6,0.015,0.03,0.6,1112,0.365,-62.52,63.32,0.52,24.9,-9.26,3748.32
base+div,rf_light,rf,6,0.015,0.03,0.65,713,0.386,-40.47,41.6,0.62,16.0,-5.68,5953.4
base+div,rf_light,rf,6,0.015,0.03,0.7,397,0.411,-26.98,29.59,0.64,8.9,-4.09,7301.87
base+div,rf_light,rf,6,0.02,0.04,0.55,1470,0.373,-72.74,72.92,0.5,32.9,-10.21,2725.54
base+div,rf_light,rf,6,0.02,0.04,0.6,1035,0.386,-58.83,59.64,0.53,23.2,-8.23,4117.19
base+div,rf_light,rf,6,0.02,0.04,0.65,670,0.407,-38.05,40.14,0.63,15.0,-4.98,6195.49
base+div,rf_light,rf,6,0.02,0.04,0.7,361,0.44,-24.69,27.98,0.66,8.1,-3.45,7530.98
base+div,rf_light,rf,8,0.01,0.02,0.55,1847,0.341,-79.41,79.45,0.54,41.4,-11.64,2059.22
base+div,rf_light,rf,8,0.01,0.02,0.6,1365,0.344,-67.88,68.12,0.56,30.6,-9.85,3211.83
base+div,rf_light,rf,8,0.01,0.02,0.65,853,0.361,-45.49,48.12,0.64,19.1,-6.36,5450.65
base+div,rf_light,rf,8,0.01,0.02,0.7,469,0.343,-30.82,32.03,0.63,10.5,-4.96,6918.31
base+div,rf_light,rf,8,0.015,0.03,0.55,1495,0.377,-71.19,71.49,0.56,33.5,-9.31,2880.78
base+div,rf_light,rf,8,0.015,0.03,0.6,1077,0.387,-58.66,59.88,0.58,24.1,-7.65,4134.07
base+div,rf_light,rf,8,0.015,0.03,0.65,651,0.413,-35.62,39.51,0.67,14.6,-4.61,6437.63
base+div,rf_light,rf,8,0.015,0.03,0.7,342,0.389,-22.35,25.5,0.68,7.7,-3.32,7764.7
base+div,rf_light,rf,8,0.02,0.04,0.55,1409,0.378,-70.61,70.99,0.55,31.6,-8.77,2939.14
base+div,rf_light,rf,8,0.02,0.04,0.6,1000,0.402,-55.84,56.74,0.59,22.4,-6.89,4416.2
base+div,rf_light,rf,8,0.02,0.04,0.65,598,0.421,-34.45,39.9,0.67,13.4,-4.17,6555.49
base+div,rf_light,rf,8,0.02,0.04,0.7,309,0.44,-17.44,22.41,0.74,6.9,-2.32,8255.95
base+div,rf_light,rf,12,0.01,0.02,0.55,1693,0.35,-75.97,76.68,0.58,37.9,-10.03,2403.43
base+div,rf_light,rf,12,0.01,0.02,0.6,1287,0.349,-65.79,66.08,0.6,28.8,-8.87,3420.89
base+div,rf_light,rf,12,0.01,0.02,0.65,797,0.351,-47.72,49.14,0.62,17.9,-6.75,5227.8
base+div,rf_light,rf,12,0.01,0.02,0.7,406,0.362,-24.54,29.37,0.68,9.1,-3.94,7546.01
base+div,rf_light,rf,12,0.015,0.03,0.55,1285,0.389,-65.86,67.21,0.61,28.8,-7.63,3413.86
base+div,rf_light,rf,12,0.015,0.03,0.6,952,0.391,-53.71,55.12,0.63,21.3,-6.34,4629.33
base+div,rf_light,rf,12,0.015,0.03,0.65,566,0.406,-35.58,39.14,0.66,12.7,-4.53,6442.19
base+div,rf_light,rf,12,0.015,0.03,0.7,272,0.408,-18.21,22.54,0.71,6.1,-2.73,8178.92
base+div,rf_light,rf,12,0.02,0.04,0.55,1161,0.409,-59.92,61.75,0.63,26.0,-6.44,4007.67
base+div,rf_light,rf,12,0.02,0.04,0.6,853,0.404,-50.46,51.83,0.64,19.1,-5.63,4953.8
base+div,rf_light,rf,12,0.02,0.04,0.65,503,0.427,-32.08,37.33,0.68,11.3,-3.79,6792.37
base+div,rf_light,rf,12,0.02,0.04,0.7,244,0.398,-19.79,23.81,0.68,5.5,-2.75,8020.73
base+div,rf_std,rf,6,0.01,0.02,0.55,890,0.364,-50.85,52.1,0.57,19.9,-8.05,4915.48
base+div,rf_std,rf,6,0.01,0.02,0.6,586,0.36,-37.42,40.57,0.59,13.1,-6.24,6257.66
base+div,rf_std,rf,6,0.01,0.02,0.65,375,0.347,-27.81,29.49,0.6,8.4,-4.99,7219.18
base+div,rf_std,rf,6,0.01,0.02,0.7,240,0.342,-19.14,20.5,0.6,5.4,-3.94,8086.02
base+div,rf_std,rf,6,0.015,0.03,0.55,727,0.395,-41.83,43.81,0.61,16.3,-5.94,5816.55
base+div,rf_std,rf,6,0.015,0.03,0.6,465,0.383,-29.91,34.27,0.63,10.4,-4.53,7008.83
base+div,rf_std,rf,6,0.015,0.03,0.65,293,0.382,-25.26,26.8,0.6,6.6,-4.07,7473.98
base+div,rf_std,rf,6,0.015,0.03,0.7,176,0.409,-12.75,15.95,0.69,3.9,-2.31,8724.77
base+div,rf_std,rf,6,0.02,0.04,0.55,676,0.413,-38.71,41.82,0.63,15.1,-5.1,6128.63
base+div,rf_std,rf,6,0.02,0.04,0.6,428,0.421,-26.56,32.39,0.66,9.6,-3.71,7344.27
base+div,rf_std,rf,6,0.02,0.04,0.65,259,0.425,-19.78,22.28,0.67,5.8,-2.89,8021.83
base+div,rf_std,rf,6,0.02,0.04,0.7,156,0.436,-12.06,15.88,0.71,3.5,-1.96,8793.86
base+div,rf_std,rf,8,0.01,0.02,0.55,1022,0.348,-55.92,56.27,0.59,22.9,-8.01,4407.83
base+div,rf_std,rf,8,0.01,0.02,0.6,662,0.352,-40.68,41.36,0.61,14.8,-6.24,5932.41
base+div,rf_std,rf,8,0.01,0.02,0.65,401,0.307,-31.39,32.24,0.58,9.0,-5.49,6860.98
base+div,rf_std,rf,8,0.01,0.02,0.7,264,0.284,-26.14,26.76,0.53,5.9,-5.34,7386.26
base+div,rf_std,rf,8,0.015,0.03,0.55,798,0.393,-47.51,48.23,0.6,17.9,-6.33,5248.83
base+div,rf_std,rf,8,0.015,0.03,0.6,508,0.398,-32.47,33.84,0.64,11.4,-4.6,6752.51
base+div,rf_std,rf,8,0.015,0.03,0.65,287,0.359,-23.29,25.64,0.63,6.4,-3.65,7671.23
base+div,rf_std,rf,8,0.015,0.03,0.7,177,0.345,-16.64,20.12,0.63,4.0,-2.97,8335.66
base+div,rf_std,rf,8,0.02,0.04,0.55,735,0.411,-42.89,43.95,0.63,16.5,-5.21,5710.64
base+div,rf_std,rf,8,0.02,0.04,0.6,464,0.427,-30.94,32.51,0.65,10.4,-3.94,6906.22
base+div,rf_std,rf,8,0.02,0.04,0.65,254,0.417,-19.01,22.02,0.69,5.7,-2.68,8098.76
base+div,rf_std,rf,8,0.02,0.04,0.7,157,0.363,-17.52,20.79,0.6,3.5,-2.91,8247.93
base+div,rf_std,rf,12,0.01,0.02,0.55,1140,0.358,-59.28,59.41,0.61,25.5,-8.0,4071.8
base+div,rf_std,rf,12,0.01,0.02,0.6,751,0.368,-41.65,45.51,0.65,16.8,-5.82,5835.27
base+div,rf_std,rf,12,0.01,0.02,0.65,440,0.343,-29.34,31.9,0.64,9.9,-4.74,7066.39
base+div,rf_std,rf,12,0.01,0.02,0.7,282,0.33,-22.11,25.3,0.63,6.3,-4.07,7788.68
base+div,rf_std,rf,12,0.015,0.03,0.55,847,0.398,-48.51,49.64,0.64,19.0,-5.84,5149.12
base+div,rf_std,rf,12,0.015,0.03,0.6,554,0.422,-32.53,37.25,0.69,12.4,-4.08,6746.56
base+div,rf_std,rf,12,0.015,0.03,0.65,303,0.416,-18.55,21.35,0.72,6.8,-2.68,8144.57
base+div,rf_std,rf,12,0.015,0.03,0.7,187,0.412,-13.48,18.5,0.71,4.2,-2.21,8651.66
base+div,rf_std,rf,12,0.02,0.04,0.55,762,0.421,-43.26,45.51,0.67,17.1,-4.75,5673.99
base+div,rf_std,rf,12,0.02,0.04,0.6,486,0.444,-27.46,33.92,0.73,10.9,-3.1,7253.91
base+div,rf_std,rf,12,0.02,0.04,0.65,268,0.429,-18.88,22.51,0.71,6.0,-2.54,8111.63
base+div,rf_std,rf,12,0.02,0.04,0.7,162,0.42,-13.18,18.23,0.72,3.6,-1.92,8682.12
base+div,rf_deep,rf,6,0.01,0.02,0.55,416,0.358,-28.58,31.21,0.61,9.3,-4.95,7142.27
base+div,rf_deep,rf,6,0.01,0.02,0.6,281,0.32,-25.7,26.51,0.54,6.3,-5.24,7429.85
base+div,rf_deep,rf,6,0.01,0.02,0.65,211,0.294,-23.04,23.66,0.48,4.7,-5.44,7696.27
base+div,rf_deep,rf,6,0.01,0.02,0.7,130,0.323,-13.49,14.42,0.54,2.9,-3.66,8650.51
base+div,rf_deep,rf,6,0.015,0.03,0.55,321,0.396,-22.11,25.34,0.66,7.2,-3.42,7788.9
base+div,rf_deep,rf,6,0.015,0.03,0.6,213,0.371,-21.19,22.82,0.57,4.8,-3.83,7880.59
base+div,rf_deep,rf,6,0.015,0.03,0.65,150,0.353,-17.21,18.52,0.55,3.4,-3.48,8278.87
base+div,rf_deep,rf,6,0.015,0.03,0.7,97,0.412,-8.75,10.54,0.67,2.2,-1.95,9124.79
base+div,rf_deep,rf,6,0.02,0.04,0.55,289,0.439,-17.04,22.06,0.73,6.5,-2.36,8296.45
base+div,rf_deep,rf,6,0.02,0.04,0.6,189,0.413,-18.75,21.08,0.6,4.2,-3.09,8125.1
base+div,rf_deep,rf,6,0.02,0.04,0.65,132,0.409,-13.58,15.5,0.63,3.0,-2.4,8641.79
base+div,rf_deep,rf,6,0.02,0.04,0.7,81,0.444,-7.29,9.83,0.7,1.8,-1.49,9270.65
base+div,rf_deep,rf,8,0.01,0.02,0.55,450,0.338,-29.21,31.1,0.65,10.1,-4.66,7078.58
base+div,rf_deep,rf,8,0.01,0.02,0.6,307,0.303,-26.14,26.95,0.58,6.9,-4.95,7386.28
base+div,rf_deep,rf,8,0.01,0.02,0.65,221,0.281,-23.02,24.48,0.52,5.0,-5.08,7698.03
base+div,rf_deep,rf,8,0.01,0.02,0.7,133,0.308,-12.42,14.07,0.59,3.0,-3.21,8758.01
base+div,rf_deep,rf,8,0.015,0.03,0.55,329,0.401,-19.81,24.28,0.71,7.4,-2.86,8018.55
base+div,rf_deep,rf,8,0.015,0.03,0.6,219,0.374,-16.95,19.95,0.67,4.9,-2.82,8304.54
base+div,rf_deep,rf,8,0.015,0.03,0.65,143,0.329,-15.31,18.67,0.59,3.2,-3.02,8468.76
base+div,rf_deep,rf,8,0.015,0.03,0.7,90,0.344,-9.51,11.68,0.61,2.0,-2.27,9049.22
base+div,rf_deep,rf,8,0.02,0.04,0.55,298,0.45,-17.61,23.3,0.74,6.7,-2.31,8238.88
base+div,rf_deep,rf,8,0.02,0.04,0.6,196,0.408,-17.85,21.46,0.65,4.4,-2.71,8214.81
base+div,rf_deep,rf,8,0.02,0.04,0.65,124,0.363,-14.9,18.18,0.58,2.8,-2.75,8510.43
base+div,rf_deep,rf,8,0.02,0.04,0.7,80,0.412,-6.14,9.98,0.74,1.8,-1.25,9385.83
base+div,rf_deep,rf,12,0.01,0.02,0.55,624,0.351,-36.85,40.89,0.65,14.0,-5.37,6315.08
base+div,rf_deep,rf,12,0.01,0.02,0.6,395,0.334,-29.56,31.82,0.62,8.8,-4.92,7043.81
base+div,rf_deep,rf,12,0.01,0.02,0.65,263,0.327,-21.85,25.58,0.6,5.9,-4.31,7814.62
base+div,rf_deep,rf,12,0.01,0.02,0.7,185,0.292,-18.07,20.47,0.57,4.1,-3.99,8192.96
base+div,rf_deep,rf,12,0.015,0.03,0.55,446,0.408,-26.36,31.52,0.71,10.0,-3.41,7363.76
base+div,rf_deep,rf,12,0.015,0.03,0.6,275,0.418,-16.33,23.02,0.74,6.2,-2.37,8366.85
base+div,rf_deep,rf,12,0.015,0.03,0.65,175,0.4,-14.74,19.77,0.66,3.9,-2.61,8526.13
base+div,rf_deep,rf,12,0.015,0.03,0.7,122,0.385,-10.44,14.06,0.7,2.7,-1.98,8956.5
base+div,rf_deep,rf,12,0.02,0.04,0.55,399,0.421,-27.03,32.13,0.69,8.9,-3.25,7296.84
base+div,rf_deep,rf,12,0.02,0.04,0.6,246,0.431,-18.47,24.8,0.71,5.5,-2.46,8152.85
base+div,rf_deep,rf,12,0.02,0.04,0.65,152,0.408,-14.27,20.7,0.67,3.4,-2.28,8572.91
base+div,rf_deep,rf,12,0.02,0.04,0.7,106,0.415,-9.26,12.72,0.73,2.4,-1.57,9074.03
all,xgb_light,xgb,6,0.01,0.02,0.55,2195,0.337,-83.53,83.54,0.5,49.2,-13.26,1646.71
all,xgb_light,xgb,6,0.01,0.02,0.6,1824,0.346,-78.38,78.38,0.51,40.9,-12.23,2162.15
all,xgb_light,xgb,6,0.01,0.02,0.65,1472,0.344,-69.98,69.98,0.53,33.0,-10.62,3002.31
all,xgb_light,xgb,6,0.01,0.02,0.7,1150,0.34,-64.57,64.57,0.5,25.8,-10.66,3542.54
all,xgb_light,xgb,6,0.015,0.03,0.55,1908,0.355,-78.27,78.28,0.52,42.7,-11.12,2172.79
all,xgb_light,xgb,6,0.015,0.03,0.6,1569,0.363,-72.92,72.92,0.53,35.1,-10.19,2707.62
all,xgb_light,xgb,6,0.015,0.03,0.65,1239,0.375,-61.58,61.58,0.57,27.8,-8.19,3842.21
all,xgb_light,xgb,6,0.015,0.03,0.7,946,0.372,-54.79,54.86,0.54,21.2,-7.98,4520.53
all,xgb_light,xgb,6,0.02,0.04,0.55,1825,0.362,-75.4,75.41,0.53,40.9,-10.02,2460.06
all,xgb_light,xgb,6,0.02,0.04,0.6,1492,0.368,-69.92,69.92,0.54,33.4,-9.13,3008.11
all,xgb_light,xgb,6,0.02,0.04,0.65,1173,0.384,-58.34,58.34,0.59,26.3,-7.14,4166.08
all,xgb_light,xgb,6,0.02,0.04,0.7,885,0.377,-51.47,51.68,0.56,19.8,-7.01,4853.12
all,xgb_light,xgb,8,0.01,0.02,0.55,1940,0.345,-80.2,80.2,0.53,43.5,-11.89,1980.43
all,xgb_light,xgb,8,0.01,0.02,0.6,1632,0.346,-75.34,75.34,0.53,36.6,-11.22,2466.24
all,xgb_light,xgb,8,0.01,0.02,0.65,1311,0.351,-65.67,65.67,0.57,29.4,-9.33,3433.18
all,xgb_light,xgb,8,0.01,0.02,0.7,1012,0.359,-54.51,54.51,0.6,22.7,-7.78,4548.74
all,xgb_light,xgb,8,0.015,0.03,0.55,1608,0.368,-74.17,74.58,0.55,36.0,-9.58,2583.46
all,xgb_light,xgb,8,0.015,0.03,0.6,1332,0.383,-66.64,66.64,0.57,29.8,-8.64,3336.13
all,xgb_light,xgb,8,0.015,0.03,0.65,1053,0.385,-55.9,56.31,0.6,23.6,-7.12,4410.06
all,xgb_light,xgb,8,0.015,0.03,0.7,795,0.395,-44.07,44.37,0.64,17.8,-5.65,5592.91
all,xgb_light,xgb,8,0.02,0.04,0.55,1502,0.378,-72.1,72.61,0.55,33.6,-8.92,2789.57
all,xgb_light,xgb,8,0.02,0.04,0.6,1244,0.394,-65.2,65.45,0.56,27.9,-8.08,3480.17
all,xgb_light,xgb,8,0.02,0.04,0.65,987,0.401,-55.07,55.24,0.6,22.1,-6.63,4492.87
all,xgb_light,xgb,8,0.02,0.04,0.7,732,0.406,-42.81,43.81,0.64,16.4,-5.15,5719.04
all,xgb_light,xgb,12,0.01,0.02,0.55,1573,0.352,-73.63,73.71,0.58,35.2,-10.01,2637.08
all,xgb_light,xgb,12,0.01,0.02,0.6,1335,0.358,-66.59,67.35,0.6,29.9,-8.83,3340.9
all,xgb_light,xgb,12,0.01,0.02,0.65,1085,0.365,-58.06,59.02,0.61,24.3,-7.84,4193.69
all,xgb_light,xgb,12,0.01,0.02,0.7,838,0.352,-50.53,52.22,0.6,18.8,-7.27,4946.54
all,xgb_light,xgb,12,0.015,0.03,0.55,1209,0.394,-62.61,63.69,0.62,27.1,-7.29,3738.58
all,xgb_light,xgb,12,0.015,0.03,0.6,1005,0.41,-53.13,55.91,0.65,22.5,-6.07,4687.26
all,xgb_light,xgb,12,0.015,0.03,0.65,815,0.415,-48.39,50.57,0.63,18.3,-5.88,5160.55
all,xgb_light,xgb,12,0.015,0.03,0.7,617,0.405,-42.49,44.81,0.62,13.8,-5.44,5750.6
all,xgb_light,xgb,12,0.02,0.04,0.55,1096,0.401,-59.32,60.33,0.62,24.6,-6.64,4067.89
all,xgb_light,xgb,12,0.02,0.04,0.6,905,0.424,-47.61,51.76,0.67,20.3,-5.06,5238.73
all,xgb_light,xgb,12,0.02,0.04,0.65,729,0.436,-41.29,44.94,0.68,16.3,-4.6,5870.78
all,xgb_light,xgb,12,0.02,0.04,0.7,550,0.424,-38.02,41.48,0.65,12.3,-4.46,6197.67
all,xgb_std,xgb,6,0.01,0.02,0.55,1429,0.352,-69.34,69.43,0.52,32.0,-10.79,3065.89
all,xgb_std,xgb,6,0.01,0.02,0.6,1170,0.356,-63.29,63.34,0.52,26.2,-10.19,3671.36
all,xgb_std,xgb,6,0.01,0.02,0.65,939,0.347,-56.3,56.99,0.52,21.0,-9.28,4370.48
all,xgb_std,xgb,6,0.01,0.02,0.7,716,0.362,-45.51,46.27,0.56,16.0,-7.42,5449.07
all,xgb_std,xgb,6,0.015,0.03,0.55,1232,0.377,-59.34,59.59,0.58,27.6,-7.97,4066.19
all,xgb_std,xgb,6,0.015,0.03,0.6,994,0.382,-52.06,52.62,0.59,22.3,-7.16,4793.85
all,xgb_std,xgb,6,0.015,0.03,0.65,777,0.38,-44.22,45.22,0.59,17.4,-6.21,5577.72
all,xgb_std,xgb,6,0.015,0.03,0.7,583,0.405,-33.29,34.68,0.64,13.1,-4.71,6670.89
all,xgb_std,xgb,6,0.02,0.04,0.55,1161,0.392,-55.67,56.01,0.59,26.0,-6.97,4432.83
all,xgb_std,xgb,6,0.02,0.04,0.6,927,0.398,-48.42,49.04,0.6,20.8,-6.18,5157.89
all,xgb_std,xgb,6,0.02,0.04,0.65,726,0.395,-41.02,41.92,0.61,16.3,-5.31,5897.53
all,xgb_std,xgb,6,0.02,0.04,0.7,542,0.421,-33.6,34.9,0.63,12.1,-4.49,6640.08
all,xgb_std,xgb,8,0.01,0.02,0.55,1384,0.342,-69.34,69.34,0.55,31.0,-10.17,3066.01
all,xgb_std,xgb,8,0.01,0.02,0.6,1154,0.355,-61.41,61.41,0.57,25.8,-8.9,3858.99
all,xgb_std,xgb,8,0.01,0.02,0.65,917,0.349,-53.05,54.3,0.58,20.5,-7.78,4695.14
all,xgb_std,xgb,8,0.01,0.02,0.7,722,0.346,-46.04,46.24,0.58,16.2,-7.12,5396.21
all,xgb_std,xgb,8,0.015,0.03,0.55,1127,0.37,-61.05,61.07,0.57,25.2,-8.1,3895.24
all,xgb_std,xgb,8,0.015,0.03,0.6,930,0.388,-52.3,52.3,0.59,20.8,-7.04,4769.8
all,xgb_std,xgb,8,0.015,0.03,0.65,731,0.387,-41.24,42.54,0.63,16.4,-5.48,5876.08
all,xgb_std,xgb,8,0.015,0.03,0.7,578,0.394,-34.39,36.13,0.65,12.9,-4.74,6560.98
all,xgb_std,xgb,8,0.02,0.04,0.55,1055,0.373,-60.88,60.88,0.55,23.6,-7.83,3912.04
all,xgb_std,xgb,8,0.02,0.04,0.6,864,0.403,-49.36,49.65,0.6,19.4,-6.21,5064.32
all,xgb_std,xgb,8,0.02,0.04,0.65,685,0.404,-39.09,40.93,0.65,15.3,-4.77,6091.46
all,xgb_std,xgb,8,0.02,0.04,0.7,532,0.406,-31.87,33.69,0.66,11.9,-4.06,6813.41
all,xgb_std,xgb,12,0.01,0.02,0.55,1219,0.36,-62.05,64.04,0.6,27.3,-8.48,3795.23
all,xgb_std,xgb,12,0.01,0.02,0.6,1028,0.359,-53.69,56.33,0.63,23.0,-7.1,4630.91
all,xgb_std,xgb,12,0.01,0.02,0.65,842,0.357,-47.39,49.54,0.63,18.9,-6.52,5261.34
all,xgb_std,xgb,12,0.01,0.02,0.7,652,0.353,-41.56,44.56,0.62,14.6,-6.15,5844.36
all,xgb_std,xgb,12,0.015,0.03,0.55,935,0.4,-53.47,55.42,0.63,20.9,-6.41,4652.74
all,xgb_std,xgb,12,0.015,0.03,0.6,795,0.401,-48.27,51.34,0.64,17.8,-5.8,5173.04
all,xgb_std,xgb,12,0.015,0.03,0.65,632,0.411,-36.66,41.12,0.69,14.2,-4.35,6333.69
all,xgb_std,xgb,12,0.015,0.03,0.7,484,0.417,-29.99,35.81,0.69,10.8,-3.73,7001.2
all,xgb_std,xgb,12,0.02,0.04,0.55,840,0.412,-48.73,51.68,0.64,18.8,-5.59,5126.55
all,xgb_std,xgb,12,0.02,0.04,0.6,709,0.413,-42.49,45.77,0.67,15.9,-4.69,5751.38
all,xgb_std,xgb,12,0.02,0.04,0.65,567,0.434,-31.84,36.92,0.71,12.7,-3.52,6816.26
all,xgb_std,xgb,12,0.02,0.04,0.7,431,0.436,-26.47,31.87,0.71,9.7,-3.15,7353.41
all,xgb_deep,xgb,6,0.01,0.02,0.55,974,0.348,-56.62,56.86,0.53,21.8,-9.01,4337.69
all,xgb_deep,xgb,6,0.01,0.02,0.6,766,0.363,-47.14,47.39,0.55,17.2,-7.78,5286.17
all,xgb_deep,xgb,6,0.01,0.02,0.65,615,0.363,-41.03,41.21,0.56,13.8,-6.92,5897.14
all,xgb_deep,xgb,6,0.01,0.02,0.7,461,0.351,-35.2,36.09,0.53,10.3,-6.56,6479.8
all,xgb_deep,xgb,6,0.015,0.03,0.55,831,0.385,-43.81,44.18,0.62,18.6,-5.95,5619.3
all,xgb_deep,xgb,6,0.015,0.03,0.6,649,0.402,-34.25,34.97,0.65,14.5,-4.71,6574.64
all,xgb_deep,xgb,6,0.015,0.03,0.65,514,0.407,-28.02,29.13,0.68,11.5,-3.91,7198.16
all,xgb_deep,xgb,6,0.015,0.03,0.7,382,0.401,-26.33,27.78,0.62,8.6,-4.23,7366.77
all,xgb_deep,xgb,6,0.02,0.04,0.55,777,0.391,-43.33,43.61,0.6,17.4,-5.67,5667.01
all,xgb_deep,xgb,6,0.02,0.04,0.6,605,0.413,-33.21,34.35,0.65,13.6,-4.33,6679.26
all,xgb_deep,xgb,6,0.02,0.04,0.65,477,0.417,-27.12,28.45,0.67,10.7,-3.61,7288.22
all,xgb_deep,xgb,6,0.02,0.04,0.7,352,0.412,-23.78,25.25,0.64,7.9,-3.5,7621.65
all,xgb_deep,xgb,8,0.01,0.02,0.55,968,0.351,-54.88,54.88,0.57,21.7,-8.12,4512.39
all,xgb_deep,xgb,8,0.01,0.02,0.6,783,0.347,-48.84,49.18,0.57,17.5,-7.6,5115.92
all,xgb_deep,xgb,8,0.01,0.02,0.65,622,0.328,-44.06,45.17,0.56,13.9,-7.06,5593.8
all,xgb_deep,xgb,8,0.01,0.02,0.7,490,0.345,-35.95,36.01,0.56,11.0,-6.25,6405.01
all,xgb_deep,xgb,8,0.015,0.03,0.55,785,0.394,-44.07,44.82,0.61,17.6,-6.03,5593.21
all,xgb_deep,xgb,8,0.015,0.03,0.6,627,0.399,-35.7,38.25,0.64,14.0,-4.87,6430.22
all,xgb_deep,xgb,8,0.015,0.03,0.65,499,0.379,-33.42,35.79,0.63,11.2,-4.71,6657.99
all,xgb_deep,xgb,8,0.015,0.03,0.7,392,0.395,-29.68,30.39,0.6,8.8,-4.58,7031.76
all,xgb_deep,xgb,8,0.02,0.04,0.55,731,0.406,-41.49,42.48,0.62,16.4,-5.3,5850.89
all,xgb_deep,xgb,8,0.02,0.04,0.6,588,0.41,-34.77,37.81,0.65,13.2,-4.44,6522.53
all,xgb_deep,xgb,8,0.02,0.04,0.65,450,0.391,-31.97,34.21,0.62,10.1,-4.24,6802.68
all,xgb_deep,xgb,8,0.02,0.04,0.7,348,0.402,-27.46,27.74,0.61,7.8,-3.92,7253.62
all,xgb_deep,xgb,12,0.01,0.02,0.55,1154,0.363,-60.14,60.89,0.6,25.8,-8.09,3986.22
all,xgb_deep,xgb,12,0.01,0.02,0.6,965,0.344,-55.44,56.77,0.59,21.6,-7.85,4456.36
all,xgb_deep,xgb,12,0.01,0.02,0.65,785,0.349,-48.01,49.9,0.6,17.6,-7.14,5199.21
all,xgb_deep,xgb,12,0.01,0.02,0.7,585,0.335,-43.41,44.03,0.56,13.1,-7.01,5659.04
all,xgb_deep,xgb,12,0.015,0.03,0.55,898,0.404,-49.67,51.77,0.65,20.1,-5.82,5032.57
all,xgb_deep,xgb,12,0.015,0.03,0.6,736,0.393,-46.06,48.65,0.63,16.5,-5.76,5394.19
all,xgb_deep,xgb,12,0.015,0.03,0.65,601,0.399,-38.7,40.86,0.64,13.5,-4.94,6129.82
all,xgb_deep,xgb,12,0.015,0.03,0.7,456,0.41,-31.57,32.5,0.65,10.2,-4.33,6842.55
all,xgb_deep,xgb,12,0.02,0.04,0.55,807,0.418,-44.99,48.29,0.67,18.1,-4.9,5500.67
all,xgb_deep,xgb,12,0.02,0.04,0.6,657,0.402,-41.0,44.25,0.65,14.7,-4.7,5900.47
all,xgb_deep,xgb,12,0.02,0.04,0.65,541,0.416,-34.61,37.73,0.67,12.1,-4.13,6538.77
all,xgb_deep,xgb,12,0.02,0.04,0.7,404,0.423,-29.44,29.46,0.65,9.0,-3.77,7055.69
all,xgb_ens_std,xgb_ensemble,6,0.01,0.02,0.55,1324,0.338,-68.28,68.32,0.51,29.7,-10.77,3171.54
all,xgb_ens_std,xgb_ensemble,6,0.01,0.02,0.6,1234,0.333,-66.78,66.86,0.5,27.6,-10.75,3322.07
all,xgb_ens_std,xgb_ensemble,6,0.01,0.02,0.65,1162,0.335,-65.56,65.63,0.5,26.0,-10.73,3443.57
all,xgb_ens_std,xgb_ensemble,6,0.01,0.02,0.7,1056,0.344,-61.94,62.01,0.51,23.7,-10.08,3806.29
all,xgb_ens_std,xgb_ensemble,6,0.015,0.03,0.55,1134,0.362,-59.49,59.54,0.56,25.4,-8.1,4051.03
all,xgb_ens_std,xgb_ensemble,6,0.015,0.03,0.6,1052,0.358,-57.75,57.96,0.55,23.6,-7.98,4224.77
all,xgb_ens_std,xgb_ensemble,6,0.015,0.03,0.65,984,0.362,-56.13,56.27,0.55,22.0,-7.88,4387.06
all,xgb_ens_std,xgb_ensemble,6,0.015,0.03,0.7,879,0.381,-50.99,51.35,0.57,19.7,-7.18,4901.48
all,xgb_ens_std,xgb_ensemble,6,0.02,0.04,0.55,1064,0.378,-55.94,55.99,0.58,23.8,-7.11,4405.92
all,xgb_ens_std,xgb_ensemble,6,0.02,0.04,0.6,985,0.373,-54.68,55.21,0.57,22.1,-7.02,4532.28
all,xgb_ens_std,xgb_ensemble,6,0.02,0.04,0.65,917,0.377,-53.25,53.55,0.57,20.5,-6.86,4674.7
all,xgb_ens_std,xgb_ensemble,6,0.02,0.04,0.7,824,0.392,-50.94,51.26,0.56,18.5,-6.8,4906.12
all,xgb_ens_std,xgb_ensemble,8,0.01,0.02,0.55,1328,0.358,-64.73,64.73,0.57,29.7,-9.29,3527.12
all,xgb_ens_std,xgb_ensemble,8,0.01,0.02,0.6,1244,0.356,-62.16,62.16,0.58,27.9,-8.97,3784.01
all,xgb_ens_std,xgb_ensemble,8,0.01,0.02,0.65,1164,0.355,-60.82,60.82,0.57,26.1,-8.81,3918.01
all,xgb_ens_std,xgb_ensemble,8,0.01,0.02,0.7,1074,0.35,-58.74,58.74,0.58,24.1,-8.47,4125.95
all,xgb_ens_std,xgb_ensemble,8,0.015,0.03,0.55,1081,0.389,-54.69,54.96,0.61,24.2,-6.91,4531.01
all,xgb_ens_std,xgb_ensemble,8,0.015,0.03,0.6,1015,0.385,-52.16,52.51,0.61,22.7,-6.65,4784.41
all,xgb_ens_std,xgb_ensemble,8,0.015,0.03,0.65,943,0.394,-48.96,49.3,0.63,21.1,-6.15,5103.81
all,xgb_ens_std,xgb_ensemble,8,0.015,0.03,0.7,861,0.393,-46.96,47.03,0.63,19.3,-5.99,5304.3
all,xgb_ens_std,xgb_ensemble,8,0.02,0.04,0.55,1014,0.409,-52.68,52.99,0.61,22.7,-6.32,4731.89
all,xgb_ens_std,xgb_ensemble,8,0.02,0.04,0.6,944,0.406,-49.7,50.28,0.62,21.1,-6.01,5029.85
all,xgb_ens_std,xgb_ensemble,8,0.02,0.04,0.65,875,0.411,-45.66,46.2,0.64,19.6,-5.43,5433.91
all,xgb_ens_std,xgb_ensemble,8,0.02,0.04,0.7,796,0.41,-42.95,43.95,0.64,17.8,-5.14,5705.34
all,xgb_ens_std,xgb_ensemble,12,0.01,0.02,0.55,1260,0.36,-63.65,65.24,0.6,28.2,-8.63,3635.06
all,xgb_ens_std,xgb_ensemble,12,0.01,0.02,0.6,1182,0.357,-62.4,64.25,0.59,26.5,-8.69,3760.15
all,xgb_ens_std,xgb_ensemble,12,0.01,0.02,0.65,1108,0.357,-60.12,62.48,0.59,24.8,-8.33,3987.82
all,xgb_ens_std,xgb_ensemble,12,0.01,0.02,0.7,1019,0.358,-55.86,57.6,0.61,22.8,-7.7,4413.85
all,xgb_ens_std,xgb_ensemble,12,0.015,0.03,0.55,958,0.405,-54.3,56.35,0.63,21.5,-6.37,4569.79
all,xgb_ens_std,xgb_ensemble,12,0.015,0.03,0.6,900,0.401,-54.18,56.61,0.61,20.2,-6.65,4582.04
all,xgb_ens_std,xgb_ensemble,12,0.015,0.03,0.65,846,0.402,-52.79,55.52,0.61,19.0,-6.4,4721.3
all,xgb_ens_std,xgb_ensemble,12,0.015,0.03,0.7,777,0.402,-47.91,51.11,0.63,17.4,-5.87,5209.18
all,xgb_ens_std,xgb_ensemble,12,0.02,0.04,0.55,875,0.424,-50.16,53.21,0.64,19.6,-5.56,4984.14
all,xgb_ens_std,xgb_ensemble,12,0.02,0.04,0.6,813,0.422,-49.87,52.71,0.63,18.2,-5.7,5012.81
all,xgb_ens_std,xgb_ensemble,12,0.02,0.04,0.65,758,0.42,-47.24,50.48,0.64,17.0,-5.3,5275.78
all,xgb_ens_std,xgb_ensemble,12,0.02,0.04,0.7,694,0.421,-40.09,45.09,0.67,15.5,-4.48,5990.79
all,rf_light,rf,6,0.01,0.02,0.55,1798,0.351,-78.33,78.33,0.5,40.3,-12.54,2166.85
all,rf_light,rf,6,0.01,0.02,0.6,1303,0.355,-66.36,66.73,0.53,29.2,-10.3,3364.04
all,rf_light,rf,6,0.01,0.02,0.65,873,0.373,-47.15,49.72,0.61,19.6,-6.9,5285.04
all,rf_light,rf,6,0.01,0.02,0.7,528,0.364,-35.54,37.61,0.61,11.8,-5.72,6445.8
all,rf_light,rf,6,0.015,0.03,0.55,1530,0.376,-71.89,71.96,0.53,34.3,-10.26,2811.47
all,rf_light,rf,6,0.015,0.03,0.6,1065,0.377,-57.01,57.42,0.57,23.9,-7.93,4299.47
all,rf_light,rf,6,0.015,0.03,0.65,708,0.405,-38.14,40.81,0.66,15.9,-4.98,6186.3
all,rf_light,rf,6,0.015,0.03,0.7,396,0.414,-26.53,29.65,0.66,8.9,-3.82,7347.45
all,rf_light,rf,6,0.02,0.04,0.55,1440,0.385,-68.85,69.13,0.54,32.3,-9.19,3115.32
all,rf_light,rf,6,0.02,0.04,0.6,991,0.4,-53.21,53.78,0.59,22.2,-6.89,4679.25
all,rf_light,rf,6,0.02,0.04,0.65,650,0.429,-35.52,39.98,0.67,14.6,-4.39,6448.35
all,rf_light,rf,6,0.02,0.04,0.7,360,0.442,-24.24,28.86,0.68,8.1,-3.23,7576.0
all,rf_light,rf,8,0.01,0.02,0.55,1845,0.346,-78.51,78.51,0.55,41.3,-11.19,2149.15
all,rf_light,rf,8,0.01,0.02,0.6,1377,0.341,-69.07,69.21,0.56,30.8,-9.76,3092.54
all,rf_light,rf,8,0.01,0.02,0.65,919,0.354,-52.36,53.68,0.6,20.6,-7.57,4763.6
all,rf_light,rf,8,0.01,0.02,0.7,510,0.335,-35.54,37.59,0.61,11.4,-5.52,6445.56
all,rf_light,rf,8,0.015,0.03,0.55,1484,0.377,-70.67,70.95,0.57,33.2,-9.05,2932.68
all,rf_light,rf,8,0.015,0.03,0.6,1068,0.383,-57.05,58.28,0.61,23.9,-7.1,4294.66
all,rf_light,rf,8,0.015,0.03,0.65,691,0.399,-40.29,42.86,0.64,15.5,-5.26,5970.97
all,rf_light,rf,8,0.015,0.03,0.7,365,0.4,-25.5,27.35,0.66,8.2,-3.65,7449.95
all,rf_light,rf,8,0.02,0.04,0.55,1392,0.389,-68.72,69.14,0.57,31.2,-8.23,3128.26
all,rf_light,rf,8,0.02,0.04,0.6,991,0.392,-56.17,57.33,0.6,22.2,-6.61,4383.43
all,rf_light,rf,8,0.02,0.04,0.65,636,0.417,-40.44,43.85,0.63,14.2,-5.01,5955.54
all,rf_light,rf,8,0.02,0.04,0.7,325,0.443,-24.16,27.51,0.67,7.3,-3.22,7583.52
all,rf_light,rf,12,0.01,0.02,0.55,1736,0.353,-76.18,76.5,0.59,38.9,-9.97,2381.84
all,rf_light,rf,12,0.01,0.02,0.6,1325,0.35,-67.98,68.42,0.58,29.7,-9.28,3201.71
all,rf_light,rf,12,0.01,0.02,0.65,894,0.353,-50.27,52.29,0.63,20.0,-6.86,4973.36
all,rf_light,rf,12,0.01,0.02,0.7,497,0.342,-33.52,36.88,0.63,11.1,-5.21,6648.12
all,rf_light,rf,12,0.015,0.03,0.55,1285,0.39,-65.41,66.52,0.62,28.8,-7.49,3459.38
all,rf_light,rf,12,0.015,0.03,0.6,959,0.396,-54.63,55.43,0.63,21.5,-6.42,4536.79
all,rf_light,rf,12,0.015,0.03,0.65,625,0.416,-36.86,40.03,0.68,14.0,-4.52,6313.71
all,rf_light,rf,12,0.015,0.03,0.7,337,0.401,-24.76,30.21,0.67,7.5,-3.45,7524.34
all,rf_light,rf,12,0.02,0.04,0.55,1152,0.398,-61.49,62.93,0.62,25.8,-6.72,3850.98
all,rf_light,rf,12,0.02,0.04,0.6,856,0.401,-49.96,52.05,0.64,19.2,-5.53,5003.83
all,rf_light,rf,12,0.02,0.04,0.65,550,0.431,-33.88,38.02,0.69,12.3,-3.76,6612.12
all,rf_light,rf,12,0.02,0.04,0.7,292,0.414,-24.64,30.55,0.66,6.5,-3.24,7535.57
all,rf_std,rf,6,0.01,0.02,0.55,872,0.372,-49.53,51.97,0.59,19.5,-7.44,5047.29
all,rf_std,rf,6,0.01,0.02,0.6,597,0.357,-39.98,41.3,0.58,13.4,-6.5,6002.36
all,rf_std,rf,6,0.01,0.02,0.65,369,0.336,-30.91,31.97,0.56,8.3,-5.66,6909.14
all,rf_std,rf,6,0.01,0.02,0.7,260,0.3,-26.07,27.95,0.51,5.8,-5.57,7393.49
all,rf_std,rf,6,0.015,0.03,0.55,710,0.408,-37.09,40.32,0.66,15.9,-4.83,6290.76
all,rf_std,rf,6,0.015,0.03,0.6,472,0.403,-30.84,32.53,0.64,10.6,-4.4,6915.83
all,rf_std,rf,6,0.015,0.03,0.65,279,0.387,-22.6,24.92,0.63,6.2,-3.6,7739.73
all,rf_std,rf,6,0.015,0.03,0.7,189,0.354,-18.27,20.93,0.6,4.2,-3.37,8172.59
all,rf_std,rf,6,0.02,0.04,0.55,652,0.436,-33.51,38.45,0.68,14.6,-4.11,6649.2
all,rf_std,rf,6,0.02,0.04,0.6,430,0.428,-30.49,32.94,0.64,9.6,-4.05,6951.26
all,rf_std,rf,6,0.02,0.04,0.65,249,0.41,-22.94,25.6,0.62,5.6,-3.39,7705.63
all,rf_std,rf,6,0.02,0.04,0.7,161,0.391,-17.53,20.99,0.59,3.6,-3.01,8246.77
all,rf_std,rf,8,0.01,0.02,0.55,983,0.353,-53.53,54.2,0.62,22.0,-7.24,4646.61
all,rf_std,rf,8,0.01,0.02,0.6,657,0.353,-38.6,41.12,0.65,14.7,-5.48,6139.61
all,rf_std,rf,8,0.01,0.02,0.65,426,0.329,-31.5,33.26,0.61,9.5,-5.09,6850.34
all,rf_std,rf,8,0.01,0.02,0.7,292,0.308,-24.07,25.44,0.6,6.5,-4.46,7593.48
all,rf_std,rf,8,0.015,0.03,0.55,749,0.401,-41.4,43.29,0.66,16.8,-5.1,5859.83
all,rf_std,rf,8,0.015,0.03,0.6,495,0.416,-28.57,31.56,0.7,11.1,-3.64,7142.96
all,rf_std,rf,8,0.015,0.03,0.65,304,0.391,-22.71,25.16,0.66,6.8,-3.38,7728.94
all,rf_std,rf,8,0.015,0.03,0.7,198,0.369,-15.78,18.62,0.68,4.4,-2.62,8422.22
all,rf_std,rf,8,0.02,0.04,0.55,692,0.416,-41.49,42.95,0.65,15.5,-4.85,5851.05
all,rf_std,rf,8,0.02,0.04,0.6,449,0.448,-26.64,32.51,0.71,10.1,-3.1,7336.1
all,rf_std,rf,8,0.02,0.04,0.65,265,0.4,-22.7,26.19,0.64,5.9,-3.19,7729.74
all,rf_std,rf,8,0.02,0.04,0.7,174,0.385,-16.63,18.97,0.66,3.9,-2.53,8336.88
all,rf_std,rf,12,0.01,0.02,0.55,1126,0.358,-56.99,58.4,0.63,25.2,-7.44,4300.7
all,rf_std,rf,12,0.01,0.02,0.6,775,0.365,-43.13,45.66,0.65,17.4,-5.91,5686.72
all,rf_std,rf,12,0.01,0.02,0.65,499,0.351,-31.63,35.03,0.66,11.2,-4.79,6837.14
all,rf_std,rf,12,0.01,0.02,0.7,296,0.331,-23.69,25.2,0.62,6.6,-4.33,7631.45
all,rf_std,rf,12,0.015,0.03,0.55,819,0.42,-43.51,45.21,0.68,18.3,-4.97,5649.08
all,rf_std,rf,12,0.015,0.03,0.6,568,0.433,-30.82,33.89,0.72,12.7,-3.67,6917.75
all,rf_std,rf,12,0.015,0.03,0.65,345,0.42,-19.06,25.58,0.74,7.7,-2.59,8094.06
all,rf_std,rf,12,0.015,0.03,0.7,197,0.396,-15.5,18.09,0.69,4.4,-2.56,8450.04
all,rf_std,rf,12,0.02,0.04,0.55,730,0.432,-41.89,43.97,0.68,16.4,-4.5,5811.32
all,rf_std,rf,12,0.02,0.04,0.6,498,0.442,-27.48,34.13,0.73,11.2,-3.07,7252.12
all,rf_std,rf,12,0.02,0.04,0.65,307,0.436,-21.16,28.34,0.71,6.9,-2.74,7884.12
all,rf_std,rf,12,0.02,0.04,0.7,168,0.429,-13.72,17.01,0.71,3.8,-2.05,8627.59
all,rf_deep,rf,6,0.01,0.02,0.55,399,0.341,-31.55,33.02,0.57,8.9,-5.66,6844.72
all,rf_deep,rf,6,0.01,0.02,0.6,289,0.318,-25.19,26.9,0.56,6.5,-5.03,7480.52
all,rf_deep,rf,6,0.01,0.02,0.65,215,0.312,-22.52,24.41,0.5,4.8,-5.15,7748.43
all,rf_deep,rf,6,0.01,0.02,0.7,142,0.303,-15.06,16.43,0.53,3.2,-3.96,8493.6
all,rf_deep,rf,6,0.015,0.03,0.55,306,0.379,-25.71,28.25,0.61,6.9,-4.08,7428.93
all,rf_deep,rf,6,0.015,0.03,0.6,212,0.368,-17.64,20.18,0.64,4.7,-3.07,8236.4
all,rf_deep,rf,6,0.015,0.03,0.65,154,0.37,-14.32,17.0,0.63,3.4,-2.78,8567.8
all,rf_deep,rf,6,0.015,0.03,0.7,104,0.394,-8.16,11.26,0.69,2.3,-1.83,9184.32
all,rf_deep,rf,6,0.02,0.04,0.55,275,0.415,-25.03,28.25,0.6,6.2,-3.74,7497.23
all,rf_deep,rf,6,0.02,0.04,0.6,185,0.405,-15.8,19.41,0.66,4.1,-2.53,8420.16
all,rf_deep,rf,6,0.02,0.04,0.65,131,0.427,-12.64,16.07,0.64,2.9,-2.31,8736.17
all,rf_deep,rf,6,0.02,0.04,0.7,92,0.446,-7.4,11.05,0.71,2.1,-1.48,9259.78
all,rf_deep,rf,8,0.01,0.02,0.55,458,0.332,-33.08,34.97,0.61,10.3,-5.29,6692.04
all,rf_deep,rf,8,0.01,0.02,0.6,320,0.294,-30.34,30.48,0.53,7.2,-5.89,6966.35
all,rf_deep,rf,8,0.01,0.02,0.65,226,0.283,-23.52,23.93,0.51,5.1,-5.21,7648.16
all,rf_deep,rf,8,0.01,0.02,0.7,150,0.3,-14.36,16.08,0.57,3.4,-3.57,8564.43
all,rf_deep,rf,8,0.015,0.03,0.55,332,0.395,-22.23,24.99,0.68,7.4,-3.23,7776.74
all,rf_deep,rf,8,0.015,0.03,0.6,222,0.351,-21.22,22.66,0.6,5.0,-3.58,7878.4
all,rf_deep,rf,8,0.015,0.03,0.65,156,0.327,-18.01,19.39,0.57,3.5,-3.44,8198.95
all,rf_deep,rf,8,0.015,0.03,0.7,96,0.354,-9.89,12.7,0.62,2.2,-2.26,9011.1
all,rf_deep,rf,8,0.02,0.04,0.55,295,0.434,-24.42,27.65,0.65,6.6,-3.35,7557.79
all,rf_deep,rf,8,0.02,0.04,0.6,199,0.372,-21.62,23.22,0.59,4.5,-3.33,7837.82
all,rf_deep,rf,8,0.02,0.04,0.65,135,0.348,-17.23,18.58,0.57,3.0,-3.02,8277.01
all,rf_deep,rf,8,0.02,0.04,0.7,82,0.402,-7.52,11.02,0.69,1.8,-1.52,9248.48
all,rf_deep,rf,12,0.01,0.02,0.55,617,0.345,-38.77,41.87,0.63,13.8,-5.79,6123.13
all,rf_deep,rf,12,0.01,0.02,0.6,418,0.337,-30.63,32.48,0.62,9.4,-4.97,6937.22
all,rf_deep,rf,12,0.01,0.02,0.65,279,0.315,-25.4,28.33,0.58,6.2,-4.76,7460.46
all,rf_deep,rf,12,0.01,0.02,0.7,188,0.335,-14.16,17.47,0.66,4.2,-2.95,8583.77
all,rf_deep,rf,12,0.015,0.03,0.55,444,0.405,-27.78,33.1,0.69,9.9,-3.63,7221.64
all,rf_deep,rf,12,0.015,0.03,0.6,288,0.406,-21.01,24.28,0.68,6.5,-3.04,7898.62
all,rf_deep,rf,12,0.015,0.03,0.65,182,0.39,-17.19,21.11,0.65,4.1,-2.92,8280.6
all,rf_deep,rf,12,0.015,0.03,0.7,121,0.438,-6.86,11.68,0.79,2.7,-1.29,9313.99
all,rf_deep,rf,12,0.02,0.04,0.55,395,0.428,-25.41,32.19,0.71,8.8,-3.02,7459.04
all,rf_deep,rf,12,0.02,0.04,0.6,254,0.437,-19.48,23.54,0.7,5.7,-2.59,8051.63
all,rf_deep,rf,12,0.02,0.04,0.65,150,0.413,-13.97,17.62,0.7,3.4,-2.12,8603.21
all,rf_deep,rf,12,0.02,0.04,0.7,100,0.47,-3.67,9.48,0.88,2.2,-0.6,9632.72
